ISO-10303-21;
HEADER;
/* Generated by software containing ST-Developer
 * from STEP Tools, Inc. (www.steptools.com) 
 */

FILE_DESCRIPTION(
/* description */ (''),
/* implementation_level */ '2;1');

FILE_NAME(
/* name */ 'outter plate.step',
/* time_stamp */ '2024-03-16T21:47:01-04:00',
/* author */ (''),
/* organization */ (''),
/* preprocessor_version */ 'ST-DEVELOPER v20',
/* originating_system */ 'Autodesk Translation Framework v12.20.1.177',

/* authorisation */ '');

FILE_SCHEMA (('AUTOMOTIVE_DESIGN { 1 0 10303 214 3 1 1 }'));
ENDSEC;

DATA;
#10=MECHANICAL_DESIGN_GEOMETRIC_PRESENTATION_REPRESENTATION('',(#21),#2843);
#11=ITEM_DEFINED_TRANSFORMATION($,$,#1490,#1675);
#12=ITEM_DEFINED_TRANSFORMATION($,$,#1489,#1676);
#13=(
REPRESENTATION_RELATIONSHIP($,$,#2861,#2860)
REPRESENTATION_RELATIONSHIP_WITH_TRANSFORMATION(#11)
SHAPE_REPRESENTATION_RELATIONSHIP()
);
#14=(
REPRESENTATION_RELATIONSHIP($,$,#2860,#2859)
REPRESENTATION_RELATIONSHIP_WITH_TRANSFORMATION(#12)
SHAPE_REPRESENTATION_RELATIONSHIP()
);
#15=CONTEXT_DEPENDENT_SHAPE_REPRESENTATION(#13,#2857);
#16=CONTEXT_DEPENDENT_SHAPE_REPRESENTATION(#14,#2858);
#17=NEXT_ASSEMBLY_USAGE_OCCURRENCE('Bearing plate (1/2 hex):1',
'Bearing plate (1/2 hex):1','Bearing plate (1/2 hex):1',#2864,#2865,
'Bearing plate (1/2 hex):1');
#18=NEXT_ASSEMBLY_USAGE_OCCURRENCE('9384 odom v28:1','9384 odom v28:1',
'9384 odom v28:1',#2863,#2864,'9384 odom v28:1');
#19=SHAPE_REPRESENTATION_RELATIONSHIP('SRR','None',#2861,#20);
#20=ADVANCED_BREP_SHAPE_REPRESENTATION('',(#22),#2842);
#21=STYLED_ITEM('',(#2879),#22);
#22=MANIFOLD_SOLID_BREP('Body1',#1475);
#23=TOROIDAL_SURFACE('',#1638,0.354330708661417,0.295275590551181);
#24=TOROIDAL_SURFACE('',#1642,0.354330708661417,0.295275590551181);
#25=TOROIDAL_SURFACE('',#1646,0.984251968503937,0.295275590551181);
#26=TOROIDAL_SURFACE('',#1673,0.354330708661423,0.295275590551181);
#27=TOROIDAL_SURFACE('',#1674,0.984251968503937,0.295275590551181);
#28=(
BOUNDED_SURFACE()
B_SPLINE_SURFACE(3,2,((#2294,#2295,#2296),(#2297,#2298,#2299),(#2300,#2301,
#2302),(#2303,#2304,#2305),(#2306,#2307,#2308),(#2309,#2310,#2311)),
 .UNSPECIFIED.,.F.,.F.,.F.)
B_SPLINE_SURFACE_WITH_KNOTS((4,2,4),(3,3),(0.0111029053042472,0.0129995346365593,
0.0148961639688713),(0.,1.00022041888576),.UNSPECIFIED.)
GEOMETRIC_REPRESENTATION_ITEM()
RATIONAL_B_SPLINE_SURFACE(((1.,0.950678492350531,1.00002174278352),(1.,
0.966041130353413,1.00001497035242),(1.,0.978521113458908,1.00000946870448),
(1.,0.995529385392189,1.00000197081578),(1.,1.00003025988147,0.999999986660301),
(1.,1.,1.)))
REPRESENTATION_ITEM('')
SURFACE()
);
#29=(
BOUNDED_SURFACE()
B_SPLINE_SURFACE(2,3,((#2333,#2334,#2335,#2336,#2337,#2338,#2339,#2340,
#2341,#2342,#2343,#2344,#2345,#2346),(#2347,#2348,#2349,#2350,#2351,#2352,
#2353,#2354,#2355,#2356,#2357,#2358,#2359,#2360),(#2361,#2362,#2363,#2364,
#2365,#2366,#2367,#2368,#2369,#2370,#2371,#2372,#2373,#2374)),
 .UNSPECIFIED.,.F.,.F.,.F.)
B_SPLINE_SURFACE_WITH_KNOTS((3,3),(4,2,2,2,2,2,4),(0.,1.00023564284811),
(2.33563762937994,2.55436548226118,2.7728576922943,2.99134990232743,3.100596007344,
3.15521905985228,3.21007775520867),.UNSPECIFIED.)
GEOMETRIC_REPRESENTATION_ITEM()
RATIONAL_B_SPLINE_SURFACE(((1.,1.,1.,1.,1.,1.,1.,1.,1.,1.,1.,1.,1.,0.999999999999999),
(0.950703939577783,0.942598932382108,0.933763874254308,0.91349553783408,
0.902142642497713,0.874515339179706,0.858728341472038,0.824094762546556,
0.810758733325848,0.783656443147213,0.773442091642638,0.748099488174914,
0.733280756531413,0.711081272787279),(1.00002323252816,1.00002705230212,
1.00003121613864,1.00004076831568,1.00004611877286,1.00005913912574,1.00006657931195,
1.0000829016223,1.00008918670212,1.00010195962382,1.00010677350158,1.0001187171081,
1.00012570096436,1.00013616326351)))
REPRESENTATION_ITEM('')
SURFACE()
);
#30=(
BOUNDED_SURFACE()
B_SPLINE_SURFACE(3,2,((#2821,#2822,#2823),(#2824,#2825,#2826),(#2827,#2828,
#2829),(#2830,#2831,#2832)),.UNSPECIFIED.,.F.,.F.,.F.)
B_SPLINE_SURFACE_WITH_KNOTS((4,4),(3,3),(0.0049209012839076,0.00554259215138384),
(0.,1.),.UNSPECIFIED.)
GEOMETRIC_REPRESENTATION_ITEM()
RATIONAL_B_SPLINE_SURFACE(((1.,0.711434933350238,1.),(1.,0.710170494869769,
1.),(1.,0.708717460812925,1.),(1.,0.707106781186547,1.)))
REPRESENTATION_ITEM('')
SURFACE()
);
#31=B_SPLINE_CURVE_WITH_KNOTS('',3,(#2276,#2277,#2278,#2279,#2280,#2281,
#2282,#2283,#2284,#2285),.UNSPECIFIED.,.F.,.F.,(4,2,2,2,4),(-0.479278577921436,
-0.476991273375817,-0.239273731706075,-0.116269240898137,0.),
 .UNSPECIFIED.);
#32=B_SPLINE_CURVE_WITH_KNOTS('',3,(#2314,#2315,#2316,#2317,#2318,#2319,
#2320,#2321,#2322,#2323,#2324,#2325,#2326,#2327,#2328,#2329,#2330,#2331,
#2332),.UNSPECIFIED.,.F.,.F.,(4,3,3,3,3,3,4),(0.00623080923239045,0.00758044163896332,
0.00783480887717247,0.00785117573392913,0.00866135898469847,0.00906645061008314,
0.00947154223546781),.UNSPECIFIED.);
#33=B_SPLINE_CURVE_WITH_KNOTS('',3,(#2377,#2378,#2379,#2380,#2381,#2382,
#2383,#2384,#2385,#2386,#2387,#2388,#2389,#2390,#2391,#2392,#2393,#2394,
#2395,#2396,#2397,#2398,#2399,#2400,#2401,#2402,#2403,#2404,#2405,#2406,
#2407,#2408,#2409,#2410,#2411,#2412,#2413),.UNSPECIFIED.,.F.,.F.,(4,3,3,
3,3,3,3,3,3,3,3,3,4),(0.485230806382493,0.501317343349478,0.517403880660782,
0.54957695528339,0.613923104528606,0.621966373184259,0.630009641839911,
0.646096179151219,0.678269253773836,0.74261540301907,0.774788477641686,
0.806961552264302,0.835038691264832),.UNSPECIFIED.);
#34=B_SPLINE_CURVE_WITH_KNOTS('',3,(#2415,#2416,#2417,#2418,#2419,#2420,
#2421,#2422,#2423,#2424,#2425,#2426,#2427,#2428,#2429,#2430,#2431,#2432,
#2433,#2434,#2435,#2436,#2437,#2438,#2439,#2440,#2441,#2442,#2443,#2444,
#2445,#2446,#2447,#2448,#2449,#2450,#2451,#2452,#2453,#2454,#2455,#2456,
#2457,#2458,#2459,#2460,#2461,#2462,#2463,#2464,#2465,#2466,#2467,#2468,
#2469,#2470,#2471,#2472),.UNSPECIFIED.,.F.,.F.,(4,3,3,3,3,3,3,3,3,3,3,3,
3,3,3,3,3,3,3,4),(0.,0.063933193437234,0.12130770150955,0.125126718637608,
0.136471164198245,0.242615403019105,0.246406268691278,0.250002874362494,
0.250197134363451,0.257778865707797,0.272942328396489,0.303269253773873,
0.363923104528641,0.379086567217333,0.394250029906025,0.424576955283408,
0.454903880660791,0.470067343349482,0.477649074693828,0.485230805892261),
 .UNSPECIFIED.);
#35=B_SPLINE_CURVE_WITH_KNOTS('',3,(#2474,#2475,#2476,#2477,#2478,#2479,
#2480,#2481,#2482,#2483,#2484,#2485,#2486,#2487,#2488,#2489),
 .UNSPECIFIED.,.F.,.F.,(4,3,3,3,3,4),(0.835038691264832,0.871307701509534,
0.887394238820842,0.903480776132149,0.935653850754766,1.),.UNSPECIFIED.);
#36=B_SPLINE_CURVE_WITH_KNOTS('',3,(#2620,#2621,#2622,#2623,#2624,#2625,
#2626,#2627,#2628,#2629,#2630,#2631,#2632,#2633),.UNSPECIFIED.,.F.,.F.,
(4,2,2,2,2,2,4),(-1.17112304272627,-1.04500456387297,-0.918886085019672,
-0.788351232927367,-0.657816380835062,-0.32890819041947,-3.87845311422552E-12),
 .UNSPECIFIED.);
#37=B_SPLINE_CURVE_WITH_KNOTS('',3,(#2682,#2683,#2684,#2685,#2686,#2687,
#2688,#2689,#2690,#2691,#2692,#2693,#2694,#2695),.UNSPECIFIED.,.F.,.F.,
(4,2,2,2,2,2,4),(3.40180443857242,3.52792291742614,3.65404139627985,3.78457624837259,
3.91511110046533,4.24401929088201,4.5729274812987),.UNSPECIFIED.);
#38=B_SPLINE_CURVE_WITH_KNOTS('',3,(#2756,#2757,#2758,#2759,#2760,#2761,
#2762,#2763,#2764,#2765,#2766,#2767,#2768,#2769),.UNSPECIFIED.,.F.,.F.,
(4,2,2,2,2,2,4),(0.,0.328908190410081,0.657816380820162,0.788351232914148,
0.918886085008134,1.04500456386607,1.17112304272401),.UNSPECIFIED.);
#39=CYLINDRICAL_SURFACE('',#1510,0.140748031496063);
#40=CYLINDRICAL_SURFACE('',#1531,0.554168443071477);
#41=CYLINDRICAL_SURFACE('',#1537,0.296845662253061);
#42=CYLINDRICAL_SURFACE('',#1538,0.118110236220472);
#43=CYLINDRICAL_SURFACE('',#1540,0.118110236220472);
#44=CYLINDRICAL_SURFACE('',#1553,0.118110236220472);
#45=CYLINDRICAL_SURFACE('',#1554,0.118110236220472);
#46=CYLINDRICAL_SURFACE('',#1555,0.118110236220472);
#47=CYLINDRICAL_SURFACE('',#1558,0.118110236220472);
#48=CYLINDRICAL_SURFACE('',#1563,0.118110236220472);
#49=CYLINDRICAL_SURFACE('',#1567,0.787401574803149);
#50=CYLINDRICAL_SURFACE('',#1571,0.554168443071477);
#51=CYLINDRICAL_SURFACE('',#1579,0.787401574803149);
#52=CYLINDRICAL_SURFACE('',#1581,0.554168443071477);
#53=CYLINDRICAL_SURFACE('',#1585,0.800000025531438);
#54=CYLINDRICAL_SURFACE('',#1589,0.657647342886648);
#55=CYLINDRICAL_SURFACE('',#1595,0.575);
#56=CYLINDRICAL_SURFACE('',#1610,0.393700787401575);
#57=CYLINDRICAL_SURFACE('',#1612,0.6);
#58=CYLINDRICAL_SURFACE('',#1617,0.787401574803149);
#59=CYLINDRICAL_SURFACE('',#1636,0.0885826771653544);
#60=CYLINDRICAL_SURFACE('',#1637,0.0885826771653544);
#61=CYLINDRICAL_SURFACE('',#1650,0.0610236220472442);
#62=CYLINDRICAL_SURFACE('',#1651,0.196850393700788);
#63=CYLINDRICAL_SURFACE('',#1652,0.0590551181102417);
#64=CYLINDRICAL_SURFACE('',#1654,0.0610236220472442);
#65=CYLINDRICAL_SURFACE('',#1655,1.27952755905512);
#66=CYLINDRICAL_SURFACE('',#1657,0.147637795275591);
#67=CYLINDRICAL_SURFACE('',#1660,0.984251968503937);
#68=CYLINDRICAL_SURFACE('',#1661,0.984251968503938);
#69=CYLINDRICAL_SURFACE('',#1662,0.059055118110236);
#70=CYLINDRICAL_SURFACE('',#1663,0.0590551181102363);
#71=CYLINDRICAL_SURFACE('',#1664,0.239173228346457);
#72=CYLINDRICAL_SURFACE('',#1665,0.312268486141875);
#73=CYLINDRICAL_SURFACE('',#1667,0.459032296454187);
#74=CYLINDRICAL_SURFACE('',#1668,0.196850393700787);
#75=CYLINDRICAL_SURFACE('',#1669,0.147637795275591);
#76=CYLINDRICAL_SURFACE('',#1670,0.590551181102362);
#77=CYLINDRICAL_SURFACE('',#1671,1.27952755905512);
#78=FACE_BOUND('',#289,.T.);
#79=FACE_BOUND('',#290,.T.);
#80=FACE_BOUND('',#293,.T.);
#81=FACE_BOUND('',#295,.T.);
#82=FACE_BOUND('',#296,.T.);
#83=FACE_BOUND('',#297,.T.);
#84=FACE_BOUND('',#298,.T.);
#85=FACE_BOUND('',#299,.T.);
#86=FACE_BOUND('',#300,.T.);
#87=FACE_BOUND('',#301,.T.);
#88=FACE_BOUND('',#323,.T.);
#89=FACE_BOUND('',#326,.T.);
#90=FACE_BOUND('',#339,.T.);
#91=FACE_BOUND('',#343,.T.);
#92=FACE_BOUND('',#351,.T.);
#93=FACE_BOUND('',#353,.T.);
#94=FACE_BOUND('',#355,.T.);
#95=CIRCLE('',#1498,0.312268486141875);
#96=CIRCLE('',#1499,0.239173228346457);
#97=CIRCLE('',#1500,0.590551181102362);
#98=CIRCLE('',#1501,0.196850393700788);
#99=CIRCLE('',#1502,0.147637795275591);
#100=CIRCLE('',#1503,0.196850393700787);
#101=CIRCLE('',#1504,0.459032296454186);
#102=CIRCLE('',#1505,0.0590551181102363);
#103=CIRCLE('',#1506,1.27952755905512);
#104=CIRCLE('',#1507,0.296845662253061);
#105=CIRCLE('',#1508,0.0885826771653544);
#106=CIRCLE('',#1509,0.140748031496063);
#107=CIRCLE('',#1511,0.140748031496063);
#108=CIRCLE('',#1514,0.312268486141875);
#109=CIRCLE('',#1515,0.554168443071477);
#110=CIRCLE('',#1516,0.800000025531438);
#111=CIRCLE('',#1517,0.657647342886648);
#112=CIRCLE('',#1518,0.0590551181102417);
#113=CIRCLE('',#1519,0.459032296454187);
#114=CIRCLE('',#1520,0.196850393700787);
#115=CIRCLE('',#1521,0.147637795275591);
#116=CIRCLE('',#1522,0.196850393700788);
#117=CIRCLE('',#1523,0.590551181102362);
#118=CIRCLE('',#1524,0.239173228346457);
#119=CIRCLE('',#1525,0.118110236220472);
#120=CIRCLE('',#1526,0.118110236220472);
#121=CIRCLE('',#1527,0.118110236220472);
#122=CIRCLE('',#1528,0.118110236220472);
#123=CIRCLE('',#1529,0.118110236220472);
#124=CIRCLE('',#1530,0.118110236220472);
#125=CIRCLE('',#1532,0.554168443071476);
#126=CIRCLE('',#1533,0.554168443071477);
#127=CIRCLE('',#1534,0.554168443071477);
#128=CIRCLE('',#1535,0.295275590551178);
#129=CIRCLE('',#1536,0.295275590551181);
#130=CIRCLE('',#1539,0.118110236220472);
#131=CIRCLE('',#1541,0.118110236220472);
#132=CIRCLE('',#1549,0.118110236220472);
#133=CIRCLE('',#1551,0.118110236220472);
#134=CIRCLE('',#1556,0.118110236220472);
#135=CIRCLE('',#1559,0.118110236220472);
#136=CIRCLE('',#1560,0.118110236220472);
#137=CIRCLE('',#1562,0.0610236220472442);
#138=CIRCLE('',#1564,0.118110236220472);
#139=CIRCLE('',#1566,0.0610236220472442);
#140=CIRCLE('',#1568,0.787401574803149);
#141=CIRCLE('',#1569,0.787401574803149);
#142=CIRCLE('',#1572,0.554168443071477);
#143=CIRCLE('',#1573,0.554168443071477);
#144=CIRCLE('',#1575,0.554168443071477);
#145=CIRCLE('',#1576,0.575);
#146=CIRCLE('',#1577,0.787401574803149);
#147=CIRCLE('',#1578,0.800000025531438);
#148=CIRCLE('',#1580,0.78740157480315);
#149=CIRCLE('',#1582,0.554168443071477);
#150=CIRCLE('',#1586,0.800000025531438);
#151=CIRCLE('',#1587,0.800000025531438);
#152=CIRCLE('',#1590,0.657647342886648);
#153=CIRCLE('',#1591,0.657647342886648);
#154=CIRCLE('',#1592,0.657647342886648);
#155=CIRCLE('',#1594,0.575);
#156=CIRCLE('',#1596,0.575);
#157=CIRCLE('',#1597,0.575);
#158=CIRCLE('',#1599,0.787401574803149);
#159=CIRCLE('',#1600,0.6);
#160=CIRCLE('',#1601,0.393700787401575);
#161=CIRCLE('',#1603,0.0590551181102365);
#162=CIRCLE('',#1604,0.984251968503937);
#163=CIRCLE('',#1605,0.147637795275591);
#164=CIRCLE('',#1606,0.984251968503937);
#165=CIRCLE('',#1607,0.0590551181004732);
#166=CIRCLE('',#1608,0.787401574803149);
#167=CIRCLE('',#1611,0.393700787401575);
#168=CIRCLE('',#1613,0.6);
#169=CIRCLE('',#1614,0.6);
#170=CIRCLE('',#1615,0.6);
#171=CIRCLE('',#1618,0.787401574803149);
#172=CIRCLE('',#1620,0.984251968503937);
#173=CIRCLE('',#1621,0.354330708661423);
#174=CIRCLE('',#1623,0.984251968503937);
#175=CIRCLE('',#1624,0.0590551181102363);
#176=CIRCLE('',#1625,1.27952755905512);
#177=CIRCLE('',#1626,0.059055118110236);
#178=CIRCLE('',#1627,0.984251968503937);
#179=CIRCLE('',#1628,0.147637795275591);
#180=CIRCLE('',#1629,0.0885826771653544);
#181=CIRCLE('',#1631,0.0885826771653544);
#182=CIRCLE('',#1632,0.0610236220472442);
#183=CIRCLE('',#1634,0.0885826771653544);
#184=CIRCLE('',#1635,0.0610236220472442);
#185=CIRCLE('',#1639,0.354330708661417);
#186=CIRCLE('',#1640,0.295275590551181);
#187=CIRCLE('',#1641,0.0590551181102363);
#188=CIRCLE('',#1643,0.354330708661417);
#189=CIRCLE('',#1644,0.059055118110236);
#190=CIRCLE('',#1645,0.295275590551181);
#191=CIRCLE('',#1647,1.27952755905512);
#192=CIRCLE('',#1648,0.295275590551181);
#193=CIRCLE('',#1649,0.295275590551181);
#194=CIRCLE('',#1653,0.0590551181102417);
#195=CIRCLE('',#1656,1.27952755905512);
#196=CIRCLE('',#1659,0.984251968503937);
#197=CIRCLE('',#1672,0.47517918650847);
#198=FACE_OUTER_BOUND('',#282,.T.);
#199=FACE_OUTER_BOUND('',#283,.T.);
#200=FACE_OUTER_BOUND('',#284,.T.);
#201=FACE_OUTER_BOUND('',#285,.T.);
#202=FACE_OUTER_BOUND('',#286,.T.);
#203=FACE_OUTER_BOUND('',#287,.T.);
#204=FACE_OUTER_BOUND('',#288,.T.);
#205=FACE_OUTER_BOUND('',#291,.T.);
#206=FACE_OUTER_BOUND('',#292,.T.);
#207=FACE_OUTER_BOUND('',#294,.T.);
#208=FACE_OUTER_BOUND('',#302,.T.);
#209=FACE_OUTER_BOUND('',#303,.T.);
#210=FACE_OUTER_BOUND('',#304,.T.);
#211=FACE_OUTER_BOUND('',#305,.T.);
#212=FACE_OUTER_BOUND('',#306,.T.);
#213=FACE_OUTER_BOUND('',#307,.T.);
#214=FACE_OUTER_BOUND('',#308,.T.);
#215=FACE_OUTER_BOUND('',#309,.T.);
#216=FACE_OUTER_BOUND('',#310,.T.);
#217=FACE_OUTER_BOUND('',#311,.T.);
#218=FACE_OUTER_BOUND('',#312,.T.);
#219=FACE_OUTER_BOUND('',#313,.T.);
#220=FACE_OUTER_BOUND('',#314,.T.);
#221=FACE_OUTER_BOUND('',#315,.T.);
#222=FACE_OUTER_BOUND('',#316,.T.);
#223=FACE_OUTER_BOUND('',#317,.T.);
#224=FACE_OUTER_BOUND('',#318,.T.);
#225=FACE_OUTER_BOUND('',#319,.T.);
#226=FACE_OUTER_BOUND('',#320,.T.);
#227=FACE_OUTER_BOUND('',#321,.T.);
#228=FACE_OUTER_BOUND('',#322,.T.);
#229=FACE_OUTER_BOUND('',#324,.T.);
#230=FACE_OUTER_BOUND('',#325,.T.);
#231=FACE_OUTER_BOUND('',#327,.T.);
#232=FACE_OUTER_BOUND('',#328,.T.);
#233=FACE_OUTER_BOUND('',#329,.T.);
#234=FACE_OUTER_BOUND('',#330,.T.);
#235=FACE_OUTER_BOUND('',#331,.T.);
#236=FACE_OUTER_BOUND('',#332,.T.);
#237=FACE_OUTER_BOUND('',#333,.T.);
#238=FACE_OUTER_BOUND('',#334,.T.);
#239=FACE_OUTER_BOUND('',#335,.T.);
#240=FACE_OUTER_BOUND('',#336,.T.);
#241=FACE_OUTER_BOUND('',#337,.T.);
#242=FACE_OUTER_BOUND('',#338,.T.);
#243=FACE_OUTER_BOUND('',#340,.T.);
#244=FACE_OUTER_BOUND('',#341,.T.);
#245=FACE_OUTER_BOUND('',#342,.T.);
#246=FACE_OUTER_BOUND('',#344,.T.);
#247=FACE_OUTER_BOUND('',#345,.T.);
#248=FACE_OUTER_BOUND('',#346,.T.);
#249=FACE_OUTER_BOUND('',#347,.T.);
#250=FACE_OUTER_BOUND('',#348,.T.);
#251=FACE_OUTER_BOUND('',#349,.T.);
#252=FACE_OUTER_BOUND('',#350,.T.);
#253=FACE_OUTER_BOUND('',#352,.T.);
#254=FACE_OUTER_BOUND('',#354,.T.);
#255=FACE_OUTER_BOUND('',#356,.T.);
#256=FACE_OUTER_BOUND('',#357,.T.);
#257=FACE_OUTER_BOUND('',#358,.T.);
#258=FACE_OUTER_BOUND('',#359,.T.);
#259=FACE_OUTER_BOUND('',#360,.T.);
#260=FACE_OUTER_BOUND('',#361,.T.);
#261=FACE_OUTER_BOUND('',#362,.T.);
#262=FACE_OUTER_BOUND('',#363,.T.);
#263=FACE_OUTER_BOUND('',#364,.T.);
#264=FACE_OUTER_BOUND('',#365,.T.);
#265=FACE_OUTER_BOUND('',#366,.T.);
#266=FACE_OUTER_BOUND('',#367,.T.);
#267=FACE_OUTER_BOUND('',#368,.T.);
#268=FACE_OUTER_BOUND('',#369,.T.);
#269=FACE_OUTER_BOUND('',#370,.T.);
#270=FACE_OUTER_BOUND('',#371,.T.);
#271=FACE_OUTER_BOUND('',#372,.T.);
#272=FACE_OUTER_BOUND('',#373,.T.);
#273=FACE_OUTER_BOUND('',#374,.T.);
#274=FACE_OUTER_BOUND('',#375,.T.);
#275=FACE_OUTER_BOUND('',#376,.T.);
#276=FACE_OUTER_BOUND('',#377,.T.);
#277=FACE_OUTER_BOUND('',#378,.T.);
#278=FACE_OUTER_BOUND('',#379,.T.);
#279=FACE_OUTER_BOUND('',#380,.T.);
#280=FACE_OUTER_BOUND('',#381,.T.);
#281=FACE_OUTER_BOUND('',#382,.T.);
#282=EDGE_LOOP('',(#932,#933,#934,#935));
#283=EDGE_LOOP('',(#936,#937,#938,#939));
#284=EDGE_LOOP('',(#940,#941,#942,#943));
#285=EDGE_LOOP('',(#944,#945,#946,#947));
#286=EDGE_LOOP('',(#948,#949,#950,#951));
#287=EDGE_LOOP('',(#952,#953,#954,#955));
#288=EDGE_LOOP('',(#956,#957,#958,#959,#960,#961,#962,#963,#964,#965));
#289=EDGE_LOOP('',(#966));
#290=EDGE_LOOP('',(#967));
#291=EDGE_LOOP('',(#968,#969,#970,#971));
#292=EDGE_LOOP('',(#972));
#293=EDGE_LOOP('',(#973,#974,#975,#976,#977,#978));
#294=EDGE_LOOP('',(#979,#980,#981,#982,#983,#984,#985,#986,#987,#988,#989,
#990,#991));
#295=EDGE_LOOP('',(#992,#993,#994,#995,#996,#997));
#296=EDGE_LOOP('',(#998,#999));
#297=EDGE_LOOP('',(#1000,#1001));
#298=EDGE_LOOP('',(#1002,#1003));
#299=EDGE_LOOP('',(#1004,#1005));
#300=EDGE_LOOP('',(#1006));
#301=EDGE_LOOP('',(#1007,#1008));
#302=EDGE_LOOP('',(#1009,#1010,#1011,#1012,#1013,#1014,#1015));
#303=EDGE_LOOP('',(#1016,#1017,#1018));
#304=EDGE_LOOP('',(#1019,#1020,#1021,#1022,#1023,#1024));
#305=EDGE_LOOP('',(#1025,#1026,#1027,#1028,#1029,#1030,#1031));
#306=EDGE_LOOP('',(#1032,#1033,#1034,#1035));
#307=EDGE_LOOP('',(#1036,#1037,#1038,#1039));
#308=EDGE_LOOP('',(#1040,#1041,#1042,#1043));
#309=EDGE_LOOP('',(#1044,#1045,#1046,#1047));
#310=EDGE_LOOP('',(#1048,#1049,#1050,#1051));
#311=EDGE_LOOP('',(#1052,#1053,#1054,#1055));
#312=EDGE_LOOP('',(#1056,#1057,#1058,#1059));
#313=EDGE_LOOP('',(#1060,#1061));
#314=EDGE_LOOP('',(#1062,#1063));
#315=EDGE_LOOP('',(#1064,#1065));
#316=EDGE_LOOP('',(#1066,#1067));
#317=EDGE_LOOP('',(#1068,#1069,#1070,#1071));
#318=EDGE_LOOP('',(#1072,#1073,#1074,#1075));
#319=EDGE_LOOP('',(#1076,#1077,#1078,#1079));
#320=EDGE_LOOP('',(#1080,#1081));
#321=EDGE_LOOP('',(#1082,#1083,#1084,#1085));
#322=EDGE_LOOP('',(#1086));
#323=EDGE_LOOP('',(#1087));
#324=EDGE_LOOP('',(#1088,#1089,#1090,#1091));
#325=EDGE_LOOP('',(#1092));
#326=EDGE_LOOP('',(#1093));
#327=EDGE_LOOP('',(#1094,#1095,#1096,#1097));
#328=EDGE_LOOP('',(#1098,#1099,#1100,#1101));
#329=EDGE_LOOP('',(#1102,#1103,#1104,#1105));
#330=EDGE_LOOP('',(#1106,#1107,#1108,#1109,#1110,#1111,#1112));
#331=EDGE_LOOP('',(#1113,#1114,#1115,#1116));
#332=EDGE_LOOP('',(#1117,#1118,#1119,#1120));
#333=EDGE_LOOP('',(#1121,#1122,#1123,#1124));
#334=EDGE_LOOP('',(#1125,#1126,#1127,#1128));
#335=EDGE_LOOP('',(#1129,#1130,#1131,#1132,#1133,#1134,#1135,#1136,#1137,
#1138));
#336=EDGE_LOOP('',(#1139,#1140,#1141,#1142,#1143));
#337=EDGE_LOOP('',(#1144,#1145,#1146,#1147,#1148,#1149,#1150,#1151));
#338=EDGE_LOOP('',(#1152,#1153,#1154,#1155));
#339=EDGE_LOOP('',(#1156));
#340=EDGE_LOOP('',(#1157,#1158,#1159,#1160,#1161,#1162,#1163,#1164));
#341=EDGE_LOOP('',(#1165,#1166,#1167,#1168,#1169));
#342=EDGE_LOOP('',(#1170,#1171,#1172,#1173,#1174,#1175,#1176,#1177,#1178,
#1179,#1180));
#343=EDGE_LOOP('',(#1181));
#344=EDGE_LOOP('',(#1182,#1183,#1184,#1185,#1186,#1187,#1188));
#345=EDGE_LOOP('',(#1189,#1190,#1191,#1192));
#346=EDGE_LOOP('',(#1193,#1194,#1195,#1196,#1197,#1198,#1199,#1200,#1201,
#1202));
#347=EDGE_LOOP('',(#1203,#1204,#1205,#1206,#1207));
#348=EDGE_LOOP('',(#1208,#1209,#1210,#1211,#1212,#1213));
#349=EDGE_LOOP('',(#1214,#1215,#1216,#1217,#1218,#1219,#1220));
#350=EDGE_LOOP('',(#1221,#1222,#1223,#1224,#1225,#1226));
#351=EDGE_LOOP('',(#1227));
#352=EDGE_LOOP('',(#1228));
#353=EDGE_LOOP('',(#1229));
#354=EDGE_LOOP('',(#1230));
#355=EDGE_LOOP('',(#1231));
#356=EDGE_LOOP('',(#1232,#1233,#1234,#1235));
#357=EDGE_LOOP('',(#1236,#1237,#1238,#1239));
#358=EDGE_LOOP('',(#1240,#1241,#1242,#1243));
#359=EDGE_LOOP('',(#1244,#1245,#1246,#1247));
#360=EDGE_LOOP('',(#1248,#1249,#1250,#1251));
#361=EDGE_LOOP('',(#1252,#1253,#1254,#1255));
#362=EDGE_LOOP('',(#1256,#1257,#1258,#1259));
#363=EDGE_LOOP('',(#1260,#1261,#1262,#1263,#1264,#1265));
#364=EDGE_LOOP('',(#1266,#1267,#1268,#1269));
#365=EDGE_LOOP('',(#1270,#1271,#1272,#1273));
#366=EDGE_LOOP('',(#1274,#1275,#1276,#1277));
#367=EDGE_LOOP('',(#1278,#1279,#1280,#1281,#1282,#1283,#1284,#1285,#1286));
#368=EDGE_LOOP('',(#1287,#1288,#1289,#1290));
#369=EDGE_LOOP('',(#1291,#1292,#1293,#1294));
#370=EDGE_LOOP('',(#1295,#1296,#1297,#1298,#1299,#1300));
#371=EDGE_LOOP('',(#1301,#1302,#1303,#1304,#1305,#1306));
#372=EDGE_LOOP('',(#1307,#1308,#1309,#1310));
#373=EDGE_LOOP('',(#1311,#1312,#1313,#1314,#1315));
#374=EDGE_LOOP('',(#1316,#1317,#1318,#1319,#1320));
#375=EDGE_LOOP('',(#1321,#1322,#1323,#1324));
#376=EDGE_LOOP('',(#1325,#1326,#1327,#1328));
#377=EDGE_LOOP('',(#1329,#1330,#1331,#1332));
#378=EDGE_LOOP('',(#1333,#1334,#1335,#1336));
#379=EDGE_LOOP('',(#1337,#1338,#1339,#1340,#1341));
#380=EDGE_LOOP('',(#1342,#1343,#1344,#1345));
#381=EDGE_LOOP('',(#1346,#1347,#1348,#1349));
#382=EDGE_LOOP('',(#1350,#1351,#1352,#1353));
#383=LINE('',#2161,#483);
#384=LINE('',#2163,#484);
#385=LINE('',#2165,#485);
#386=LINE('',#2166,#486);
#387=LINE('',#2169,#487);
#388=LINE('',#2171,#488);
#389=LINE('',#2172,#489);
#390=LINE('',#2175,#490);
#391=LINE('',#2177,#491);
#392=LINE('',#2178,#492);
#393=LINE('',#2181,#493);
#394=LINE('',#2183,#494);
#395=LINE('',#2184,#495);
#396=LINE('',#2187,#496);
#397=LINE('',#2189,#497);
#398=LINE('',#2190,#498);
#399=LINE('',#2192,#499);
#400=LINE('',#2193,#500);
#401=LINE('',#2221,#501);
#402=LINE('',#2233,#502);
#403=LINE('',#2237,#503);
#404=LINE('',#2253,#504);
#405=LINE('',#2258,#505);
#406=LINE('',#2262,#506);
#407=LINE('',#2265,#507);
#408=LINE('',#2272,#508);
#409=LINE('',#2292,#509);
#410=LINE('',#2293,#510);
#411=LINE('',#2491,#511);
#412=LINE('',#2492,#512);
#413=LINE('',#2495,#513);
#414=LINE('',#2498,#514);
#415=LINE('',#2503,#515);
#416=LINE('',#2504,#516);
#417=LINE('',#2506,#517);
#418=LINE('',#2509,#518);
#419=LINE('',#2511,#519);
#420=LINE('',#2512,#520);
#421=LINE('',#2514,#521);
#422=LINE('',#2517,#522);
#423=LINE('',#2519,#523);
#424=LINE('',#2520,#524);
#425=LINE('',#2523,#525);
#426=LINE('',#2525,#526);
#427=LINE('',#2526,#527);
#428=LINE('',#2542,#528);
#429=LINE('',#2549,#529);
#430=LINE('',#2557,#530);
#431=LINE('',#2561,#531);
#432=LINE('',#2565,#532);
#433=LINE('',#2567,#533);
#434=LINE('',#2568,#534);
#435=LINE('',#2573,#535);
#436=LINE('',#2576,#536);
#437=LINE('',#2586,#537);
#438=LINE('',#2589,#538);
#439=LINE('',#2592,#539);
#440=LINE('',#2595,#540);
#441=LINE('',#2599,#541);
#442=LINE('',#2601,#542);
#443=LINE('',#2603,#543);
#444=LINE('',#2604,#544);
#445=LINE('',#2607,#545);
#446=LINE('',#2609,#546);
#447=LINE('',#2610,#547);
#448=LINE('',#2615,#548);
#449=LINE('',#2618,#549);
#450=LINE('',#2635,#550);
#451=LINE('',#2636,#551);
#452=LINE('',#2641,#552);
#453=LINE('',#2644,#553);
#454=LINE('',#2652,#554);
#455=LINE('',#2656,#555);
#456=LINE('',#2674,#556);
#457=LINE('',#2678,#557);
#458=LINE('',#2680,#558);
#459=LINE('',#2696,#559);
#460=LINE('',#2699,#560);
#461=LINE('',#2703,#561);
#462=LINE('',#2710,#562);
#463=LINE('',#2742,#563);
#464=LINE('',#2744,#564);
#465=LINE('',#2780,#565);
#466=LINE('',#2782,#566);
#467=LINE('',#2783,#567);
#468=LINE('',#2786,#568);
#469=LINE('',#2787,#569);
#470=LINE('',#2789,#570);
#471=LINE('',#2792,#571);
#472=LINE('',#2793,#572);
#473=LINE('',#2795,#573);
#474=LINE('',#2796,#574);
#475=LINE('',#2798,#575);
#476=LINE('',#2801,#576);
#477=LINE('',#2803,#577);
#478=LINE('',#2805,#578);
#479=LINE('',#2808,#579);
#480=LINE('',#2809,#580);
#481=LINE('',#2813,#581);
#482=LINE('',#2815,#582);
#483=VECTOR('',#1685,0.393700787401575);
#484=VECTOR('',#1686,0.393700787401575);
#485=VECTOR('',#1687,0.393700787401575);
#486=VECTOR('',#1688,0.393700787401575);
#487=VECTOR('',#1691,0.393700787401575);
#488=VECTOR('',#1692,0.393700787401575);
#489=VECTOR('',#1693,0.393700787401575);
#490=VECTOR('',#1696,0.393700787401575);
#491=VECTOR('',#1697,0.393700787401575);
#492=VECTOR('',#1698,0.393700787401575);
#493=VECTOR('',#1701,0.393700787401575);
#494=VECTOR('',#1702,0.393700787401575);
#495=VECTOR('',#1703,0.393700787401575);
#496=VECTOR('',#1706,0.393700787401575);
#497=VECTOR('',#1707,0.393700787401575);
#498=VECTOR('',#1708,0.393700787401575);
#499=VECTOR('',#1711,0.393700787401575);
#500=VECTOR('',#1712,0.393700787401575);
#501=VECTOR('',#1741,0.140748031496063);
#502=VECTOR('',#1754,0.393700787401575);
#503=VECTOR('',#1757,39.3700787401575);
#504=VECTOR('',#1772,0.393700787401575);
#505=VECTOR('',#1777,0.393700787401575);
#506=VECTOR('',#1780,0.393700787401575);
#507=VECTOR('',#1781,0.393700787401575);
#508=VECTOR('',#1788,0.393700787401575);
#509=VECTOR('',#1797,0.393700787401575);
#510=VECTOR('',#1798,39.3700787401575);
#511=VECTOR('',#1805,39.3700787401575);
#512=VECTOR('',#1806,39.3700787401575);
#513=VECTOR('',#1809,0.393700787401575);
#514=VECTOR('',#1812,0.393700787401575);
#515=VECTOR('',#1817,0.393700787401575);
#516=VECTOR('',#1818,0.393700787401575);
#517=VECTOR('',#1821,0.393700787401575);
#518=VECTOR('',#1824,0.393700787401575);
#519=VECTOR('',#1825,0.393700787401575);
#520=VECTOR('',#1826,0.393700787401575);
#521=VECTOR('',#1829,0.393700787401575);
#522=VECTOR('',#1832,0.393700787401575);
#523=VECTOR('',#1833,0.393700787401575);
#524=VECTOR('',#1834,0.393700787401575);
#525=VECTOR('',#1837,0.393700787401575);
#526=VECTOR('',#1838,0.393700787401575);
#527=VECTOR('',#1839,0.393700787401575);
#528=VECTOR('',#1866,0.118110236220472);
#529=VECTOR('',#1875,0.118110236220472);
#530=VECTOR('',#1884,0.393700787401575);
#531=VECTOR('',#1887,0.393700787401575);
#532=VECTOR('',#1892,39.3700787401575);
#533=VECTOR('',#1893,0.393700787401575);
#534=VECTOR('',#1894,0.393700787401575);
#535=VECTOR('',#1899,0.393700787401575);
#536=VECTOR('',#1902,0.393700787401575);
#537=VECTOR('',#1915,0.393700787401575);
#538=VECTOR('',#1918,0.393700787401575);
#539=VECTOR('',#1921,0.393700787401575);
#540=VECTOR('',#1924,0.393700787401575);
#541=VECTOR('',#1927,0.393700787401575);
#542=VECTOR('',#1928,0.393700787401575);
#543=VECTOR('',#1929,0.393700787401575);
#544=VECTOR('',#1930,0.393700787401575);
#545=VECTOR('',#1933,0.393700787401575);
#546=VECTOR('',#1934,0.393700787401575);
#547=VECTOR('',#1935,0.393700787401575);
#548=VECTOR('',#1942,0.393700787401575);
#549=VECTOR('',#1945,39.3700787401575);
#550=VECTOR('',#1946,39.3700787401575);
#551=VECTOR('',#1947,39.3700787401575);
#552=VECTOR('',#1952,0.393700787401575);
#553=VECTOR('',#1955,0.393700787401575);
#554=VECTOR('',#1966,0.575);
#555=VECTOR('',#1971,0.393700787401575);
#556=VECTOR('',#1990,39.3700787401575);
#557=VECTOR('',#1995,39.3700787401575);
#558=VECTOR('',#1996,39.3700787401575);
#559=VECTOR('',#1997,39.3700787401575);
#560=VECTOR('',#2000,0.393700787401575);
#561=VECTOR('',#2005,0.393700787401575);
#562=VECTOR('',#2016,39.3700787401575);
#563=VECTOR('',#2055,0.0885826771653544);
#564=VECTOR('',#2058,0.0885826771653544);
#565=VECTOR('',#2085,0.0610236220472442);
#566=VECTOR('',#2088,39.3700787401575);
#567=VECTOR('',#2089,39.3700787401575);
#568=VECTOR('',#2094,39.3700787401575);
#569=VECTOR('',#2095,39.3700787401575);
#570=VECTOR('',#2098,0.0610236220472442);
#571=VECTOR('',#2103,39.3700787401575);
#572=VECTOR('',#2104,39.3700787401575);
#573=VECTOR('',#2107,39.3700787401575);
#574=VECTOR('',#2108,39.3700787401575);
#575=VECTOR('',#2111,39.3700787401575);
#576=VECTOR('',#2116,0.393700787401575);
#577=VECTOR('',#2119,0.393700787401575);
#578=VECTOR('',#2122,39.3700787401575);
#579=VECTOR('',#2127,0.393700787401575);
#580=VECTOR('',#2128,0.393700787401575);
#581=VECTOR('',#2135,0.393700787401575);
#582=VECTOR('',#2138,0.393700787401575);
#583=VERTEX_POINT('',#2159);
#584=VERTEX_POINT('',#2160);
#585=VERTEX_POINT('',#2162);
#586=VERTEX_POINT('',#2164);
#587=VERTEX_POINT('',#2168);
#588=VERTEX_POINT('',#2170);
#589=VERTEX_POINT('',#2174);
#590=VERTEX_POINT('',#2176);
#591=VERTEX_POINT('',#2180);
#592=VERTEX_POINT('',#2182);
#593=VERTEX_POINT('',#2186);
#594=VERTEX_POINT('',#2188);
#595=VERTEX_POINT('',#2195);
#596=VERTEX_POINT('',#2196);
#597=VERTEX_POINT('',#2198);
#598=VERTEX_POINT('',#2200);
#599=VERTEX_POINT('',#2202);
#600=VERTEX_POINT('',#2204);
#601=VERTEX_POINT('',#2206);
#602=VERTEX_POINT('',#2208);
#603=VERTEX_POINT('',#2210);
#604=VERTEX_POINT('',#2212);
#605=VERTEX_POINT('',#2215);
#606=VERTEX_POINT('',#2217);
#607=VERTEX_POINT('',#2220);
#608=VERTEX_POINT('',#2225);
#609=VERTEX_POINT('',#2226);
#610=VERTEX_POINT('',#2228);
#611=VERTEX_POINT('',#2230);
#612=VERTEX_POINT('',#2232);
#613=VERTEX_POINT('',#2234);
#614=VERTEX_POINT('',#2236);
#615=VERTEX_POINT('',#2238);
#616=VERTEX_POINT('',#2240);
#617=VERTEX_POINT('',#2242);
#618=VERTEX_POINT('',#2244);
#619=VERTEX_POINT('',#2246);
#620=VERTEX_POINT('',#2248);
#621=VERTEX_POINT('',#2251);
#622=VERTEX_POINT('',#2252);
#623=VERTEX_POINT('',#2255);
#624=VERTEX_POINT('',#2256);
#625=VERTEX_POINT('',#2259);
#626=VERTEX_POINT('',#2260);
#627=VERTEX_POINT('',#2263);
#628=VERTEX_POINT('',#2264);
#629=VERTEX_POINT('',#2267);
#630=VERTEX_POINT('',#2269);
#631=VERTEX_POINT('',#2270);
#632=VERTEX_POINT('',#2274);
#633=VERTEX_POINT('',#2275);
#634=VERTEX_POINT('',#2286);
#635=VERTEX_POINT('',#2288);
#636=VERTEX_POINT('',#2290);
#637=VERTEX_POINT('',#2312);
#638=VERTEX_POINT('',#2375);
#639=VERTEX_POINT('',#2376);
#640=VERTEX_POINT('',#2414);
#641=VERTEX_POINT('',#2494);
#642=VERTEX_POINT('',#2496);
#643=VERTEX_POINT('',#2500);
#644=VERTEX_POINT('',#2501);
#645=VERTEX_POINT('',#2508);
#646=VERTEX_POINT('',#2510);
#647=VERTEX_POINT('',#2516);
#648=VERTEX_POINT('',#2518);
#649=VERTEX_POINT('',#2522);
#650=VERTEX_POINT('',#2524);
#651=VERTEX_POINT('',#2539);
#652=VERTEX_POINT('',#2541);
#653=VERTEX_POINT('',#2545);
#654=VERTEX_POINT('',#2548);
#655=VERTEX_POINT('',#2552);
#656=VERTEX_POINT('',#2555);
#657=VERTEX_POINT('',#2556);
#658=VERTEX_POINT('',#2558);
#659=VERTEX_POINT('',#2560);
#660=VERTEX_POINT('',#2564);
#661=VERTEX_POINT('',#2566);
#662=VERTEX_POINT('',#2570);
#663=VERTEX_POINT('',#2572);
#664=VERTEX_POINT('',#2574);
#665=VERTEX_POINT('',#2578);
#666=VERTEX_POINT('',#2580);
#667=VERTEX_POINT('',#2585);
#668=VERTEX_POINT('',#2587);
#669=VERTEX_POINT('',#2591);
#670=VERTEX_POINT('',#2593);
#671=VERTEX_POINT('',#2597);
#672=VERTEX_POINT('',#2598);
#673=VERTEX_POINT('',#2600);
#674=VERTEX_POINT('',#2602);
#675=VERTEX_POINT('',#2606);
#676=VERTEX_POINT('',#2608);
#677=VERTEX_POINT('',#2612);
#678=VERTEX_POINT('',#2617);
#679=VERTEX_POINT('',#2619);
#680=VERTEX_POINT('',#2634);
#681=VERTEX_POINT('',#2638);
#682=VERTEX_POINT('',#2640);
#683=VERTEX_POINT('',#2642);
#684=VERTEX_POINT('',#2647);
#685=VERTEX_POINT('',#2650);
#686=VERTEX_POINT('',#2655);
#687=VERTEX_POINT('',#2657);
#688=VERTEX_POINT('',#2659);
#689=VERTEX_POINT('',#2663);
#690=VERTEX_POINT('',#2665);
#691=VERTEX_POINT('',#2667);
#692=VERTEX_POINT('',#2669);
#693=VERTEX_POINT('',#2671);
#694=VERTEX_POINT('',#2673);
#695=VERTEX_POINT('',#2677);
#696=VERTEX_POINT('',#2679);
#697=VERTEX_POINT('',#2681);
#698=VERTEX_POINT('',#2698);
#699=VERTEX_POINT('',#2702);
#700=VERTEX_POINT('',#2709);
#701=VERTEX_POINT('',#2713);
#702=VERTEX_POINT('',#2717);
#703=VERTEX_POINT('',#2718);
#704=VERTEX_POINT('',#2720);
#705=VERTEX_POINT('',#2722);
#706=VERTEX_POINT('',#2724);
#707=VERTEX_POINT('',#2726);
#708=VERTEX_POINT('',#2729);
#709=VERTEX_POINT('',#2732);
#710=VERTEX_POINT('',#2734);
#711=VERTEX_POINT('',#2737);
#712=VERTEX_POINT('',#2739);
#713=VERTEX_POINT('',#2746);
#714=VERTEX_POINT('',#2748);
#715=VERTEX_POINT('',#2752);
#716=VERTEX_POINT('',#2753);
#717=VERTEX_POINT('',#2755);
#718=VERTEX_POINT('',#2770);
#719=VERTEX_POINT('',#2774);
#720=VERTEX_POINT('',#2775);
#721=EDGE_CURVE('',#583,#584,#383,.T.);
#722=EDGE_CURVE('',#583,#585,#384,.T.);
#723=EDGE_CURVE('',#586,#585,#385,.T.);
#724=EDGE_CURVE('',#584,#586,#386,.T.);
#725=EDGE_CURVE('',#584,#587,#387,.T.);
#726=EDGE_CURVE('',#588,#586,#388,.T.);
#727=EDGE_CURVE('',#587,#588,#389,.T.);
#728=EDGE_CURVE('',#587,#589,#390,.T.);
#729=EDGE_CURVE('',#590,#588,#391,.T.);
#730=EDGE_CURVE('',#589,#590,#392,.T.);
#731=EDGE_CURVE('',#589,#591,#393,.T.);
#732=EDGE_CURVE('',#592,#590,#394,.T.);
#733=EDGE_CURVE('',#591,#592,#395,.T.);
#734=EDGE_CURVE('',#593,#583,#396,.T.);
#735=EDGE_CURVE('',#593,#594,#397,.T.);
#736=EDGE_CURVE('',#585,#594,#398,.T.);
#737=EDGE_CURVE('',#591,#593,#399,.T.);
#738=EDGE_CURVE('',#594,#592,#400,.T.);
#739=EDGE_CURVE('',#595,#596,#95,.T.);
#740=EDGE_CURVE('',#596,#597,#96,.T.);
#741=EDGE_CURVE('',#597,#598,#97,.T.);
#742=EDGE_CURVE('',#598,#599,#98,.T.);
#743=EDGE_CURVE('',#599,#600,#99,.T.);
#744=EDGE_CURVE('',#600,#601,#100,.T.);
#745=EDGE_CURVE('',#601,#602,#101,.T.);
#746=EDGE_CURVE('',#602,#603,#102,.T.);
#747=EDGE_CURVE('',#603,#604,#103,.T.);
#748=EDGE_CURVE('',#604,#595,#104,.T.);
#749=EDGE_CURVE('',#605,#605,#105,.T.);
#750=EDGE_CURVE('',#606,#606,#106,.T.);
#751=EDGE_CURVE('',#606,#607,#401,.T.);
#752=EDGE_CURVE('',#607,#607,#107,.T.);
#753=EDGE_CURVE('',#608,#609,#108,.T.);
#754=EDGE_CURVE('',#609,#610,#109,.T.);
#755=EDGE_CURVE('',#610,#611,#110,.T.);
#756=EDGE_CURVE('',#611,#612,#402,.T.);
#757=EDGE_CURVE('',#612,#613,#111,.T.);
#758=EDGE_CURVE('',#613,#614,#403,.T.);
#759=EDGE_CURVE('',#614,#615,#112,.T.);
#760=EDGE_CURVE('',#615,#616,#113,.T.);
#761=EDGE_CURVE('',#616,#617,#114,.T.);
#762=EDGE_CURVE('',#617,#618,#115,.T.);
#763=EDGE_CURVE('',#618,#619,#116,.T.);
#764=EDGE_CURVE('',#619,#620,#117,.T.);
#765=EDGE_CURVE('',#620,#608,#118,.T.);
#766=EDGE_CURVE('',#621,#622,#404,.T.);
#767=EDGE_CURVE('',#621,#622,#119,.T.);
#768=EDGE_CURVE('',#623,#624,#120,.T.);
#769=EDGE_CURVE('',#623,#624,#405,.T.);
#770=EDGE_CURVE('',#625,#626,#121,.T.);
#771=EDGE_CURVE('',#625,#626,#406,.T.);
#772=EDGE_CURVE('',#627,#628,#407,.T.);
#773=EDGE_CURVE('',#627,#628,#122,.T.);
#774=EDGE_CURVE('',#629,#629,#123,.T.);
#775=EDGE_CURVE('',#630,#631,#124,.T.);
#776=EDGE_CURVE('',#630,#631,#408,.T.);
#777=EDGE_CURVE('',#632,#633,#31,.T.);
#778=EDGE_CURVE('',#633,#634,#125,.T.);
#779=EDGE_CURVE('',#634,#635,#126,.T.);
#780=EDGE_CURVE('',#635,#636,#127,.T.);
#781=EDGE_CURVE('',#636,#610,#409,.T.);
#782=EDGE_CURVE('',#609,#632,#410,.T.);
#783=EDGE_CURVE('',#633,#637,#128,.T.);
#784=EDGE_CURVE('',#637,#632,#32,.T.);
#785=EDGE_CURVE('',#638,#639,#33,.T.);
#786=EDGE_CURVE('',#640,#638,#34,.T.);
#787=EDGE_CURVE('',#640,#634,#129,.T.);
#788=EDGE_CURVE('',#639,#637,#35,.T.);
#789=EDGE_CURVE('',#640,#604,#411,.T.);
#790=EDGE_CURVE('',#632,#595,#412,.T.);
#791=EDGE_CURVE('',#625,#641,#413,.T.);
#792=EDGE_CURVE('',#642,#641,#130,.T.);
#793=EDGE_CURVE('',#642,#626,#414,.T.);
#794=EDGE_CURVE('',#643,#644,#131,.T.);
#795=EDGE_CURVE('',#643,#628,#415,.T.);
#796=EDGE_CURVE('',#627,#644,#416,.T.);
#797=EDGE_CURVE('',#641,#642,#417,.T.);
#798=EDGE_CURVE('',#645,#631,#418,.T.);
#799=EDGE_CURVE('',#646,#645,#419,.T.);
#800=EDGE_CURVE('',#630,#646,#420,.T.);
#801=EDGE_CURVE('',#644,#643,#421,.T.);
#802=EDGE_CURVE('',#647,#624,#422,.T.);
#803=EDGE_CURVE('',#648,#647,#423,.T.);
#804=EDGE_CURVE('',#623,#648,#424,.T.);
#805=EDGE_CURVE('',#649,#622,#425,.T.);
#806=EDGE_CURVE('',#650,#649,#426,.T.);
#807=EDGE_CURVE('',#621,#650,#427,.T.);
#808=EDGE_CURVE('',#645,#646,#132,.T.);
#809=EDGE_CURVE('',#647,#648,#133,.T.);
#810=EDGE_CURVE('',#649,#650,#134,.T.);
#811=EDGE_CURVE('',#651,#651,#135,.T.);
#812=EDGE_CURVE('',#651,#652,#428,.T.);
#813=EDGE_CURVE('',#652,#652,#136,.T.);
#814=EDGE_CURVE('',#653,#653,#137,.T.);
#815=EDGE_CURVE('',#629,#654,#429,.T.);
#816=EDGE_CURVE('',#654,#654,#138,.T.);
#817=EDGE_CURVE('',#655,#655,#139,.T.);
#818=EDGE_CURVE('',#656,#657,#430,.T.);
#819=EDGE_CURVE('',#656,#658,#140,.T.);
#820=EDGE_CURVE('',#658,#659,#431,.T.);
#821=EDGE_CURVE('',#657,#659,#141,.T.);
#822=EDGE_CURVE('',#658,#660,#432,.T.);
#823=EDGE_CURVE('',#660,#661,#433,.T.);
#824=EDGE_CURVE('',#659,#661,#434,.T.);
#825=EDGE_CURVE('',#636,#662,#142,.T.);
#826=EDGE_CURVE('',#662,#663,#435,.T.);
#827=EDGE_CURVE('',#664,#663,#143,.T.);
#828=EDGE_CURVE('',#636,#664,#436,.T.);
#829=EDGE_CURVE('',#665,#663,#144,.T.);
#830=EDGE_CURVE('',#665,#666,#145,.T.);
#831=EDGE_CURVE('',#657,#666,#146,.T.);
#832=EDGE_CURVE('',#661,#664,#147,.T.);
#833=EDGE_CURVE('',#666,#667,#437,.T.);
#834=EDGE_CURVE('',#668,#667,#148,.T.);
#835=EDGE_CURVE('',#657,#668,#438,.T.);
#836=EDGE_CURVE('',#663,#669,#439,.T.);
#837=EDGE_CURVE('',#670,#669,#149,.T.);
#838=EDGE_CURVE('',#670,#665,#440,.T.);
#839=EDGE_CURVE('',#671,#672,#441,.T.);
#840=EDGE_CURVE('',#673,#671,#442,.T.);
#841=EDGE_CURVE('',#673,#674,#443,.T.);
#842=EDGE_CURVE('',#674,#672,#444,.T.);
#843=EDGE_CURVE('',#675,#611,#445,.T.);
#844=EDGE_CURVE('',#675,#676,#446,.T.);
#845=EDGE_CURVE('',#612,#676,#447,.T.);
#846=EDGE_CURVE('',#672,#677,#150,.T.);
#847=EDGE_CURVE('',#675,#674,#151,.T.);
#848=EDGE_CURVE('',#677,#660,#448,.T.);
#849=EDGE_CURVE('',#660,#678,#449,.T.);
#850=EDGE_CURVE('',#678,#679,#36,.T.);
#851=EDGE_CURVE('',#680,#679,#450,.T.);
#852=EDGE_CURVE('',#677,#680,#451,.T.);
#853=EDGE_CURVE('',#681,#671,#152,.T.);
#854=EDGE_CURVE('',#682,#681,#452,.T.);
#855=EDGE_CURVE('',#683,#682,#153,.T.);
#856=EDGE_CURVE('',#613,#683,#453,.T.);
#857=EDGE_CURVE('',#676,#673,#154,.T.);
#858=EDGE_CURVE('',#684,#684,#155,.T.);
#859=EDGE_CURVE('',#685,#670,#156,.T.);
#860=EDGE_CURVE('',#685,#684,#454,.T.);
#861=EDGE_CURVE('',#667,#685,#157,.T.);
#862=EDGE_CURVE('',#683,#686,#455,.T.);
#863=EDGE_CURVE('',#687,#682,#158,.T.);
#864=EDGE_CURVE('',#688,#687,#159,.T.);
#865=EDGE_CURVE('',#686,#688,#160,.T.);
#866=EDGE_CURVE('',#680,#689,#161,.T.);
#867=EDGE_CURVE('',#689,#690,#162,.T.);
#868=EDGE_CURVE('',#690,#691,#163,.T.);
#869=EDGE_CURVE('',#691,#692,#164,.T.);
#870=EDGE_CURVE('',#692,#693,#165,.T.);
#871=EDGE_CURVE('',#693,#694,#456,.T.);
#872=EDGE_CURVE('',#694,#681,#166,.T.);
#873=EDGE_CURVE('',#686,#695,#457,.T.);
#874=EDGE_CURVE('',#695,#696,#458,.T.);
#875=EDGE_CURVE('',#696,#697,#37,.T.);
#876=EDGE_CURVE('',#614,#697,#459,.T.);
#877=EDGE_CURVE('',#688,#698,#460,.T.);
#878=EDGE_CURVE('',#698,#695,#167,.T.);
#879=EDGE_CURVE('',#699,#687,#461,.T.);
#880=EDGE_CURVE('',#656,#699,#168,.T.);
#881=EDGE_CURVE('',#669,#668,#169,.T.);
#882=EDGE_CURVE('',#698,#662,#170,.T.);
#883=EDGE_CURVE('',#694,#700,#462,.T.);
#884=EDGE_CURVE('',#700,#699,#171,.T.);
#885=EDGE_CURVE('',#635,#701,#172,.T.);
#886=EDGE_CURVE('',#701,#696,#173,.T.);
#887=EDGE_CURVE('',#702,#703,#174,.T.);
#888=EDGE_CURVE('',#703,#704,#175,.T.);
#889=EDGE_CURVE('',#704,#705,#176,.T.);
#890=EDGE_CURVE('',#705,#706,#177,.T.);
#891=EDGE_CURVE('',#706,#707,#178,.T.);
#892=EDGE_CURVE('',#707,#702,#179,.T.);
#893=EDGE_CURVE('',#708,#708,#180,.T.);
#894=EDGE_CURVE('',#709,#709,#181,.T.);
#895=EDGE_CURVE('',#710,#710,#182,.T.);
#896=EDGE_CURVE('',#711,#711,#183,.T.);
#897=EDGE_CURVE('',#712,#712,#184,.T.);
#898=EDGE_CURVE('',#605,#711,#463,.T.);
#899=EDGE_CURVE('',#708,#709,#464,.T.);
#900=EDGE_CURVE('',#713,#678,#185,.T.);
#901=EDGE_CURVE('',#713,#714,#186,.T.);
#902=EDGE_CURVE('',#679,#714,#187,.T.);
#903=EDGE_CURVE('',#715,#716,#188,.T.);
#904=EDGE_CURVE('',#717,#715,#38,.T.);
#905=EDGE_CURVE('',#718,#717,#189,.T.);
#906=EDGE_CURVE('',#716,#718,#190,.T.);
#907=EDGE_CURVE('',#719,#720,#191,.T.);
#908=EDGE_CURVE('',#719,#701,#192,.T.);
#909=EDGE_CURVE('',#720,#635,#193,.T.);
#910=EDGE_CURVE('',#655,#712,#465,.T.);
#911=EDGE_CURVE('',#618,#599,#466,.T.);
#912=EDGE_CURVE('',#619,#598,#467,.T.);
#913=EDGE_CURVE('',#697,#719,#194,.T.);
#914=EDGE_CURVE('',#719,#603,#468,.T.);
#915=EDGE_CURVE('',#615,#602,#469,.T.);
#916=EDGE_CURVE('',#653,#710,#470,.T.);
#917=EDGE_CURVE('',#714,#718,#195,.T.);
#918=EDGE_CURVE('',#718,#705,#471,.T.);
#919=EDGE_CURVE('',#714,#704,#472,.T.);
#920=EDGE_CURVE('',#690,#702,#473,.T.);
#921=EDGE_CURVE('',#691,#707,#474,.T.);
#922=EDGE_CURVE('',#715,#700,#475,.T.);
#923=EDGE_CURVE('',#716,#713,#196,.T.);
#924=EDGE_CURVE('',#689,#703,#476,.T.);
#925=EDGE_CURVE('',#692,#706,#477,.T.);
#926=EDGE_CURVE('',#693,#717,#478,.T.);
#927=EDGE_CURVE('',#620,#597,#479,.T.);
#928=EDGE_CURVE('',#608,#596,#480,.T.);
#929=EDGE_CURVE('',#616,#601,#481,.T.);
#930=EDGE_CURVE('',#617,#600,#482,.T.);
#931=EDGE_CURVE('',#720,#640,#197,.T.);
#932=ORIENTED_EDGE('',*,*,#721,.F.);
#933=ORIENTED_EDGE('',*,*,#722,.T.);
#934=ORIENTED_EDGE('',*,*,#723,.F.);
#935=ORIENTED_EDGE('',*,*,#724,.F.);
#936=ORIENTED_EDGE('',*,*,#725,.F.);
#937=ORIENTED_EDGE('',*,*,#724,.T.);
#938=ORIENTED_EDGE('',*,*,#726,.F.);
#939=ORIENTED_EDGE('',*,*,#727,.F.);
#940=ORIENTED_EDGE('',*,*,#728,.F.);
#941=ORIENTED_EDGE('',*,*,#727,.T.);
#942=ORIENTED_EDGE('',*,*,#729,.F.);
#943=ORIENTED_EDGE('',*,*,#730,.F.);
#944=ORIENTED_EDGE('',*,*,#731,.F.);
#945=ORIENTED_EDGE('',*,*,#730,.T.);
#946=ORIENTED_EDGE('',*,*,#732,.F.);
#947=ORIENTED_EDGE('',*,*,#733,.F.);
#948=ORIENTED_EDGE('',*,*,#734,.F.);
#949=ORIENTED_EDGE('',*,*,#735,.T.);
#950=ORIENTED_EDGE('',*,*,#736,.F.);
#951=ORIENTED_EDGE('',*,*,#722,.F.);
#952=ORIENTED_EDGE('',*,*,#737,.F.);
#953=ORIENTED_EDGE('',*,*,#733,.T.);
#954=ORIENTED_EDGE('',*,*,#738,.F.);
#955=ORIENTED_EDGE('',*,*,#735,.F.);
#956=ORIENTED_EDGE('',*,*,#739,.T.);
#957=ORIENTED_EDGE('',*,*,#740,.T.);
#958=ORIENTED_EDGE('',*,*,#741,.T.);
#959=ORIENTED_EDGE('',*,*,#742,.T.);
#960=ORIENTED_EDGE('',*,*,#743,.T.);
#961=ORIENTED_EDGE('',*,*,#744,.T.);
#962=ORIENTED_EDGE('',*,*,#745,.T.);
#963=ORIENTED_EDGE('',*,*,#746,.T.);
#964=ORIENTED_EDGE('',*,*,#747,.T.);
#965=ORIENTED_EDGE('',*,*,#748,.T.);
#966=ORIENTED_EDGE('',*,*,#749,.F.);
#967=ORIENTED_EDGE('',*,*,#750,.F.);
#968=ORIENTED_EDGE('',*,*,#750,.T.);
#969=ORIENTED_EDGE('',*,*,#751,.T.);
#970=ORIENTED_EDGE('',*,*,#752,.F.);
#971=ORIENTED_EDGE('',*,*,#751,.F.);
#972=ORIENTED_EDGE('',*,*,#752,.T.);
#973=ORIENTED_EDGE('',*,*,#731,.T.);
#974=ORIENTED_EDGE('',*,*,#737,.T.);
#975=ORIENTED_EDGE('',*,*,#734,.T.);
#976=ORIENTED_EDGE('',*,*,#721,.T.);
#977=ORIENTED_EDGE('',*,*,#725,.T.);
#978=ORIENTED_EDGE('',*,*,#728,.T.);
#979=ORIENTED_EDGE('',*,*,#753,.T.);
#980=ORIENTED_EDGE('',*,*,#754,.T.);
#981=ORIENTED_EDGE('',*,*,#755,.T.);
#982=ORIENTED_EDGE('',*,*,#756,.T.);
#983=ORIENTED_EDGE('',*,*,#757,.T.);
#984=ORIENTED_EDGE('',*,*,#758,.T.);
#985=ORIENTED_EDGE('',*,*,#759,.T.);
#986=ORIENTED_EDGE('',*,*,#760,.T.);
#987=ORIENTED_EDGE('',*,*,#761,.T.);
#988=ORIENTED_EDGE('',*,*,#762,.T.);
#989=ORIENTED_EDGE('',*,*,#763,.T.);
#990=ORIENTED_EDGE('',*,*,#764,.T.);
#991=ORIENTED_EDGE('',*,*,#765,.T.);
#992=ORIENTED_EDGE('',*,*,#732,.T.);
#993=ORIENTED_EDGE('',*,*,#729,.T.);
#994=ORIENTED_EDGE('',*,*,#726,.T.);
#995=ORIENTED_EDGE('',*,*,#723,.T.);
#996=ORIENTED_EDGE('',*,*,#736,.T.);
#997=ORIENTED_EDGE('',*,*,#738,.T.);
#998=ORIENTED_EDGE('',*,*,#766,.F.);
#999=ORIENTED_EDGE('',*,*,#767,.T.);
#1000=ORIENTED_EDGE('',*,*,#768,.T.);
#1001=ORIENTED_EDGE('',*,*,#769,.F.);
#1002=ORIENTED_EDGE('',*,*,#770,.T.);
#1003=ORIENTED_EDGE('',*,*,#771,.F.);
#1004=ORIENTED_EDGE('',*,*,#772,.F.);
#1005=ORIENTED_EDGE('',*,*,#773,.T.);
#1006=ORIENTED_EDGE('',*,*,#774,.T.);
#1007=ORIENTED_EDGE('',*,*,#775,.T.);
#1008=ORIENTED_EDGE('',*,*,#776,.F.);
#1009=ORIENTED_EDGE('',*,*,#777,.T.);
#1010=ORIENTED_EDGE('',*,*,#778,.T.);
#1011=ORIENTED_EDGE('',*,*,#779,.T.);
#1012=ORIENTED_EDGE('',*,*,#780,.T.);
#1013=ORIENTED_EDGE('',*,*,#781,.T.);
#1014=ORIENTED_EDGE('',*,*,#754,.F.);
#1015=ORIENTED_EDGE('',*,*,#782,.T.);
#1016=ORIENTED_EDGE('',*,*,#783,.F.);
#1017=ORIENTED_EDGE('',*,*,#777,.F.);
#1018=ORIENTED_EDGE('',*,*,#784,.F.);
#1019=ORIENTED_EDGE('',*,*,#785,.F.);
#1020=ORIENTED_EDGE('',*,*,#786,.F.);
#1021=ORIENTED_EDGE('',*,*,#787,.T.);
#1022=ORIENTED_EDGE('',*,*,#778,.F.);
#1023=ORIENTED_EDGE('',*,*,#783,.T.);
#1024=ORIENTED_EDGE('',*,*,#788,.F.);
#1025=ORIENTED_EDGE('',*,*,#748,.F.);
#1026=ORIENTED_EDGE('',*,*,#789,.F.);
#1027=ORIENTED_EDGE('',*,*,#786,.T.);
#1028=ORIENTED_EDGE('',*,*,#785,.T.);
#1029=ORIENTED_EDGE('',*,*,#788,.T.);
#1030=ORIENTED_EDGE('',*,*,#784,.T.);
#1031=ORIENTED_EDGE('',*,*,#790,.T.);
#1032=ORIENTED_EDGE('',*,*,#770,.F.);
#1033=ORIENTED_EDGE('',*,*,#791,.T.);
#1034=ORIENTED_EDGE('',*,*,#792,.F.);
#1035=ORIENTED_EDGE('',*,*,#793,.T.);
#1036=ORIENTED_EDGE('',*,*,#794,.F.);
#1037=ORIENTED_EDGE('',*,*,#795,.T.);
#1038=ORIENTED_EDGE('',*,*,#773,.F.);
#1039=ORIENTED_EDGE('',*,*,#796,.T.);
#1040=ORIENTED_EDGE('',*,*,#771,.T.);
#1041=ORIENTED_EDGE('',*,*,#793,.F.);
#1042=ORIENTED_EDGE('',*,*,#797,.F.);
#1043=ORIENTED_EDGE('',*,*,#791,.F.);
#1044=ORIENTED_EDGE('',*,*,#776,.T.);
#1045=ORIENTED_EDGE('',*,*,#798,.F.);
#1046=ORIENTED_EDGE('',*,*,#799,.F.);
#1047=ORIENTED_EDGE('',*,*,#800,.F.);
#1048=ORIENTED_EDGE('',*,*,#772,.T.);
#1049=ORIENTED_EDGE('',*,*,#795,.F.);
#1050=ORIENTED_EDGE('',*,*,#801,.F.);
#1051=ORIENTED_EDGE('',*,*,#796,.F.);
#1052=ORIENTED_EDGE('',*,*,#769,.T.);
#1053=ORIENTED_EDGE('',*,*,#802,.F.);
#1054=ORIENTED_EDGE('',*,*,#803,.F.);
#1055=ORIENTED_EDGE('',*,*,#804,.F.);
#1056=ORIENTED_EDGE('',*,*,#766,.T.);
#1057=ORIENTED_EDGE('',*,*,#805,.F.);
#1058=ORIENTED_EDGE('',*,*,#806,.F.);
#1059=ORIENTED_EDGE('',*,*,#807,.F.);
#1060=ORIENTED_EDGE('',*,*,#801,.T.);
#1061=ORIENTED_EDGE('',*,*,#794,.T.);
#1062=ORIENTED_EDGE('',*,*,#799,.T.);
#1063=ORIENTED_EDGE('',*,*,#808,.T.);
#1064=ORIENTED_EDGE('',*,*,#803,.T.);
#1065=ORIENTED_EDGE('',*,*,#809,.T.);
#1066=ORIENTED_EDGE('',*,*,#797,.T.);
#1067=ORIENTED_EDGE('',*,*,#792,.T.);
#1068=ORIENTED_EDGE('',*,*,#802,.T.);
#1069=ORIENTED_EDGE('',*,*,#768,.F.);
#1070=ORIENTED_EDGE('',*,*,#804,.T.);
#1071=ORIENTED_EDGE('',*,*,#809,.F.);
#1072=ORIENTED_EDGE('',*,*,#800,.T.);
#1073=ORIENTED_EDGE('',*,*,#808,.F.);
#1074=ORIENTED_EDGE('',*,*,#798,.T.);
#1075=ORIENTED_EDGE('',*,*,#775,.F.);
#1076=ORIENTED_EDGE('',*,*,#805,.T.);
#1077=ORIENTED_EDGE('',*,*,#767,.F.);
#1078=ORIENTED_EDGE('',*,*,#807,.T.);
#1079=ORIENTED_EDGE('',*,*,#810,.F.);
#1080=ORIENTED_EDGE('',*,*,#806,.T.);
#1081=ORIENTED_EDGE('',*,*,#810,.T.);
#1082=ORIENTED_EDGE('',*,*,#811,.F.);
#1083=ORIENTED_EDGE('',*,*,#812,.T.);
#1084=ORIENTED_EDGE('',*,*,#813,.T.);
#1085=ORIENTED_EDGE('',*,*,#812,.F.);
#1086=ORIENTED_EDGE('',*,*,#813,.F.);
#1087=ORIENTED_EDGE('',*,*,#814,.F.);
#1088=ORIENTED_EDGE('',*,*,#774,.F.);
#1089=ORIENTED_EDGE('',*,*,#815,.T.);
#1090=ORIENTED_EDGE('',*,*,#816,.T.);
#1091=ORIENTED_EDGE('',*,*,#815,.F.);
#1092=ORIENTED_EDGE('',*,*,#816,.F.);
#1093=ORIENTED_EDGE('',*,*,#817,.F.);
#1094=ORIENTED_EDGE('',*,*,#818,.F.);
#1095=ORIENTED_EDGE('',*,*,#819,.T.);
#1096=ORIENTED_EDGE('',*,*,#820,.T.);
#1097=ORIENTED_EDGE('',*,*,#821,.F.);
#1098=ORIENTED_EDGE('',*,*,#822,.T.);
#1099=ORIENTED_EDGE('',*,*,#823,.T.);
#1100=ORIENTED_EDGE('',*,*,#824,.F.);
#1101=ORIENTED_EDGE('',*,*,#820,.F.);
#1102=ORIENTED_EDGE('',*,*,#825,.T.);
#1103=ORIENTED_EDGE('',*,*,#826,.T.);
#1104=ORIENTED_EDGE('',*,*,#827,.F.);
#1105=ORIENTED_EDGE('',*,*,#828,.F.);
#1106=ORIENTED_EDGE('',*,*,#827,.T.);
#1107=ORIENTED_EDGE('',*,*,#829,.F.);
#1108=ORIENTED_EDGE('',*,*,#830,.T.);
#1109=ORIENTED_EDGE('',*,*,#831,.F.);
#1110=ORIENTED_EDGE('',*,*,#821,.T.);
#1111=ORIENTED_EDGE('',*,*,#824,.T.);
#1112=ORIENTED_EDGE('',*,*,#832,.T.);
#1113=ORIENTED_EDGE('',*,*,#831,.T.);
#1114=ORIENTED_EDGE('',*,*,#833,.T.);
#1115=ORIENTED_EDGE('',*,*,#834,.F.);
#1116=ORIENTED_EDGE('',*,*,#835,.F.);
#1117=ORIENTED_EDGE('',*,*,#829,.T.);
#1118=ORIENTED_EDGE('',*,*,#836,.T.);
#1119=ORIENTED_EDGE('',*,*,#837,.F.);
#1120=ORIENTED_EDGE('',*,*,#838,.T.);
#1121=ORIENTED_EDGE('',*,*,#839,.F.);
#1122=ORIENTED_EDGE('',*,*,#840,.F.);
#1123=ORIENTED_EDGE('',*,*,#841,.T.);
#1124=ORIENTED_EDGE('',*,*,#842,.T.);
#1125=ORIENTED_EDGE('',*,*,#756,.F.);
#1126=ORIENTED_EDGE('',*,*,#843,.F.);
#1127=ORIENTED_EDGE('',*,*,#844,.T.);
#1128=ORIENTED_EDGE('',*,*,#845,.F.);
#1129=ORIENTED_EDGE('',*,*,#846,.F.);
#1130=ORIENTED_EDGE('',*,*,#842,.F.);
#1131=ORIENTED_EDGE('',*,*,#847,.F.);
#1132=ORIENTED_EDGE('',*,*,#843,.T.);
#1133=ORIENTED_EDGE('',*,*,#755,.F.);
#1134=ORIENTED_EDGE('',*,*,#781,.F.);
#1135=ORIENTED_EDGE('',*,*,#828,.T.);
#1136=ORIENTED_EDGE('',*,*,#832,.F.);
#1137=ORIENTED_EDGE('',*,*,#823,.F.);
#1138=ORIENTED_EDGE('',*,*,#848,.F.);
#1139=ORIENTED_EDGE('',*,*,#848,.T.);
#1140=ORIENTED_EDGE('',*,*,#849,.T.);
#1141=ORIENTED_EDGE('',*,*,#850,.T.);
#1142=ORIENTED_EDGE('',*,*,#851,.F.);
#1143=ORIENTED_EDGE('',*,*,#852,.F.);
#1144=ORIENTED_EDGE('',*,*,#840,.T.);
#1145=ORIENTED_EDGE('',*,*,#853,.F.);
#1146=ORIENTED_EDGE('',*,*,#854,.F.);
#1147=ORIENTED_EDGE('',*,*,#855,.F.);
#1148=ORIENTED_EDGE('',*,*,#856,.F.);
#1149=ORIENTED_EDGE('',*,*,#757,.F.);
#1150=ORIENTED_EDGE('',*,*,#845,.T.);
#1151=ORIENTED_EDGE('',*,*,#857,.T.);
#1152=ORIENTED_EDGE('',*,*,#857,.F.);
#1153=ORIENTED_EDGE('',*,*,#844,.F.);
#1154=ORIENTED_EDGE('',*,*,#847,.T.);
#1155=ORIENTED_EDGE('',*,*,#841,.F.);
#1156=ORIENTED_EDGE('',*,*,#858,.F.);
#1157=ORIENTED_EDGE('',*,*,#838,.F.);
#1158=ORIENTED_EDGE('',*,*,#859,.F.);
#1159=ORIENTED_EDGE('',*,*,#860,.T.);
#1160=ORIENTED_EDGE('',*,*,#858,.T.);
#1161=ORIENTED_EDGE('',*,*,#860,.F.);
#1162=ORIENTED_EDGE('',*,*,#861,.F.);
#1163=ORIENTED_EDGE('',*,*,#833,.F.);
#1164=ORIENTED_EDGE('',*,*,#830,.F.);
#1165=ORIENTED_EDGE('',*,*,#862,.F.);
#1166=ORIENTED_EDGE('',*,*,#855,.T.);
#1167=ORIENTED_EDGE('',*,*,#863,.F.);
#1168=ORIENTED_EDGE('',*,*,#864,.F.);
#1169=ORIENTED_EDGE('',*,*,#865,.F.);
#1170=ORIENTED_EDGE('',*,*,#846,.T.);
#1171=ORIENTED_EDGE('',*,*,#852,.T.);
#1172=ORIENTED_EDGE('',*,*,#866,.T.);
#1173=ORIENTED_EDGE('',*,*,#867,.T.);
#1174=ORIENTED_EDGE('',*,*,#868,.T.);
#1175=ORIENTED_EDGE('',*,*,#869,.T.);
#1176=ORIENTED_EDGE('',*,*,#870,.T.);
#1177=ORIENTED_EDGE('',*,*,#871,.T.);
#1178=ORIENTED_EDGE('',*,*,#872,.T.);
#1179=ORIENTED_EDGE('',*,*,#853,.T.);
#1180=ORIENTED_EDGE('',*,*,#839,.T.);
#1181=ORIENTED_EDGE('',*,*,#811,.T.);
#1182=ORIENTED_EDGE('',*,*,#856,.T.);
#1183=ORIENTED_EDGE('',*,*,#862,.T.);
#1184=ORIENTED_EDGE('',*,*,#873,.T.);
#1185=ORIENTED_EDGE('',*,*,#874,.T.);
#1186=ORIENTED_EDGE('',*,*,#875,.T.);
#1187=ORIENTED_EDGE('',*,*,#876,.F.);
#1188=ORIENTED_EDGE('',*,*,#758,.F.);
#1189=ORIENTED_EDGE('',*,*,#865,.T.);
#1190=ORIENTED_EDGE('',*,*,#877,.T.);
#1191=ORIENTED_EDGE('',*,*,#878,.T.);
#1192=ORIENTED_EDGE('',*,*,#873,.F.);
#1193=ORIENTED_EDGE('',*,*,#864,.T.);
#1194=ORIENTED_EDGE('',*,*,#879,.F.);
#1195=ORIENTED_EDGE('',*,*,#880,.F.);
#1196=ORIENTED_EDGE('',*,*,#818,.T.);
#1197=ORIENTED_EDGE('',*,*,#835,.T.);
#1198=ORIENTED_EDGE('',*,*,#881,.F.);
#1199=ORIENTED_EDGE('',*,*,#836,.F.);
#1200=ORIENTED_EDGE('',*,*,#826,.F.);
#1201=ORIENTED_EDGE('',*,*,#882,.F.);
#1202=ORIENTED_EDGE('',*,*,#877,.F.);
#1203=ORIENTED_EDGE('',*,*,#861,.T.);
#1204=ORIENTED_EDGE('',*,*,#859,.T.);
#1205=ORIENTED_EDGE('',*,*,#837,.T.);
#1206=ORIENTED_EDGE('',*,*,#881,.T.);
#1207=ORIENTED_EDGE('',*,*,#834,.T.);
#1208=ORIENTED_EDGE('',*,*,#854,.T.);
#1209=ORIENTED_EDGE('',*,*,#872,.F.);
#1210=ORIENTED_EDGE('',*,*,#883,.T.);
#1211=ORIENTED_EDGE('',*,*,#884,.T.);
#1212=ORIENTED_EDGE('',*,*,#879,.T.);
#1213=ORIENTED_EDGE('',*,*,#863,.T.);
#1214=ORIENTED_EDGE('',*,*,#882,.T.);
#1215=ORIENTED_EDGE('',*,*,#825,.F.);
#1216=ORIENTED_EDGE('',*,*,#780,.F.);
#1217=ORIENTED_EDGE('',*,*,#885,.T.);
#1218=ORIENTED_EDGE('',*,*,#886,.T.);
#1219=ORIENTED_EDGE('',*,*,#874,.F.);
#1220=ORIENTED_EDGE('',*,*,#878,.F.);
#1221=ORIENTED_EDGE('',*,*,#887,.T.);
#1222=ORIENTED_EDGE('',*,*,#888,.T.);
#1223=ORIENTED_EDGE('',*,*,#889,.T.);
#1224=ORIENTED_EDGE('',*,*,#890,.T.);
#1225=ORIENTED_EDGE('',*,*,#891,.T.);
#1226=ORIENTED_EDGE('',*,*,#892,.T.);
#1227=ORIENTED_EDGE('',*,*,#893,.F.);
#1228=ORIENTED_EDGE('',*,*,#894,.T.);
#1229=ORIENTED_EDGE('',*,*,#895,.T.);
#1230=ORIENTED_EDGE('',*,*,#896,.T.);
#1231=ORIENTED_EDGE('',*,*,#897,.T.);
#1232=ORIENTED_EDGE('',*,*,#749,.T.);
#1233=ORIENTED_EDGE('',*,*,#898,.T.);
#1234=ORIENTED_EDGE('',*,*,#896,.F.);
#1235=ORIENTED_EDGE('',*,*,#898,.F.);
#1236=ORIENTED_EDGE('',*,*,#893,.T.);
#1237=ORIENTED_EDGE('',*,*,#899,.T.);
#1238=ORIENTED_EDGE('',*,*,#894,.F.);
#1239=ORIENTED_EDGE('',*,*,#899,.F.);
#1240=ORIENTED_EDGE('',*,*,#900,.F.);
#1241=ORIENTED_EDGE('',*,*,#901,.T.);
#1242=ORIENTED_EDGE('',*,*,#902,.F.);
#1243=ORIENTED_EDGE('',*,*,#850,.F.);
#1244=ORIENTED_EDGE('',*,*,#903,.F.);
#1245=ORIENTED_EDGE('',*,*,#904,.F.);
#1246=ORIENTED_EDGE('',*,*,#905,.F.);
#1247=ORIENTED_EDGE('',*,*,#906,.F.);
#1248=ORIENTED_EDGE('',*,*,#907,.F.);
#1249=ORIENTED_EDGE('',*,*,#908,.T.);
#1250=ORIENTED_EDGE('',*,*,#885,.F.);
#1251=ORIENTED_EDGE('',*,*,#909,.F.);
#1252=ORIENTED_EDGE('',*,*,#817,.T.);
#1253=ORIENTED_EDGE('',*,*,#910,.T.);
#1254=ORIENTED_EDGE('',*,*,#897,.F.);
#1255=ORIENTED_EDGE('',*,*,#910,.F.);
#1256=ORIENTED_EDGE('',*,*,#763,.F.);
#1257=ORIENTED_EDGE('',*,*,#911,.T.);
#1258=ORIENTED_EDGE('',*,*,#742,.F.);
#1259=ORIENTED_EDGE('',*,*,#912,.F.);
#1260=ORIENTED_EDGE('',*,*,#913,.T.);
#1261=ORIENTED_EDGE('',*,*,#914,.T.);
#1262=ORIENTED_EDGE('',*,*,#746,.F.);
#1263=ORIENTED_EDGE('',*,*,#915,.F.);
#1264=ORIENTED_EDGE('',*,*,#759,.F.);
#1265=ORIENTED_EDGE('',*,*,#876,.T.);
#1266=ORIENTED_EDGE('',*,*,#814,.T.);
#1267=ORIENTED_EDGE('',*,*,#916,.T.);
#1268=ORIENTED_EDGE('',*,*,#895,.F.);
#1269=ORIENTED_EDGE('',*,*,#916,.F.);
#1270=ORIENTED_EDGE('',*,*,#917,.T.);
#1271=ORIENTED_EDGE('',*,*,#918,.T.);
#1272=ORIENTED_EDGE('',*,*,#889,.F.);
#1273=ORIENTED_EDGE('',*,*,#919,.F.);
#1274=ORIENTED_EDGE('',*,*,#868,.F.);
#1275=ORIENTED_EDGE('',*,*,#920,.T.);
#1276=ORIENTED_EDGE('',*,*,#892,.F.);
#1277=ORIENTED_EDGE('',*,*,#921,.F.);
#1278=ORIENTED_EDGE('',*,*,#880,.T.);
#1279=ORIENTED_EDGE('',*,*,#884,.F.);
#1280=ORIENTED_EDGE('',*,*,#922,.F.);
#1281=ORIENTED_EDGE('',*,*,#903,.T.);
#1282=ORIENTED_EDGE('',*,*,#923,.T.);
#1283=ORIENTED_EDGE('',*,*,#900,.T.);
#1284=ORIENTED_EDGE('',*,*,#849,.F.);
#1285=ORIENTED_EDGE('',*,*,#822,.F.);
#1286=ORIENTED_EDGE('',*,*,#819,.F.);
#1287=ORIENTED_EDGE('',*,*,#920,.F.);
#1288=ORIENTED_EDGE('',*,*,#867,.F.);
#1289=ORIENTED_EDGE('',*,*,#924,.T.);
#1290=ORIENTED_EDGE('',*,*,#887,.F.);
#1291=ORIENTED_EDGE('',*,*,#925,.F.);
#1292=ORIENTED_EDGE('',*,*,#869,.F.);
#1293=ORIENTED_EDGE('',*,*,#921,.T.);
#1294=ORIENTED_EDGE('',*,*,#891,.F.);
#1295=ORIENTED_EDGE('',*,*,#918,.F.);
#1296=ORIENTED_EDGE('',*,*,#905,.T.);
#1297=ORIENTED_EDGE('',*,*,#926,.F.);
#1298=ORIENTED_EDGE('',*,*,#870,.F.);
#1299=ORIENTED_EDGE('',*,*,#925,.T.);
#1300=ORIENTED_EDGE('',*,*,#890,.F.);
#1301=ORIENTED_EDGE('',*,*,#851,.T.);
#1302=ORIENTED_EDGE('',*,*,#902,.T.);
#1303=ORIENTED_EDGE('',*,*,#919,.T.);
#1304=ORIENTED_EDGE('',*,*,#888,.F.);
#1305=ORIENTED_EDGE('',*,*,#924,.F.);
#1306=ORIENTED_EDGE('',*,*,#866,.F.);
#1307=ORIENTED_EDGE('',*,*,#927,.T.);
#1308=ORIENTED_EDGE('',*,*,#740,.F.);
#1309=ORIENTED_EDGE('',*,*,#928,.F.);
#1310=ORIENTED_EDGE('',*,*,#765,.F.);
#1311=ORIENTED_EDGE('',*,*,#753,.F.);
#1312=ORIENTED_EDGE('',*,*,#928,.T.);
#1313=ORIENTED_EDGE('',*,*,#739,.F.);
#1314=ORIENTED_EDGE('',*,*,#790,.F.);
#1315=ORIENTED_EDGE('',*,*,#782,.F.);
#1316=ORIENTED_EDGE('',*,*,#926,.T.);
#1317=ORIENTED_EDGE('',*,*,#904,.T.);
#1318=ORIENTED_EDGE('',*,*,#922,.T.);
#1319=ORIENTED_EDGE('',*,*,#883,.F.);
#1320=ORIENTED_EDGE('',*,*,#871,.F.);
#1321=ORIENTED_EDGE('',*,*,#915,.T.);
#1322=ORIENTED_EDGE('',*,*,#745,.F.);
#1323=ORIENTED_EDGE('',*,*,#929,.F.);
#1324=ORIENTED_EDGE('',*,*,#760,.F.);
#1325=ORIENTED_EDGE('',*,*,#929,.T.);
#1326=ORIENTED_EDGE('',*,*,#744,.F.);
#1327=ORIENTED_EDGE('',*,*,#930,.F.);
#1328=ORIENTED_EDGE('',*,*,#761,.F.);
#1329=ORIENTED_EDGE('',*,*,#930,.T.);
#1330=ORIENTED_EDGE('',*,*,#743,.F.);
#1331=ORIENTED_EDGE('',*,*,#911,.F.);
#1332=ORIENTED_EDGE('',*,*,#762,.F.);
#1333=ORIENTED_EDGE('',*,*,#912,.T.);
#1334=ORIENTED_EDGE('',*,*,#741,.F.);
#1335=ORIENTED_EDGE('',*,*,#927,.F.);
#1336=ORIENTED_EDGE('',*,*,#764,.F.);
#1337=ORIENTED_EDGE('',*,*,#914,.F.);
#1338=ORIENTED_EDGE('',*,*,#907,.T.);
#1339=ORIENTED_EDGE('',*,*,#931,.T.);
#1340=ORIENTED_EDGE('',*,*,#789,.T.);
#1341=ORIENTED_EDGE('',*,*,#747,.F.);
#1342=ORIENTED_EDGE('',*,*,#875,.F.);
#1343=ORIENTED_EDGE('',*,*,#886,.F.);
#1344=ORIENTED_EDGE('',*,*,#908,.F.);
#1345=ORIENTED_EDGE('',*,*,#913,.F.);
#1346=ORIENTED_EDGE('',*,*,#909,.T.);
#1347=ORIENTED_EDGE('',*,*,#779,.F.);
#1348=ORIENTED_EDGE('',*,*,#787,.F.);
#1349=ORIENTED_EDGE('',*,*,#931,.F.);
#1350=ORIENTED_EDGE('',*,*,#906,.T.);
#1351=ORIENTED_EDGE('',*,*,#917,.F.);
#1352=ORIENTED_EDGE('',*,*,#901,.F.);
#1353=ORIENTED_EDGE('',*,*,#923,.F.);
#1354=PLANE('',#1491);
#1355=PLANE('',#1492);
#1356=PLANE('',#1493);
#1357=PLANE('',#1494);
#1358=PLANE('',#1495);
#1359=PLANE('',#1496);
#1360=PLANE('',#1497);
#1361=PLANE('',#1512);
#1362=PLANE('',#1513);
#1363=PLANE('',#1542);
#1364=PLANE('',#1543);
#1365=PLANE('',#1544);
#1366=PLANE('',#1545);
#1367=PLANE('',#1546);
#1368=PLANE('',#1547);
#1369=PLANE('',#1548);
#1370=PLANE('',#1550);
#1371=PLANE('',#1552);
#1372=PLANE('',#1557);
#1373=PLANE('',#1561);
#1374=PLANE('',#1565);
#1375=PLANE('',#1570);
#1376=PLANE('',#1574);
#1377=PLANE('',#1583);
#1378=PLANE('',#1584);
#1379=PLANE('',#1588);
#1380=PLANE('',#1593);
#1381=PLANE('',#1598);
#1382=PLANE('',#1602);
#1383=PLANE('',#1609);
#1384=PLANE('',#1616);
#1385=PLANE('',#1619);
#1386=PLANE('',#1622);
#1387=PLANE('',#1630);
#1388=PLANE('',#1633);
#1389=PLANE('',#1658);
#1390=PLANE('',#1666);
#1391=ADVANCED_FACE('',(#198),#1354,.F.);
#1392=ADVANCED_FACE('',(#199),#1355,.F.);
#1393=ADVANCED_FACE('',(#200),#1356,.F.);
#1394=ADVANCED_FACE('',(#201),#1357,.F.);
#1395=ADVANCED_FACE('',(#202),#1358,.F.);
#1396=ADVANCED_FACE('',(#203),#1359,.F.);
#1397=ADVANCED_FACE('',(#204,#78,#79),#1360,.F.);
#1398=ADVANCED_FACE('',(#205),#39,.T.);
#1399=ADVANCED_FACE('',(#206,#80),#1361,.T.);
#1400=ADVANCED_FACE('',(#207,#81,#82,#83,#84,#85,#86,#87),#1362,.T.);
#1401=ADVANCED_FACE('',(#208),#40,.F.);
#1402=ADVANCED_FACE('',(#209),#28,.F.);
#1403=ADVANCED_FACE('',(#210),#29,.F.);
#1404=ADVANCED_FACE('',(#211),#41,.T.);
#1405=ADVANCED_FACE('',(#212),#42,.T.);
#1406=ADVANCED_FACE('',(#213),#43,.T.);
#1407=ADVANCED_FACE('',(#214),#1363,.F.);
#1408=ADVANCED_FACE('',(#215),#1364,.F.);
#1409=ADVANCED_FACE('',(#216),#1365,.F.);
#1410=ADVANCED_FACE('',(#217),#1366,.F.);
#1411=ADVANCED_FACE('',(#218),#1367,.F.);
#1412=ADVANCED_FACE('',(#219),#1368,.T.);
#1413=ADVANCED_FACE('',(#220),#1369,.T.);
#1414=ADVANCED_FACE('',(#221),#1370,.T.);
#1415=ADVANCED_FACE('',(#222),#1371,.T.);
#1416=ADVANCED_FACE('',(#223),#44,.T.);
#1417=ADVANCED_FACE('',(#224),#45,.T.);
#1418=ADVANCED_FACE('',(#225),#46,.T.);
#1419=ADVANCED_FACE('',(#226),#1372,.T.);
#1420=ADVANCED_FACE('',(#227),#47,.F.);
#1421=ADVANCED_FACE('',(#228,#88),#1373,.T.);
#1422=ADVANCED_FACE('',(#229),#48,.F.);
#1423=ADVANCED_FACE('',(#230,#89),#1374,.T.);
#1424=ADVANCED_FACE('',(#231),#49,.T.);
#1425=ADVANCED_FACE('',(#232),#1375,.T.);
#1426=ADVANCED_FACE('',(#233),#50,.T.);
#1427=ADVANCED_FACE('',(#234),#1376,.F.);
#1428=ADVANCED_FACE('',(#235),#51,.F.);
#1429=ADVANCED_FACE('',(#236),#52,.F.);
#1430=ADVANCED_FACE('',(#237),#1377,.T.);
#1431=ADVANCED_FACE('',(#238),#1378,.T.);
#1432=ADVANCED_FACE('',(#239),#53,.T.);
#1433=ADVANCED_FACE('',(#240),#1379,.F.);
#1434=ADVANCED_FACE('',(#241),#54,.T.);
#1435=ADVANCED_FACE('',(#242,#90),#1380,.T.);
#1436=ADVANCED_FACE('',(#243),#55,.F.);
#1437=ADVANCED_FACE('',(#244),#1381,.F.);
#1438=ADVANCED_FACE('',(#245,#91),#1382,.T.);
#1439=ADVANCED_FACE('',(#246),#1383,.F.);
#1440=ADVANCED_FACE('',(#247),#56,.F.);
#1441=ADVANCED_FACE('',(#248),#57,.T.);
#1442=ADVANCED_FACE('',(#249),#1384,.F.);
#1443=ADVANCED_FACE('',(#250),#58,.F.);
#1444=ADVANCED_FACE('',(#251),#1385,.F.);
#1445=ADVANCED_FACE('',(#252,#92),#1386,.F.);
#1446=ADVANCED_FACE('',(#253,#93),#1387,.T.);
#1447=ADVANCED_FACE('',(#254,#94),#1388,.T.);
#1448=ADVANCED_FACE('',(#255),#59,.T.);
#1449=ADVANCED_FACE('',(#256),#60,.T.);
#1450=ADVANCED_FACE('',(#257),#23,.F.);
#1451=ADVANCED_FACE('',(#258),#24,.F.);
#1452=ADVANCED_FACE('',(#259),#25,.F.);
#1453=ADVANCED_FACE('',(#260),#61,.F.);
#1454=ADVANCED_FACE('',(#261),#62,.F.);
#1455=ADVANCED_FACE('',(#262),#63,.T.);
#1456=ADVANCED_FACE('',(#263),#64,.F.);
#1457=ADVANCED_FACE('',(#264),#65,.F.);
#1458=ADVANCED_FACE('',(#265),#66,.T.);
#1459=ADVANCED_FACE('',(#266),#1389,.F.);
#1460=ADVANCED_FACE('',(#267),#67,.F.);
#1461=ADVANCED_FACE('',(#268),#68,.F.);
#1462=ADVANCED_FACE('',(#269),#69,.T.);
#1463=ADVANCED_FACE('',(#270),#70,.T.);
#1464=ADVANCED_FACE('',(#271),#71,.T.);
#1465=ADVANCED_FACE('',(#272),#72,.T.);
#1466=ADVANCED_FACE('',(#273),#1390,.F.);
#1467=ADVANCED_FACE('',(#274),#73,.T.);
#1468=ADVANCED_FACE('',(#275),#74,.F.);
#1469=ADVANCED_FACE('',(#276),#75,.T.);
#1470=ADVANCED_FACE('',(#277),#76,.F.);
#1471=ADVANCED_FACE('',(#278),#77,.F.);
#1472=ADVANCED_FACE('',(#279),#26,.F.);
#1473=ADVANCED_FACE('',(#280),#30,.F.);
#1474=ADVANCED_FACE('',(#281),#27,.F.);
#1475=CLOSED_SHELL('',(#1391,#1392,#1393,#1394,#1395,#1396,#1397,#1398,
#1399,#1400,#1401,#1402,#1403,#1404,#1405,#1406,#1407,#1408,#1409,#1410,
#1411,#1412,#1413,#1414,#1415,#1416,#1417,#1418,#1419,#1420,#1421,#1422,
#1423,#1424,#1425,#1426,#1427,#1428,#1429,#1430,#1431,#1432,#1433,#1434,
#1435,#1436,#1437,#1438,#1439,#1440,#1441,#1442,#1443,#1444,#1445,#1446,
#1447,#1448,#1449,#1450,#1451,#1452,#1453,#1454,#1455,#1456,#1457,#1458,
#1459,#1460,#1461,#1462,#1463,#1464,#1465,#1466,#1467,#1468,#1469,#1470,
#1471,#1472,#1473,#1474));
#1476=DERIVED_UNIT_ELEMENT(#1478,1.);
#1477=DERIVED_UNIT_ELEMENT(#2847,-3.);
#1478=(
MASS_UNIT()
NAMED_UNIT(*)
SI_UNIT(.KILO.,.GRAM.)
);
#1479=DERIVED_UNIT((#1476,#1477));
#1480=MEASURE_REPRESENTATION_ITEM('density measure',
POSITIVE_RATIO_MEASURE(7850.),#1479);
#1481=PROPERTY_DEFINITION_REPRESENTATION(#1486,#1483);
#1482=PROPERTY_DEFINITION_REPRESENTATION(#1487,#1484);
#1483=REPRESENTATION('material name',(#1485),#2842);
#1484=REPRESENTATION('density',(#1480),#2842);
#1485=DESCRIPTIVE_REPRESENTATION_ITEM('Steel','Steel');
#1486=PROPERTY_DEFINITION('material property','material name',#2865);
#1487=PROPERTY_DEFINITION('material property','density of part',#2865);
#1488=AXIS2_PLACEMENT_3D('',#2155,#1677,#1678);
#1489=AXIS2_PLACEMENT_3D('',#2156,#1679,#1680);
#1490=AXIS2_PLACEMENT_3D('',#2157,#1681,#1682);
#1491=AXIS2_PLACEMENT_3D('',#2158,#1683,#1684);
#1492=AXIS2_PLACEMENT_3D('',#2167,#1689,#1690);
#1493=AXIS2_PLACEMENT_3D('',#2173,#1694,#1695);
#1494=AXIS2_PLACEMENT_3D('',#2179,#1699,#1700);
#1495=AXIS2_PLACEMENT_3D('',#2185,#1704,#1705);
#1496=AXIS2_PLACEMENT_3D('',#2191,#1709,#1710);
#1497=AXIS2_PLACEMENT_3D('',#2194,#1713,#1714);
#1498=AXIS2_PLACEMENT_3D('',#2197,#1715,#1716);
#1499=AXIS2_PLACEMENT_3D('',#2199,#1717,#1718);
#1500=AXIS2_PLACEMENT_3D('',#2201,#1719,#1720);
#1501=AXIS2_PLACEMENT_3D('',#2203,#1721,#1722);
#1502=AXIS2_PLACEMENT_3D('',#2205,#1723,#1724);
#1503=AXIS2_PLACEMENT_3D('',#2207,#1725,#1726);
#1504=AXIS2_PLACEMENT_3D('',#2209,#1727,#1728);
#1505=AXIS2_PLACEMENT_3D('',#2211,#1729,#1730);
#1506=AXIS2_PLACEMENT_3D('',#2213,#1731,#1732);
#1507=AXIS2_PLACEMENT_3D('',#2214,#1733,#1734);
#1508=AXIS2_PLACEMENT_3D('',#2216,#1735,#1736);
#1509=AXIS2_PLACEMENT_3D('',#2218,#1737,#1738);
#1510=AXIS2_PLACEMENT_3D('',#2219,#1739,#1740);
#1511=AXIS2_PLACEMENT_3D('',#2222,#1742,#1743);
#1512=AXIS2_PLACEMENT_3D('',#2223,#1744,#1745);
#1513=AXIS2_PLACEMENT_3D('',#2224,#1746,#1747);
#1514=AXIS2_PLACEMENT_3D('',#2227,#1748,#1749);
#1515=AXIS2_PLACEMENT_3D('',#2229,#1750,#1751);
#1516=AXIS2_PLACEMENT_3D('',#2231,#1752,#1753);
#1517=AXIS2_PLACEMENT_3D('',#2235,#1755,#1756);
#1518=AXIS2_PLACEMENT_3D('',#2239,#1758,#1759);
#1519=AXIS2_PLACEMENT_3D('',#2241,#1760,#1761);
#1520=AXIS2_PLACEMENT_3D('',#2243,#1762,#1763);
#1521=AXIS2_PLACEMENT_3D('',#2245,#1764,#1765);
#1522=AXIS2_PLACEMENT_3D('',#2247,#1766,#1767);
#1523=AXIS2_PLACEMENT_3D('',#2249,#1768,#1769);
#1524=AXIS2_PLACEMENT_3D('',#2250,#1770,#1771);
#1525=AXIS2_PLACEMENT_3D('',#2254,#1773,#1774);
#1526=AXIS2_PLACEMENT_3D('',#2257,#1775,#1776);
#1527=AXIS2_PLACEMENT_3D('',#2261,#1778,#1779);
#1528=AXIS2_PLACEMENT_3D('',#2266,#1782,#1783);
#1529=AXIS2_PLACEMENT_3D('',#2268,#1784,#1785);
#1530=AXIS2_PLACEMENT_3D('',#2271,#1786,#1787);
#1531=AXIS2_PLACEMENT_3D('',#2273,#1789,#1790);
#1532=AXIS2_PLACEMENT_3D('',#2287,#1791,#1792);
#1533=AXIS2_PLACEMENT_3D('',#2289,#1793,#1794);
#1534=AXIS2_PLACEMENT_3D('',#2291,#1795,#1796);
#1535=AXIS2_PLACEMENT_3D('',#2313,#1799,#1800);
#1536=AXIS2_PLACEMENT_3D('',#2473,#1801,#1802);
#1537=AXIS2_PLACEMENT_3D('',#2490,#1803,#1804);
#1538=AXIS2_PLACEMENT_3D('',#2493,#1807,#1808);
#1539=AXIS2_PLACEMENT_3D('',#2497,#1810,#1811);
#1540=AXIS2_PLACEMENT_3D('',#2499,#1813,#1814);
#1541=AXIS2_PLACEMENT_3D('',#2502,#1815,#1816);
#1542=AXIS2_PLACEMENT_3D('',#2505,#1819,#1820);
#1543=AXIS2_PLACEMENT_3D('',#2507,#1822,#1823);
#1544=AXIS2_PLACEMENT_3D('',#2513,#1827,#1828);
#1545=AXIS2_PLACEMENT_3D('',#2515,#1830,#1831);
#1546=AXIS2_PLACEMENT_3D('',#2521,#1835,#1836);
#1547=AXIS2_PLACEMENT_3D('',#2527,#1840,#1841);
#1548=AXIS2_PLACEMENT_3D('',#2528,#1842,#1843);
#1549=AXIS2_PLACEMENT_3D('',#2529,#1844,#1845);
#1550=AXIS2_PLACEMENT_3D('',#2530,#1846,#1847);
#1551=AXIS2_PLACEMENT_3D('',#2531,#1848,#1849);
#1552=AXIS2_PLACEMENT_3D('',#2532,#1850,#1851);
#1553=AXIS2_PLACEMENT_3D('',#2533,#1852,#1853);
#1554=AXIS2_PLACEMENT_3D('',#2534,#1854,#1855);
#1555=AXIS2_PLACEMENT_3D('',#2535,#1856,#1857);
#1556=AXIS2_PLACEMENT_3D('',#2536,#1858,#1859);
#1557=AXIS2_PLACEMENT_3D('',#2537,#1860,#1861);
#1558=AXIS2_PLACEMENT_3D('',#2538,#1862,#1863);
#1559=AXIS2_PLACEMENT_3D('',#2540,#1864,#1865);
#1560=AXIS2_PLACEMENT_3D('',#2543,#1867,#1868);
#1561=AXIS2_PLACEMENT_3D('',#2544,#1869,#1870);
#1562=AXIS2_PLACEMENT_3D('',#2546,#1871,#1872);
#1563=AXIS2_PLACEMENT_3D('',#2547,#1873,#1874);
#1564=AXIS2_PLACEMENT_3D('',#2550,#1876,#1877);
#1565=AXIS2_PLACEMENT_3D('',#2551,#1878,#1879);
#1566=AXIS2_PLACEMENT_3D('',#2553,#1880,#1881);
#1567=AXIS2_PLACEMENT_3D('',#2554,#1882,#1883);
#1568=AXIS2_PLACEMENT_3D('',#2559,#1885,#1886);
#1569=AXIS2_PLACEMENT_3D('',#2562,#1888,#1889);
#1570=AXIS2_PLACEMENT_3D('',#2563,#1890,#1891);
#1571=AXIS2_PLACEMENT_3D('',#2569,#1895,#1896);
#1572=AXIS2_PLACEMENT_3D('',#2571,#1897,#1898);
#1573=AXIS2_PLACEMENT_3D('',#2575,#1900,#1901);
#1574=AXIS2_PLACEMENT_3D('',#2577,#1903,#1904);
#1575=AXIS2_PLACEMENT_3D('',#2579,#1905,#1906);
#1576=AXIS2_PLACEMENT_3D('',#2581,#1907,#1908);
#1577=AXIS2_PLACEMENT_3D('',#2582,#1909,#1910);
#1578=AXIS2_PLACEMENT_3D('',#2583,#1911,#1912);
#1579=AXIS2_PLACEMENT_3D('',#2584,#1913,#1914);
#1580=AXIS2_PLACEMENT_3D('',#2588,#1916,#1917);
#1581=AXIS2_PLACEMENT_3D('',#2590,#1919,#1920);
#1582=AXIS2_PLACEMENT_3D('',#2594,#1922,#1923);
#1583=AXIS2_PLACEMENT_3D('',#2596,#1925,#1926);
#1584=AXIS2_PLACEMENT_3D('',#2605,#1931,#1932);
#1585=AXIS2_PLACEMENT_3D('',#2611,#1936,#1937);
#1586=AXIS2_PLACEMENT_3D('',#2613,#1938,#1939);
#1587=AXIS2_PLACEMENT_3D('',#2614,#1940,#1941);
#1588=AXIS2_PLACEMENT_3D('',#2616,#1943,#1944);
#1589=AXIS2_PLACEMENT_3D('',#2637,#1948,#1949);
#1590=AXIS2_PLACEMENT_3D('',#2639,#1950,#1951);
#1591=AXIS2_PLACEMENT_3D('',#2643,#1953,#1954);
#1592=AXIS2_PLACEMENT_3D('',#2645,#1956,#1957);
#1593=AXIS2_PLACEMENT_3D('',#2646,#1958,#1959);
#1594=AXIS2_PLACEMENT_3D('',#2648,#1960,#1961);
#1595=AXIS2_PLACEMENT_3D('',#2649,#1962,#1963);
#1596=AXIS2_PLACEMENT_3D('',#2651,#1964,#1965);
#1597=AXIS2_PLACEMENT_3D('',#2653,#1967,#1968);
#1598=AXIS2_PLACEMENT_3D('',#2654,#1969,#1970);
#1599=AXIS2_PLACEMENT_3D('',#2658,#1972,#1973);
#1600=AXIS2_PLACEMENT_3D('',#2660,#1974,#1975);
#1601=AXIS2_PLACEMENT_3D('',#2661,#1976,#1977);
#1602=AXIS2_PLACEMENT_3D('',#2662,#1978,#1979);
#1603=AXIS2_PLACEMENT_3D('',#2664,#1980,#1981);
#1604=AXIS2_PLACEMENT_3D('',#2666,#1982,#1983);
#1605=AXIS2_PLACEMENT_3D('',#2668,#1984,#1985);
#1606=AXIS2_PLACEMENT_3D('',#2670,#1986,#1987);
#1607=AXIS2_PLACEMENT_3D('',#2672,#1988,#1989);
#1608=AXIS2_PLACEMENT_3D('',#2675,#1991,#1992);
#1609=AXIS2_PLACEMENT_3D('',#2676,#1993,#1994);
#1610=AXIS2_PLACEMENT_3D('',#2697,#1998,#1999);
#1611=AXIS2_PLACEMENT_3D('',#2700,#2001,#2002);
#1612=AXIS2_PLACEMENT_3D('',#2701,#2003,#2004);
#1613=AXIS2_PLACEMENT_3D('',#2704,#2006,#2007);
#1614=AXIS2_PLACEMENT_3D('',#2705,#2008,#2009);
#1615=AXIS2_PLACEMENT_3D('',#2706,#2010,#2011);
#1616=AXIS2_PLACEMENT_3D('',#2707,#2012,#2013);
#1617=AXIS2_PLACEMENT_3D('',#2708,#2014,#2015);
#1618=AXIS2_PLACEMENT_3D('',#2711,#2017,#2018);
#1619=AXIS2_PLACEMENT_3D('',#2712,#2019,#2020);
#1620=AXIS2_PLACEMENT_3D('',#2714,#2021,#2022);
#1621=AXIS2_PLACEMENT_3D('',#2715,#2023,#2024);
#1622=AXIS2_PLACEMENT_3D('',#2716,#2025,#2026);
#1623=AXIS2_PLACEMENT_3D('',#2719,#2027,#2028);
#1624=AXIS2_PLACEMENT_3D('',#2721,#2029,#2030);
#1625=AXIS2_PLACEMENT_3D('',#2723,#2031,#2032);
#1626=AXIS2_PLACEMENT_3D('',#2725,#2033,#2034);
#1627=AXIS2_PLACEMENT_3D('',#2727,#2035,#2036);
#1628=AXIS2_PLACEMENT_3D('',#2728,#2037,#2038);
#1629=AXIS2_PLACEMENT_3D('',#2730,#2039,#2040);
#1630=AXIS2_PLACEMENT_3D('',#2731,#2041,#2042);
#1631=AXIS2_PLACEMENT_3D('',#2733,#2043,#2044);
#1632=AXIS2_PLACEMENT_3D('',#2735,#2045,#2046);
#1633=AXIS2_PLACEMENT_3D('',#2736,#2047,#2048);
#1634=AXIS2_PLACEMENT_3D('',#2738,#2049,#2050);
#1635=AXIS2_PLACEMENT_3D('',#2740,#2051,#2052);
#1636=AXIS2_PLACEMENT_3D('',#2741,#2053,#2054);
#1637=AXIS2_PLACEMENT_3D('',#2743,#2056,#2057);
#1638=AXIS2_PLACEMENT_3D('',#2745,#2059,#2060);
#1639=AXIS2_PLACEMENT_3D('',#2747,#2061,#2062);
#1640=AXIS2_PLACEMENT_3D('',#2749,#2063,#2064);
#1641=AXIS2_PLACEMENT_3D('',#2750,#2065,#2066);
#1642=AXIS2_PLACEMENT_3D('',#2751,#2067,#2068);
#1643=AXIS2_PLACEMENT_3D('',#2754,#2069,#2070);
#1644=AXIS2_PLACEMENT_3D('',#2771,#2071,#2072);
#1645=AXIS2_PLACEMENT_3D('',#2772,#2073,#2074);
#1646=AXIS2_PLACEMENT_3D('',#2773,#2075,#2076);
#1647=AXIS2_PLACEMENT_3D('',#2776,#2077,#2078);
#1648=AXIS2_PLACEMENT_3D('',#2777,#2079,#2080);
#1649=AXIS2_PLACEMENT_3D('',#2778,#2081,#2082);
#1650=AXIS2_PLACEMENT_3D('',#2779,#2083,#2084);
#1651=AXIS2_PLACEMENT_3D('',#2781,#2086,#2087);
#1652=AXIS2_PLACEMENT_3D('',#2784,#2090,#2091);
#1653=AXIS2_PLACEMENT_3D('',#2785,#2092,#2093);
#1654=AXIS2_PLACEMENT_3D('',#2788,#2096,#2097);
#1655=AXIS2_PLACEMENT_3D('',#2790,#2099,#2100);
#1656=AXIS2_PLACEMENT_3D('',#2791,#2101,#2102);
#1657=AXIS2_PLACEMENT_3D('',#2794,#2105,#2106);
#1658=AXIS2_PLACEMENT_3D('',#2797,#2109,#2110);
#1659=AXIS2_PLACEMENT_3D('',#2799,#2112,#2113);
#1660=AXIS2_PLACEMENT_3D('',#2800,#2114,#2115);
#1661=AXIS2_PLACEMENT_3D('',#2802,#2117,#2118);
#1662=AXIS2_PLACEMENT_3D('',#2804,#2120,#2121);
#1663=AXIS2_PLACEMENT_3D('',#2806,#2123,#2124);
#1664=AXIS2_PLACEMENT_3D('',#2807,#2125,#2126);
#1665=AXIS2_PLACEMENT_3D('',#2810,#2129,#2130);
#1666=AXIS2_PLACEMENT_3D('',#2811,#2131,#2132);
#1667=AXIS2_PLACEMENT_3D('',#2812,#2133,#2134);
#1668=AXIS2_PLACEMENT_3D('',#2814,#2136,#2137);
#1669=AXIS2_PLACEMENT_3D('',#2816,#2139,#2140);
#1670=AXIS2_PLACEMENT_3D('',#2817,#2141,#2142);
#1671=AXIS2_PLACEMENT_3D('',#2818,#2143,#2144);
#1672=AXIS2_PLACEMENT_3D('',#2819,#2145,#2146);
#1673=AXIS2_PLACEMENT_3D('',#2820,#2147,#2148);
#1674=AXIS2_PLACEMENT_3D('',#2833,#2149,#2150);
#1675=AXIS2_PLACEMENT_3D('',#2834,#2151,#2152);
#1676=AXIS2_PLACEMENT_3D('',#2835,#2153,#2154);
#1677=DIRECTION('axis',(0.,0.,1.));
#1678=DIRECTION('refdir',(1.,0.,0.));
#1679=DIRECTION('axis',(0.,0.,1.));
#1680=DIRECTION('refdir',(1.,0.,0.));
#1681=DIRECTION('axis',(0.,0.,1.));
#1682=DIRECTION('refdir',(1.,0.,0.));
#1683=DIRECTION('center_axis',(-0.5,0.866025403784439,-2.93162821320898E-16));
#1684=DIRECTION('ref_axis',(-0.866025403784438,-0.5,-9.51517575155357E-15));
#1685=DIRECTION('',(-0.866025403784438,-0.5,4.8074067159589E-17));
#1686=DIRECTION('',(-8.38568060135182E-15,-4.50295968491668E-15,1.));
#1687=DIRECTION('',(0.866025403784438,0.5,-4.8074067159589E-17));
#1688=DIRECTION('',(-8.38568060135182E-15,-4.50295968491668E-15,1.));
#1689=DIRECTION('center_axis',(-1.,2.91853425412113E-31,-8.38568060135182E-15));
#1690=DIRECTION('ref_axis',(3.74689045292072E-29,-1.,-4.50300455618737E-15));
#1691=DIRECTION('',(-2.91853425412112E-31,-1.,-9.24446373305873E-32));
#1692=DIRECTION('',(2.91853425412112E-31,1.,9.24446373305873E-32));
#1693=DIRECTION('',(-8.38568060135182E-15,-4.50295968491668E-15,1.));
#1694=DIRECTION('center_axis',(-0.5,-0.866025403784439,-8.09251778003092E-15));
#1695=DIRECTION('ref_axis',(0.866025403784439,-0.5,5.0121711953662E-15));
#1696=DIRECTION('',(0.866025403784439,-0.5,-4.80740671595891E-17));
#1697=DIRECTION('',(-0.866025403784439,0.5,4.80740671595891E-17));
#1698=DIRECTION('',(-8.38568060135182E-15,-4.50295968491668E-15,1.));
#1699=DIRECTION('center_axis',(0.5,-0.866025403784439,2.93162821320893E-16));
#1700=DIRECTION('ref_axis',(0.866025403784439,0.5,9.51517575155357E-15));
#1701=DIRECTION('',(0.866025403784439,0.5,-4.80740671595891E-17));
#1702=DIRECTION('',(-0.866025403784439,-0.5,4.80740671595891E-17));
#1703=DIRECTION('',(-8.38568060135182E-15,-4.50295968491668E-15,1.));
#1704=DIRECTION('center_axis',(0.5,0.866025403784439,8.09251778003092E-15));
#1705=DIRECTION('ref_axis',(-0.866025403784439,0.5,-5.0121711953662E-15));
#1706=DIRECTION('',(-0.866025403784439,0.5,4.80740671595891E-17));
#1707=DIRECTION('',(-8.38568060135182E-15,-4.50295968491668E-15,1.));
#1708=DIRECTION('',(0.866025403784439,-0.5,-4.80740671595891E-17));
#1709=DIRECTION('center_axis',(1.,-2.91853425412113E-31,8.38568060135182E-15));
#1710=DIRECTION('ref_axis',(-3.74689045292072E-29,1.,4.50300455618737E-15));
#1711=DIRECTION('',(2.91853425412112E-31,1.,9.24446373305873E-32));
#1712=DIRECTION('',(-2.91853425412112E-31,-1.,-9.24446373305873E-32));
#1713=DIRECTION('center_axis',(5.55111512312578E-17,-9.24446373305873E-32,
1.));
#1714=DIRECTION('ref_axis',(1.,3.00445071324409E-32,-5.55111512312578E-17));
#1715=DIRECTION('center_axis',(-5.55111512312578E-17,9.24446373305873E-32,
-1.));
#1716=DIRECTION('ref_axis',(1.,3.00445071324409E-32,-5.55111512312578E-17));
#1717=DIRECTION('center_axis',(-5.55111512312578E-17,9.24446373305873E-32,
-1.));
#1718=DIRECTION('ref_axis',(1.,3.00445071324409E-32,-5.55111512312578E-17));
#1719=DIRECTION('center_axis',(5.55111512312578E-17,-9.24446373305873E-32,
1.));
#1720=DIRECTION('ref_axis',(1.,3.00445071324409E-32,-5.55111512312578E-17));
#1721=DIRECTION('center_axis',(5.55111512312578E-17,-9.24446373305873E-32,
1.));
#1722=DIRECTION('ref_axis',(1.,-4.51028103753969E-15,-5.55111512312578E-17));
#1723=DIRECTION('center_axis',(-5.55111512312578E-17,9.24446373305873E-32,
-1.));
#1724=DIRECTION('ref_axis',(1.,3.00445071324409E-32,-5.55111512312578E-17));
#1725=DIRECTION('center_axis',(5.55111512312578E-17,-9.24446373305873E-32,
1.));
#1726=DIRECTION('ref_axis',(1.,1.73472347597681E-15,-5.55111512312578E-17));
#1727=DIRECTION('center_axis',(-5.55111512312578E-17,9.24446373305873E-32,
-1.));
#1728=DIRECTION('ref_axis',(1.,3.00445071324409E-32,-5.55111512312578E-17));
#1729=DIRECTION('center_axis',(-5.55111512312578E-17,9.24446373305873E-32,
-1.));
#1730=DIRECTION('ref_axis',(1.,3.00445071324409E-32,-5.55111512312578E-17));
#1731=DIRECTION('center_axis',(5.55111512312578E-17,-9.24446373305873E-32,
1.));
#1732=DIRECTION('ref_axis',(1.,3.00445071324409E-32,-5.55111512312578E-17));
#1733=DIRECTION('center_axis',(-5.55111512312578E-17,9.24446373305873E-32,
-1.));
#1734=DIRECTION('ref_axis',(1.,3.00445071324409E-32,-5.55111512312578E-17));
#1735=DIRECTION('center_axis',(-5.55111512312578E-17,9.24446373305873E-32,
-1.));
#1736=DIRECTION('ref_axis',(1.,3.00445071324409E-32,-5.55111512312578E-17));
#1737=DIRECTION('center_axis',(-5.55111512312578E-17,9.24446373305873E-32,
-1.));
#1738=DIRECTION('ref_axis',(1.,3.00445071324409E-32,-5.55111512312578E-17));
#1739=DIRECTION('center_axis',(5.55111512312578E-17,-9.24446373305873E-32,
1.));
#1740=DIRECTION('ref_axis',(1.,3.00445071324409E-32,-5.55111512312578E-17));
#1741=DIRECTION('',(-5.55111512312578E-17,9.24446373305873E-32,-1.));
#1742=DIRECTION('center_axis',(-5.55111512312578E-17,9.24446373305873E-32,
-1.));
#1743=DIRECTION('ref_axis',(-1.,-3.00445071324409E-32,5.55111512312578E-17));
#1744=DIRECTION('center_axis',(-5.55111512312578E-17,9.24446373305873E-32,
-1.));
#1745=DIRECTION('ref_axis',(-1.,-3.00445071324409E-32,5.55111512312578E-17));
#1746=DIRECTION('center_axis',(5.55111512312578E-17,-9.24446373305873E-32,
1.));
#1747=DIRECTION('ref_axis',(1.,3.00445071324409E-32,-5.55111512312578E-17));
#1748=DIRECTION('center_axis',(5.55111512312578E-17,-9.24446373305873E-32,
1.));
#1749=DIRECTION('ref_axis',(1.,3.00445071324409E-32,-5.55111512312578E-17));
#1750=DIRECTION('center_axis',(-5.55111512312578E-17,9.24446373305873E-32,
-1.));
#1751=DIRECTION('ref_axis',(1.,3.00445071324409E-32,-5.55111512312578E-17));
#1752=DIRECTION('center_axis',(-5.55111512312578E-17,9.24446373305873E-32,
-1.));
#1753=DIRECTION('ref_axis',(1.,3.00445071324409E-32,-5.55111512312578E-17));
#1754=DIRECTION('',(-1.,-3.00445071324409E-32,5.55111512312578E-17));
#1755=DIRECTION('center_axis',(-5.55111512312578E-17,9.24446373305873E-32,
-1.));
#1756=DIRECTION('ref_axis',(-1.,-3.00445071324409E-32,5.55111512312578E-17));
#1757=DIRECTION('',(1.,8.86288561434083E-17,-5.55111512312578E-17));
#1758=DIRECTION('center_axis',(5.55111512312578E-17,-9.24446373305873E-32,
1.));
#1759=DIRECTION('ref_axis',(1.,3.00445071324409E-32,-5.55111512312578E-17));
#1760=DIRECTION('center_axis',(5.55111512312578E-17,-9.24446373305873E-32,
1.));
#1761=DIRECTION('ref_axis',(1.,3.00445071324409E-32,-5.55111512312578E-17));
#1762=DIRECTION('center_axis',(-5.55111512312578E-17,9.24446373305873E-32,
-1.));
#1763=DIRECTION('ref_axis',(1.,3.00445071324409E-32,-5.55111512312578E-17));
#1764=DIRECTION('center_axis',(5.55111512312578E-17,-9.24446373305873E-32,
1.));
#1765=DIRECTION('ref_axis',(1.,3.00445071324409E-32,-5.55111512312578E-17));
#1766=DIRECTION('center_axis',(-5.55111512312578E-17,9.24446373305873E-32,
-1.));
#1767=DIRECTION('ref_axis',(1.,3.00445071324409E-32,-5.55111512312578E-17));
#1768=DIRECTION('center_axis',(-5.55111512312578E-17,9.24446373305873E-32,
-1.));
#1769=DIRECTION('ref_axis',(1.,3.00445071324409E-32,-5.55111512312578E-17));
#1770=DIRECTION('center_axis',(5.55111512312578E-17,-9.24446373305873E-32,
1.));
#1771=DIRECTION('ref_axis',(1.,3.00445071324409E-32,-5.55111512312578E-17));
#1772=DIRECTION('',(0.884944552688893,0.465696401818025,-4.91242908955909E-17));
#1773=DIRECTION('center_axis',(-5.55111512312578E-17,9.24446373305873E-32,
-1.));
#1774=DIRECTION('ref_axis',(1.,3.00445071324409E-32,-5.55111512312578E-17));
#1775=DIRECTION('center_axis',(-5.55111512312578E-17,9.24446373305873E-32,
-1.));
#1776=DIRECTION('ref_axis',(1.,3.00445071324409E-32,-5.55111512312578E-17));
#1777=DIRECTION('',(-0.875586532986862,0.483061303823901,4.86048164486864E-17));
#1778=DIRECTION('center_axis',(-5.55111512312578E-17,9.24446373305873E-32,
-1.));
#1779=DIRECTION('ref_axis',(1.,3.00445071324409E-32,-5.55111512312578E-17));
#1780=DIRECTION('',(0.880223997477624,-0.474558441358397,-4.88622474413627E-17));
#1781=DIRECTION('',(-0.875586532986861,-0.483061303823903,4.86048164486863E-17));
#1782=DIRECTION('center_axis',(-5.55111512312578E-17,9.24446373305873E-32,
-1.));
#1783=DIRECTION('ref_axis',(1.,3.00445071324409E-32,-5.55111512312578E-17));
#1784=DIRECTION('center_axis',(-5.55111512312578E-17,9.24446373305873E-32,
-1.));
#1785=DIRECTION('ref_axis',(1.,3.00445071324409E-32,-5.55111512312578E-17));
#1786=DIRECTION('center_axis',(-5.55111512312578E-17,9.24446373305873E-32,
-1.));
#1787=DIRECTION('ref_axis',(1.,3.00445071324409E-32,-5.55111512312578E-17));
#1788=DIRECTION('',(3.00445071324409E-32,-1.,-9.24446373305873E-32));
#1789=DIRECTION('center_axis',(-5.55111512312578E-17,9.24446373305873E-32,
-1.));
#1790=DIRECTION('ref_axis',(-1.,-3.00445071324409E-32,5.55111512312578E-17));
#1791=DIRECTION('center_axis',(-5.55111512312578E-17,9.24446373305873E-32,
-1.));
#1792=DIRECTION('ref_axis',(0.459174863922247,-0.888345903543201,-2.54893253127802E-17));
#1793=DIRECTION('center_axis',(-5.55111512312578E-17,9.24446373305873E-32,
-1.));
#1794=DIRECTION('ref_axis',(1.,3.00445071324409E-32,-5.55111512312578E-17));
#1795=DIRECTION('center_axis',(-5.55111512312578E-17,9.24446373305873E-32,
-1.));
#1796=DIRECTION('ref_axis',(1.,3.00445071324409E-32,-5.55111512312578E-17));
#1797=DIRECTION('',(5.55111512312578E-17,-9.24446373305873E-32,1.));
#1798=DIRECTION('',(-5.55111512312578E-17,9.24446373305873E-32,-1.));
#1799=DIRECTION('center_axis',(0.115972325639811,0.654938637513815,0.746730072233094));
#1800=DIRECTION('ref_axis',(0.984681775606982,-0.174361121777424,8.82712337804096E-15));
#1801=DIRECTION('center_axis',(0.321291483747602,-0.943431928241779,-0.081902254213562));
#1802=DIRECTION('ref_axis',(0.0380249736225036,-0.0735652846093266,0.996565226305512));
#1803=DIRECTION('center_axis',(-5.55111512312578E-17,9.24446373305873E-32,
-1.));
#1804=DIRECTION('ref_axis',(-1.,-3.00445071324409E-32,5.55111512312578E-17));
#1805=DIRECTION('',(-5.55111512312578E-17,9.24446373305873E-32,-1.));
#1806=DIRECTION('',(-5.55111512312578E-17,9.24446373305873E-32,-1.));
#1807=DIRECTION('center_axis',(5.55111512312578E-17,-9.24446373305873E-32,
1.));
#1808=DIRECTION('ref_axis',(1.,3.00445071324409E-32,-5.55111512312578E-17));
#1809=DIRECTION('',(5.55111512312578E-17,-9.24446373305873E-32,1.));
#1810=DIRECTION('center_axis',(5.55111512312578E-17,-9.24446373305873E-32,
1.));
#1811=DIRECTION('ref_axis',(1.,3.00445071324409E-32,-5.55111512312578E-17));
#1812=DIRECTION('',(-5.55111512312578E-17,9.24446373305873E-32,-1.));
#1813=DIRECTION('center_axis',(5.55111512312578E-17,-9.24446373305873E-32,
1.));
#1814=DIRECTION('ref_axis',(1.,3.00445071324409E-32,-5.55111512312578E-17));
#1815=DIRECTION('center_axis',(5.55111512312578E-17,-9.24446373305873E-32,
1.));
#1816=DIRECTION('ref_axis',(1.,3.00445071324409E-32,-5.55111512312578E-17));
#1817=DIRECTION('',(-5.55111512312578E-17,9.24446373305873E-32,-1.));
#1818=DIRECTION('',(5.55111512312578E-17,-9.24446373305873E-32,1.));
#1819=DIRECTION('center_axis',(0.474558441358397,0.880223997477624,-2.63432854063159E-17));
#1820=DIRECTION('ref_axis',(-0.880223997477624,0.474558441358397,4.88622474413627E-17));
#1821=DIRECTION('',(0.880223997477624,-0.474558441358397,-4.88622474413627E-17));
#1822=DIRECTION('center_axis',(1.,3.00445071324409E-32,-5.55111512312578E-17));
#1823=DIRECTION('ref_axis',(-3.00445071324409E-32,1.,9.24446373305873E-32));
#1824=DIRECTION('',(-5.55111512312578E-17,9.24446373305873E-32,-1.));
#1825=DIRECTION('',(3.00445071324409E-32,-1.,-9.24446373305873E-32));
#1826=DIRECTION('',(5.55111512312578E-17,-9.24446373305873E-32,1.));
#1827=DIRECTION('center_axis',(0.483061303823903,-0.875586532986861,-2.68152890905373E-17));
#1828=DIRECTION('ref_axis',(0.875586532986861,0.483061303823903,-4.86048164486863E-17));
#1829=DIRECTION('',(-0.875586532986861,-0.483061303823903,4.86048164486863E-17));
#1830=DIRECTION('center_axis',(-0.483061303823901,-0.875586532986862,2.68152890905371E-17));
#1831=DIRECTION('ref_axis',(0.875586532986862,-0.483061303823901,-4.86048164486864E-17));
#1832=DIRECTION('',(-5.55111512312578E-17,9.24446373305873E-32,-1.));
#1833=DIRECTION('',(-0.875586532986862,0.483061303823901,4.86048164486864E-17));
#1834=DIRECTION('',(5.55111512312578E-17,-9.24446373305873E-32,1.));
#1835=DIRECTION('center_axis',(-0.465696401818025,0.884944552688893,2.58513433891731E-17));
#1836=DIRECTION('ref_axis',(-0.884944552688893,-0.465696401818025,4.91242908955909E-17));
#1837=DIRECTION('',(-5.55111512312578E-17,9.24446373305873E-32,-1.));
#1838=DIRECTION('',(0.884944552688893,0.465696401818025,-4.91242908955909E-17));
#1839=DIRECTION('',(5.55111512312578E-17,-9.24446373305873E-32,1.));
#1840=DIRECTION('center_axis',(5.55111512312578E-17,-9.24446373305873E-32,
1.));
#1841=DIRECTION('ref_axis',(1.,3.00445071324409E-32,-5.55111512312578E-17));
#1842=DIRECTION('center_axis',(5.55111512312578E-17,-9.24446373305873E-32,
1.));
#1843=DIRECTION('ref_axis',(1.,3.00445071324409E-32,-5.55111512312578E-17));
#1844=DIRECTION('center_axis',(5.55111512312578E-17,-9.24446373305873E-32,
1.));
#1845=DIRECTION('ref_axis',(1.,3.00445071324409E-32,-5.55111512312578E-17));
#1846=DIRECTION('center_axis',(5.55111512312578E-17,-9.24446373305873E-32,
1.));
#1847=DIRECTION('ref_axis',(1.,3.00445071324409E-32,-5.55111512312578E-17));
#1848=DIRECTION('center_axis',(5.55111512312578E-17,-9.24446373305873E-32,
1.));
#1849=DIRECTION('ref_axis',(1.,3.00445071324409E-32,-5.55111512312578E-17));
#1850=DIRECTION('center_axis',(5.55111512312578E-17,-9.24446373305873E-32,
1.));
#1851=DIRECTION('ref_axis',(1.,3.00445071324409E-32,-5.55111512312578E-17));
#1852=DIRECTION('center_axis',(5.55111512312578E-17,-9.24446373305873E-32,
1.));
#1853=DIRECTION('ref_axis',(1.,3.00445071324409E-32,-5.55111512312578E-17));
#1854=DIRECTION('center_axis',(5.55111512312578E-17,-9.24446373305873E-32,
1.));
#1855=DIRECTION('ref_axis',(1.,3.00445071324409E-32,-5.55111512312578E-17));
#1856=DIRECTION('center_axis',(5.55111512312578E-17,-9.24446373305873E-32,
1.));
#1857=DIRECTION('ref_axis',(1.,3.00445071324409E-32,-5.55111512312578E-17));
#1858=DIRECTION('center_axis',(5.55111512312578E-17,-9.24446373305873E-32,
1.));
#1859=DIRECTION('ref_axis',(1.,3.00445071324409E-32,-5.55111512312578E-17));
#1860=DIRECTION('center_axis',(5.55111512312578E-17,-9.24446373305873E-32,
1.));
#1861=DIRECTION('ref_axis',(1.,3.00445071324409E-32,-5.55111512312578E-17));
#1862=DIRECTION('center_axis',(-5.55111512312578E-17,9.24446373305873E-32,
-1.));
#1863=DIRECTION('ref_axis',(1.,3.00445071324409E-32,-5.55111512312578E-17));
#1864=DIRECTION('center_axis',(-5.55111512312578E-17,9.24446373305873E-32,
-1.));
#1865=DIRECTION('ref_axis',(1.,3.00445071324409E-32,-5.55111512312578E-17));
#1866=DIRECTION('',(-5.55111512312578E-17,9.24446373305873E-32,-1.));
#1867=DIRECTION('center_axis',(-5.55111512312578E-17,9.24446373305873E-32,
-1.));
#1868=DIRECTION('ref_axis',(1.,3.00445071324409E-32,-5.55111512312578E-17));
#1869=DIRECTION('center_axis',(5.55111512312578E-17,-9.24446373305873E-32,
1.));
#1870=DIRECTION('ref_axis',(1.,3.00445071324409E-32,-5.55111512312578E-17));
#1871=DIRECTION('center_axis',(5.55111512312578E-17,-9.24446373305873E-32,
1.));
#1872=DIRECTION('ref_axis',(-1.,-3.00445071324409E-32,5.55111512312578E-17));
#1873=DIRECTION('center_axis',(-5.55111512312578E-17,9.24446373305873E-32,
-1.));
#1874=DIRECTION('ref_axis',(1.,3.00445071324409E-32,-5.55111512312578E-17));
#1875=DIRECTION('',(-5.55111512312578E-17,9.24446373305873E-32,-1.));
#1876=DIRECTION('center_axis',(-5.55111512312578E-17,9.24446373305873E-32,
-1.));
#1877=DIRECTION('ref_axis',(1.,3.00445071324409E-32,-5.55111512312578E-17));
#1878=DIRECTION('center_axis',(5.55111512312578E-17,-9.24446373305873E-32,
1.));
#1879=DIRECTION('ref_axis',(1.,3.00445071324409E-32,-5.55111512312578E-17));
#1880=DIRECTION('center_axis',(5.55111512312578E-17,-9.24446373305873E-32,
1.));
#1881=DIRECTION('ref_axis',(-1.,-3.00445071324409E-32,5.55111512312578E-17));
#1882=DIRECTION('center_axis',(-5.55111512312578E-17,9.24446373305873E-32,
-1.));
#1883=DIRECTION('ref_axis',(-1.,-3.00445071324409E-32,5.55111512312578E-17));
#1884=DIRECTION('',(-5.55111512312578E-17,9.24446373305873E-32,-1.));
#1885=DIRECTION('center_axis',(-5.55111512312578E-17,9.24446373305873E-32,
-1.));
#1886=DIRECTION('ref_axis',(-1.,-3.00445071324409E-32,5.55111512312578E-17));
#1887=DIRECTION('',(-5.55111512312578E-17,9.24446373305873E-32,-1.));
#1888=DIRECTION('center_axis',(-5.55111512312578E-17,9.24446373305873E-32,
-1.));
#1889=DIRECTION('ref_axis',(-1.,-3.00445071324409E-32,5.55111512312578E-17));
#1890=DIRECTION('center_axis',(-2.075590902648E-16,-1.,-8.09227932814757E-32));
#1891=DIRECTION('ref_axis',(-1.,2.075590902648E-16,5.55111512312578E-17));
#1892=DIRECTION('',(-1.,2.075590902648E-16,5.55111512312578E-17));
#1893=DIRECTION('',(-5.55111512312578E-17,9.24446373305873E-32,-1.));
#1894=DIRECTION('',(-1.,2.075590902648E-16,5.55111512312578E-17));
#1895=DIRECTION('center_axis',(-5.55111512312578E-17,9.24446373305873E-32,
-1.));
#1896=DIRECTION('ref_axis',(-1.,-3.00445071324409E-32,5.55111512312578E-17));
#1897=DIRECTION('center_axis',(-5.55111512312578E-17,9.24446373305873E-32,
-1.));
#1898=DIRECTION('ref_axis',(1.,3.00445071324409E-32,-5.55111512312578E-17));
#1899=DIRECTION('',(-5.55111512312578E-17,9.24446373305873E-32,-1.));
#1900=DIRECTION('center_axis',(-5.55111512312578E-17,9.24446373305873E-32,
-1.));
#1901=DIRECTION('ref_axis',(-1.,-3.00445071324409E-32,5.55111512312578E-17));
#1902=DIRECTION('',(-5.55111512312578E-17,9.24446373305873E-32,-1.));
#1903=DIRECTION('center_axis',(5.55111512312578E-17,-9.24446373305873E-32,
1.));
#1904=DIRECTION('ref_axis',(-1.,-3.00445071324409E-32,5.55111512312578E-17));
#1905=DIRECTION('center_axis',(5.55111512312578E-17,-9.24446373305873E-32,
1.));
#1906=DIRECTION('ref_axis',(-1.,-3.00445071324409E-32,5.55111512312578E-17));
#1907=DIRECTION('center_axis',(5.55111512312578E-17,-9.24446373305873E-32,
1.));
#1908=DIRECTION('ref_axis',(-1.,-3.00445071324409E-32,5.55111512312578E-17));
#1909=DIRECTION('center_axis',(5.55111512312578E-17,-9.24446373305873E-32,
1.));
#1910=DIRECTION('ref_axis',(-1.,-3.00445071324409E-32,5.55111512312578E-17));
#1911=DIRECTION('center_axis',(-5.55111512312578E-17,9.24446373305873E-32,
-1.));
#1912=DIRECTION('ref_axis',(1.,3.00445071324409E-32,-5.55111512312578E-17));
#1913=DIRECTION('center_axis',(-5.55111512312578E-17,9.24446373305873E-32,
-1.));
#1914=DIRECTION('ref_axis',(-1.,-3.00445071324409E-32,5.55111512312578E-17));
#1915=DIRECTION('',(-5.55111512312578E-17,9.24446373305873E-32,-1.));
#1916=DIRECTION('center_axis',(5.55111512312578E-17,-9.24446373305873E-32,
1.));
#1917=DIRECTION('ref_axis',(8.88178419700124E-16,-1.,-1.41748443906901E-31));
#1918=DIRECTION('',(-5.55111512312578E-17,9.24446373305873E-32,-1.));
#1919=DIRECTION('center_axis',(-5.55111512312578E-17,9.24446373305873E-32,
-1.));
#1920=DIRECTION('ref_axis',(-1.,-3.00445071324409E-32,5.55111512312578E-17));
#1921=DIRECTION('',(-5.55111512312578E-17,9.24446373305873E-32,-1.));
#1922=DIRECTION('center_axis',(5.55111512312578E-17,-9.24446373305873E-32,
1.));
#1923=DIRECTION('ref_axis',(-0.658010334775181,-0.753008897244285,3.65269112054356E-17));
#1924=DIRECTION('',(5.55111512312578E-17,-9.24446373305873E-32,1.));
#1925=DIRECTION('center_axis',(3.00445071324409E-32,-1.,-9.24446373305873E-32));
#1926=DIRECTION('ref_axis',(-1.,-3.00445071324409E-32,5.55111512312578E-17));
#1927=DIRECTION('',(-1.,-3.00445071324409E-32,5.55111512312578E-17));
#1928=DIRECTION('',(-5.55111512312578E-17,9.24446373305873E-32,-1.));
#1929=DIRECTION('',(-1.,-3.00445071324409E-32,5.55111512312578E-17));
#1930=DIRECTION('',(-5.55111512312578E-17,9.24446373305873E-32,-1.));
#1931=DIRECTION('center_axis',(3.00445071324409E-32,-1.,-9.24446373305873E-32));
#1932=DIRECTION('ref_axis',(-1.,-3.00445071324409E-32,5.55111512312578E-17));
#1933=DIRECTION('',(-5.55111512312578E-17,9.24446373305873E-32,-1.));
#1934=DIRECTION('',(-1.,-3.00445071324409E-32,5.55111512312578E-17));
#1935=DIRECTION('',(5.55111512312578E-17,-9.24446373305873E-32,1.));
#1936=DIRECTION('center_axis',(-5.55111512312578E-17,9.24446373305873E-32,
-1.));
#1937=DIRECTION('ref_axis',(1.,3.00445071324409E-32,-5.55111512312578E-17));
#1938=DIRECTION('center_axis',(-5.55111512312578E-17,9.24446373305873E-32,
-1.));
#1939=DIRECTION('ref_axis',(1.,3.00445071324409E-32,-5.55111512312578E-17));
#1940=DIRECTION('center_axis',(5.55111512312578E-17,-9.24446373305873E-32,
1.));
#1941=DIRECTION('ref_axis',(1.,3.00445071324409E-32,-5.55111512312578E-17));
#1942=DIRECTION('',(-5.55111512312578E-17,9.24446373305873E-32,-1.));
#1943=DIRECTION('center_axis',(-2.075590902648E-16,-1.,-8.09227932814757E-32));
#1944=DIRECTION('ref_axis',(1.,-2.075590902648E-16,-5.55111512312578E-17));
#1945=DIRECTION('',(-1.,2.075590902648E-16,5.55111512312578E-17));
#1946=DIRECTION('',(-5.55111512312578E-17,9.24446373305873E-32,-1.));
#1947=DIRECTION('',(-1.,2.075590902648E-16,5.55111512312578E-17));
#1948=DIRECTION('center_axis',(-5.55111512312578E-17,9.24446373305873E-32,
-1.));
#1949=DIRECTION('ref_axis',(-1.,-3.00445071324409E-32,5.55111512312578E-17));
#1950=DIRECTION('center_axis',(-5.55111512312578E-17,9.24446373305873E-32,
-1.));
#1951=DIRECTION('ref_axis',(-1.,-3.00445071324409E-32,5.55111512312578E-17));
#1952=DIRECTION('',(5.55111512312578E-17,-9.24446373305873E-32,1.));
#1953=DIRECTION('center_axis',(-5.55111512312578E-17,9.24446373305873E-32,
-1.));
#1954=DIRECTION('ref_axis',(-1.,-3.00445071324409E-32,5.55111512312578E-17));
#1955=DIRECTION('',(-5.55111512312578E-17,9.24446373305873E-32,-1.));
#1956=DIRECTION('center_axis',(-5.55111512312578E-17,9.24446373305873E-32,
-1.));
#1957=DIRECTION('ref_axis',(-1.,-3.00445071324409E-32,5.55111512312578E-17));
#1958=DIRECTION('center_axis',(5.55111512312578E-17,-9.24446373305873E-32,
1.));
#1959=DIRECTION('ref_axis',(-1.,-3.00445071324409E-32,5.55111512312578E-17));
#1960=DIRECTION('center_axis',(5.55111512312578E-17,-9.24446373305873E-32,
1.));
#1961=DIRECTION('ref_axis',(-1.,-3.00445071324409E-32,5.55111512312578E-17));
#1962=DIRECTION('center_axis',(-5.55111512312578E-17,9.24446373305873E-32,
-1.));
#1963=DIRECTION('ref_axis',(-1.,-3.00445071324409E-32,5.55111512312578E-17));
#1964=DIRECTION('center_axis',(5.55111512312578E-17,-9.24446373305873E-32,
1.));
#1965=DIRECTION('ref_axis',(-1.,-3.00445071324409E-32,5.55111512312578E-17));
#1966=DIRECTION('',(5.55111512312578E-17,-9.24446373305873E-32,1.));
#1967=DIRECTION('center_axis',(5.55111512312578E-17,-9.24446373305873E-32,
1.));
#1968=DIRECTION('ref_axis',(-1.,-3.00445071324409E-32,5.55111512312578E-17));
#1969=DIRECTION('center_axis',(5.55111512312578E-17,-9.24446373305873E-32,
1.));
#1970=DIRECTION('ref_axis',(-1.,-3.00445071324409E-32,5.55111512312578E-17));
#1971=DIRECTION('',(-1.,-8.86288561434082E-17,5.55111512312578E-17));
#1972=DIRECTION('center_axis',(5.55111512312578E-17,-9.24446373305873E-32,
1.));
#1973=DIRECTION('ref_axis',(-1.,-3.00445071324409E-32,5.55111512312578E-17));
#1974=DIRECTION('center_axis',(-5.55111512312578E-17,9.24446373305873E-32,
-1.));
#1975=DIRECTION('ref_axis',(1.,3.00445071324409E-32,-5.55111512312578E-17));
#1976=DIRECTION('center_axis',(5.55111512312578E-17,-9.24446373305873E-32,
1.));
#1977=DIRECTION('ref_axis',(-1.,-3.00445071324409E-32,5.55111512312578E-17));
#1978=DIRECTION('center_axis',(5.55111512312578E-17,-9.24446373305873E-32,
1.));
#1979=DIRECTION('ref_axis',(1.,3.00445071324409E-32,-5.55111512312578E-17));
#1980=DIRECTION('center_axis',(5.55111512312578E-17,-9.24446373305873E-32,
1.));
#1981=DIRECTION('ref_axis',(1.,3.00445071324409E-32,-5.55111512312578E-17));
#1982=DIRECTION('center_axis',(-5.55111512312578E-17,9.24446373305873E-32,
-1.));
#1983=DIRECTION('ref_axis',(1.,3.00445071324409E-32,-5.55111512312578E-17));
#1984=DIRECTION('center_axis',(5.55111512312578E-17,-9.24446373305873E-32,
1.));
#1985=DIRECTION('ref_axis',(1.,3.00445071324409E-32,-5.55111512312578E-17));
#1986=DIRECTION('center_axis',(-5.55111512312578E-17,9.24446373305873E-32,
-1.));
#1987=DIRECTION('ref_axis',(1.,3.00445071324409E-32,-5.55111512312578E-17));
#1988=DIRECTION('center_axis',(5.55111512312578E-17,-9.24446373305873E-32,
1.));
#1989=DIRECTION('ref_axis',(1.,3.00445071324409E-32,-5.55111512312578E-17));
#1990=DIRECTION('',(1.,2.075590902648E-16,-5.55111512312578E-17));
#1991=DIRECTION('center_axis',(-5.55111512312578E-17,9.24446373305873E-32,
-1.));
#1992=DIRECTION('ref_axis',(1.,3.00445071324409E-32,-5.55111512312578E-17));
#1993=DIRECTION('center_axis',(-8.86288561434082E-17,1.,9.73645271674174E-32));
#1994=DIRECTION('ref_axis',(-1.,-8.86288561434082E-17,5.55111512312578E-17));
#1995=DIRECTION('',(-5.55111512312578E-17,9.24446373305873E-32,-1.));
#1996=DIRECTION('',(1.,8.86288561434083E-17,-5.55111512312578E-17));
#1997=DIRECTION('',(-5.55111512312578E-17,9.24446373305873E-32,-1.));
#1998=DIRECTION('center_axis',(-5.55111512312578E-17,9.24446373305873E-32,
-1.));
#1999=DIRECTION('ref_axis',(-1.,-3.00445071324409E-32,5.55111512312578E-17));
#2000=DIRECTION('',(-5.55111512312578E-17,9.24446373305873E-32,-1.));
#2001=DIRECTION('center_axis',(-5.55111512312578E-17,9.24446373305873E-32,
-1.));
#2002=DIRECTION('ref_axis',(-1.,-3.00445071324409E-32,5.55111512312578E-17));
#2003=DIRECTION('center_axis',(-5.55111512312578E-17,9.24446373305873E-32,
-1.));
#2004=DIRECTION('ref_axis',(-0.0694252281565233,-0.997587157944315,3.85387433946126E-18));
#2005=DIRECTION('',(5.55111512312578E-17,-9.24446373305873E-32,1.));
#2006=DIRECTION('center_axis',(5.55111512312578E-17,-9.24446373305873E-32,
1.));
#2007=DIRECTION('ref_axis',(1.,3.00445071324409E-32,-5.55111512312578E-17));
#2008=DIRECTION('center_axis',(-5.55111512312578E-17,9.24446373305873E-32,
-1.));
#2009=DIRECTION('ref_axis',(1.,3.00445071324409E-32,-5.55111512312578E-17));
#2010=DIRECTION('center_axis',(5.55111512312578E-17,-9.24446373305873E-32,
1.));
#2011=DIRECTION('ref_axis',(1.,3.00445071324409E-32,-5.55111512312578E-17));
#2012=DIRECTION('center_axis',(5.55111512312578E-17,-9.24446373305873E-32,
1.));
#2013=DIRECTION('ref_axis',(1.,3.00445071324409E-32,-5.55111512312578E-17));
#2014=DIRECTION('center_axis',(-5.55111512312578E-17,9.24446373305873E-32,
-1.));
#2015=DIRECTION('ref_axis',(-1.,-3.00445071324409E-32,5.55111512312578E-17));
#2016=DIRECTION('',(-5.55111512312578E-17,9.24446373305873E-32,-1.));
#2017=DIRECTION('center_axis',(-5.55111512312578E-17,9.24446373305873E-32,
-1.));
#2018=DIRECTION('ref_axis',(1.,3.00445071324409E-32,-5.55111512312578E-17));
#2019=DIRECTION('center_axis',(5.55111512312578E-17,-9.24446373305873E-32,
1.));
#2020=DIRECTION('ref_axis',(1.,3.00445071324409E-32,-5.55111512312578E-17));
#2021=DIRECTION('center_axis',(-5.55111512312578E-17,9.24446373305873E-32,
-1.));
#2022=DIRECTION('ref_axis',(1.,8.88178419700125E-16,-5.55111512312578E-17));
#2023=DIRECTION('center_axis',(5.55111512312578E-17,-9.24446373305873E-32,
1.));
#2024=DIRECTION('ref_axis',(1.,3.00445071324409E-32,-5.55111512312578E-17));
#2025=DIRECTION('center_axis',(5.55111512312578E-17,-9.24446373305873E-32,
1.));
#2026=DIRECTION('ref_axis',(1.,3.00445071324409E-32,-5.55111512312578E-17));
#2027=DIRECTION('center_axis',(5.55111512312578E-17,-9.24446373305873E-32,
1.));
#2028=DIRECTION('ref_axis',(1.,3.00445071324409E-32,-5.55111512312578E-17));
#2029=DIRECTION('center_axis',(-5.55111512312578E-17,9.24446373305873E-32,
-1.));
#2030=DIRECTION('ref_axis',(1.,3.00445071324409E-32,-5.55111512312578E-17));
#2031=DIRECTION('center_axis',(5.55111512312578E-17,-9.24446373305873E-32,
1.));
#2032=DIRECTION('ref_axis',(1.,3.00445071324409E-32,-5.55111512312578E-17));
#2033=DIRECTION('center_axis',(-5.55111512312578E-17,9.24446373305873E-32,
-1.));
#2034=DIRECTION('ref_axis',(1.,3.00445071324409E-32,-5.55111512312578E-17));
#2035=DIRECTION('center_axis',(5.55111512312578E-17,-9.24446373305873E-32,
1.));
#2036=DIRECTION('ref_axis',(1.,3.00445071324409E-32,-5.55111512312578E-17));
#2037=DIRECTION('center_axis',(-5.55111512312578E-17,9.24446373305873E-32,
-1.));
#2038=DIRECTION('ref_axis',(1.,3.00445071324409E-32,-5.55111512312578E-17));
#2039=DIRECTION('center_axis',(-5.55111512312578E-17,9.24446373305873E-32,
-1.));
#2040=DIRECTION('ref_axis',(1.,3.00445071324409E-32,-5.55111512312578E-17));
#2041=DIRECTION('center_axis',(-5.55111512312578E-17,9.24446373305873E-32,
-1.));
#2042=DIRECTION('ref_axis',(-1.,-3.00445071324409E-32,5.55111512312578E-17));
#2043=DIRECTION('center_axis',(-5.55111512312578E-17,9.24446373305873E-32,
-1.));
#2044=DIRECTION('ref_axis',(-1.,-3.00445071324409E-32,5.55111512312578E-17));
#2045=DIRECTION('center_axis',(5.55111512312578E-17,-9.24446373305873E-32,
1.));
#2046=DIRECTION('ref_axis',(-1.,-3.00445071324409E-32,5.55111512312578E-17));
#2047=DIRECTION('center_axis',(-5.55111512312578E-17,9.24446373305873E-32,
-1.));
#2048=DIRECTION('ref_axis',(-1.,-3.00445071324409E-32,5.55111512312578E-17));
#2049=DIRECTION('center_axis',(-5.55111512312578E-17,9.24446373305873E-32,
-1.));
#2050=DIRECTION('ref_axis',(-1.,-3.00445071324409E-32,5.55111512312578E-17));
#2051=DIRECTION('center_axis',(5.55111512312578E-17,-9.24446373305873E-32,
1.));
#2052=DIRECTION('ref_axis',(-1.,-3.00445071324409E-32,5.55111512312578E-17));
#2053=DIRECTION('center_axis',(5.55111512312578E-17,-9.24446373305873E-32,
1.));
#2054=DIRECTION('ref_axis',(1.,3.00445071324409E-32,-5.55111512312578E-17));
#2055=DIRECTION('',(-5.55111512312578E-17,9.24446373305873E-32,-1.));
#2056=DIRECTION('center_axis',(5.55111512312578E-17,-9.24446373305873E-32,
1.));
#2057=DIRECTION('ref_axis',(1.,3.00445071324409E-32,-5.55111512312578E-17));
#2058=DIRECTION('',(-5.55111512312578E-17,9.24446373305873E-32,-1.));
#2059=DIRECTION('center_axis',(5.55111512312578E-17,-9.24446373305873E-32,
1.));
#2060=DIRECTION('ref_axis',(1.,0.,0.));
#2061=DIRECTION('center_axis',(5.55111512312578E-17,-9.24446373305873E-32,
1.));
#2062=DIRECTION('ref_axis',(1.,3.00445071324409E-32,-5.55111512312578E-17));
#2063=DIRECTION('center_axis',(-0.188072210647035,-0.982155203408472,1.04401049276244E-17));
#2064=DIRECTION('ref_axis',(0.982155203408472,-0.188072210647035,-5.45205660289745E-17));
#2065=DIRECTION('center_axis',(-5.55111512312578E-17,9.24446373305873E-32,
-1.));
#2066=DIRECTION('ref_axis',(1.,-1.73472347597681E-15,-5.55111512312578E-17));
#2067=DIRECTION('center_axis',(5.55111512312578E-17,-9.24446373305873E-32,
1.));
#2068=DIRECTION('ref_axis',(1.,0.,0.));
#2069=DIRECTION('center_axis',(5.55111512312578E-17,-9.24446373305873E-32,
1.));
#2070=DIRECTION('ref_axis',(1.,3.00445071324409E-32,-5.55111512312578E-17));
#2071=DIRECTION('center_axis',(-5.55111512312578E-17,9.24446373305873E-32,
-1.));
#2072=DIRECTION('ref_axis',(1.,-6.93889390390725E-15,-5.55111512312578E-17));
#2073=DIRECTION('center_axis',(0.188072210661626,-0.982155203405678,-1.04401049284346E-17));
#2074=DIRECTION('ref_axis',(0.982155203405678,0.188072210661626,-5.45205660288194E-17));
#2075=DIRECTION('center_axis',(5.55111512312578E-17,-9.24446373305873E-32,
1.));
#2076=DIRECTION('ref_axis',(1.,0.,0.));
#2077=DIRECTION('center_axis',(5.55111512312578E-17,-9.24446373305873E-32,
1.));
#2078=DIRECTION('ref_axis',(1.,3.00445071324409E-32,-5.55111512312578E-17));
#2079=DIRECTION('center_axis',(-0.183268670514035,-0.983062863914622,1.01734548848561E-17));
#2080=DIRECTION('ref_axis',(0.983062863914622,-0.183268670514035,-5.4570951308598E-17));
#2081=DIRECTION('center_axis',(0.298461524066601,-0.954421667111472,1.21498247193934E-16));
#2082=DIRECTION('ref_axis',(0.954421667111472,0.298461524066601,-5.29810455014141E-17));
#2083=DIRECTION('center_axis',(-5.55111512312578E-17,9.24446373305873E-32,
-1.));
#2084=DIRECTION('ref_axis',(-1.,-3.00445071324409E-32,5.55111512312578E-17));
#2085=DIRECTION('',(-5.55111512312578E-17,9.24446373305873E-32,-1.));
#2086=DIRECTION('center_axis',(-5.55111512312578E-17,9.24446373305873E-32,
-1.));
#2087=DIRECTION('ref_axis',(-1.,-3.00445071324409E-32,5.55111512312578E-17));
#2088=DIRECTION('',(-5.55111512312578E-17,9.24446373305873E-32,-1.));
#2089=DIRECTION('',(-5.55111512312578E-17,9.24446373305873E-32,-1.));
#2090=DIRECTION('center_axis',(-5.55111512312578E-17,9.24446373305873E-32,
-1.));
#2091=DIRECTION('ref_axis',(-1.,-3.00445071324409E-32,5.55111512312578E-17));
#2092=DIRECTION('center_axis',(-5.55111512312578E-17,9.24446373305873E-32,
-1.));
#2093=DIRECTION('ref_axis',(1.,3.00445071324409E-32,-5.55111512312578E-17));
#2094=DIRECTION('',(-5.55111512312578E-17,9.24446373305873E-32,-1.));
#2095=DIRECTION('',(-5.55111512312578E-17,9.24446373305873E-32,-1.));
#2096=DIRECTION('center_axis',(-5.55111512312578E-17,9.24446373305873E-32,
-1.));
#2097=DIRECTION('ref_axis',(-1.,-3.00445071324409E-32,5.55111512312578E-17));
#2098=DIRECTION('',(-5.55111512312578E-17,9.24446373305873E-32,-1.));
#2099=DIRECTION('center_axis',(-5.55111512312578E-17,9.24446373305873E-32,
-1.));
#2100=DIRECTION('ref_axis',(-1.,-3.00445071324409E-32,5.55111512312578E-17));
#2101=DIRECTION('center_axis',(5.55111512312578E-17,-9.24446373305873E-32,
1.));
#2102=DIRECTION('ref_axis',(1.,3.00445071324409E-32,-5.55111512312578E-17));
#2103=DIRECTION('',(-5.55111512312578E-17,9.24446373305873E-32,-1.));
#2104=DIRECTION('',(-5.55111512312578E-17,9.24446373305873E-32,-1.));
#2105=DIRECTION('center_axis',(-5.55111512312578E-17,9.24446373305873E-32,
-1.));
#2106=DIRECTION('ref_axis',(-1.,-3.00445071324409E-32,5.55111512312578E-17));
#2107=DIRECTION('',(-5.55111512312578E-17,9.24446373305873E-32,-1.));
#2108=DIRECTION('',(-5.55111512312578E-17,9.24446373305873E-32,-1.));
#2109=DIRECTION('center_axis',(5.55111512312578E-17,-9.24446373305873E-32,
1.));
#2110=DIRECTION('ref_axis',(1.,3.00445071324409E-32,-5.55111512312578E-17));
#2111=DIRECTION('',(1.,2.075590902648E-16,-5.55111512312578E-17));
#2112=DIRECTION('center_axis',(-5.55111512312578E-17,9.24446373305873E-32,
-1.));
#2113=DIRECTION('ref_axis',(1.,3.5527136788005E-15,-5.55111512312578E-17));
#2114=DIRECTION('center_axis',(-5.55111512312578E-17,9.24446373305873E-32,
-1.));
#2115=DIRECTION('ref_axis',(-1.,-3.00445071324409E-32,5.55111512312578E-17));
#2116=DIRECTION('',(-5.55111512312578E-17,9.24446373305873E-32,-1.));
#2117=DIRECTION('center_axis',(-5.55111512312578E-17,9.24446373305873E-32,
-1.));
#2118=DIRECTION('ref_axis',(-1.,-3.00445071324409E-32,5.55111512312578E-17));
#2119=DIRECTION('',(-5.55111512312578E-17,9.24446373305873E-32,-1.));
#2120=DIRECTION('center_axis',(-5.55111512312578E-17,9.24446373305873E-32,
-1.));
#2121=DIRECTION('ref_axis',(0.483048318884539,-0.875593696655487,-2.68145682816046E-17));
#2122=DIRECTION('',(-5.55111512312578E-17,9.24446373305873E-32,-1.));
#2123=DIRECTION('center_axis',(-5.55111512312578E-17,9.24446373305873E-32,
-1.));
#2124=DIRECTION('ref_axis',(0.483048318901179,0.875593696646307,-2.68145682825281E-17));
#2125=DIRECTION('center_axis',(-5.55111512312578E-17,9.24446373305873E-32,
-1.));
#2126=DIRECTION('ref_axis',(0.996598299858133,0.0824125519558736,-5.53223189402392E-17));
#2127=DIRECTION('',(-5.55111512312578E-17,9.24446373305873E-32,-1.));
#2128=DIRECTION('',(-5.55111512312578E-17,9.24446373305873E-32,-1.));
#2129=DIRECTION('center_axis',(-5.55111512312578E-17,9.24446373305873E-32,
-1.));
#2130=DIRECTION('ref_axis',(-1.,-3.00445071324409E-32,5.55111512312578E-17));
#2131=DIRECTION('center_axis',(-2.075590902648E-16,1.,1.03966481379699E-31));
#2132=DIRECTION('ref_axis',(-1.,-2.075590902648E-16,5.55111512312578E-17));
#2133=DIRECTION('center_axis',(-5.55111512312578E-17,9.24446373305873E-32,
-1.));
#2134=DIRECTION('ref_axis',(-1.,-3.00445071324409E-32,5.55111512312578E-17));
#2135=DIRECTION('',(-5.55111512312578E-17,9.24446373305873E-32,-1.));
#2136=DIRECTION('center_axis',(-5.55111512312578E-17,9.24446373305873E-32,
-1.));
#2137=DIRECTION('ref_axis',(-1.,-3.00445071324409E-32,5.55111512312578E-17));
#2138=DIRECTION('',(-5.55111512312578E-17,9.24446373305873E-32,-1.));
#2139=DIRECTION('center_axis',(-5.55111512312578E-17,9.24446373305873E-32,
-1.));
#2140=DIRECTION('ref_axis',(0.951111297007142,-0.30884834580323,-5.27972830459213E-17));
#2141=DIRECTION('center_axis',(-5.55111512312578E-17,9.24446373305873E-32,
-1.));
#2142=DIRECTION('ref_axis',(-1.,-3.00445071324409E-32,5.55111512312578E-17));
#2143=DIRECTION('center_axis',(-5.55111512312578E-17,9.24446373305873E-32,
-1.));
#2144=DIRECTION('ref_axis',(0.997411763631977,0.0719011388543238,-5.53674752508102E-17));
#2145=DIRECTION('center_axis',(0.886784214787732,0.277349368389007,0.36971757363902));
#2146=DIRECTION('ref_axis',(0.331830491146037,0.174760738563622,-0.927009821632154));
#2147=DIRECTION('center_axis',(5.55111512312578E-17,-9.24446373305873E-32,
1.));
#2148=DIRECTION('ref_axis',(-0.769177700701872,-0.639034947982488,0.));
#2149=DIRECTION('center_axis',(5.55111512312578E-17,-9.24446373305873E-32,
1.));
#2150=DIRECTION('ref_axis',(-1.,-7.42596958284244E-12,0.));
#2151=DIRECTION('',(0.,0.,1.));
#2152=DIRECTION('',(1.,0.,0.));
#2153=DIRECTION('',(0.,1.,-5.41233724504764E-16));
#2154=DIRECTION('',(1.,0.,0.));
#2155=CARTESIAN_POINT('',(0.,0.,0.));
#2156=CARTESIAN_POINT('',(0.,0.,0.));
#2157=CARTESIAN_POINT('',(0.,0.,0.));
#2158=CARTESIAN_POINT('Origin',(0.0475374351312424,-4.49453008443693,3.53143538849869));
#2159=CARTESIAN_POINT('',(0.0475374351312354,-4.49453008443694,4.36943538849869));
#2160=CARTESIAN_POINT('',(-0.0574625648687646,-4.55515186270185,4.36943538849869));
#2161=CARTESIAN_POINT('',(0.0211882006755203,-4.50974282204289,4.36943538849869));
#2162=CARTESIAN_POINT('',(0.0475374351312265,-4.49453008443694,5.42455349873491));
#2163=CARTESIAN_POINT('',(0.0475374351312424,-4.49453008443693,3.53143538849869));
#2164=CARTESIAN_POINT('',(-0.0574625648687735,-4.55515186270185,5.42455349873491));
#2165=CARTESIAN_POINT('',(0.0211882006755199,-4.50974282204289,5.42455349873491));
#2166=CARTESIAN_POINT('',(-0.0574625648687576,-4.55515186270184,3.53143538849869));
#2167=CARTESIAN_POINT('Origin',(-0.0574625648687576,-4.55515186270184,3.53143538849869));
#2168=CARTESIAN_POINT('',(-0.0574625648687646,-4.67639541923167,4.36943538849869));
#2169=CARTESIAN_POINT('',(-0.0574625648687646,-4.58596531979645,4.36943538849869));
#2170=CARTESIAN_POINT('',(-0.0574625648687735,-4.67639541923167,5.42455349873491));
#2171=CARTESIAN_POINT('',(-0.0574625648687737,-4.58596531979645,5.42455349873491));
#2172=CARTESIAN_POINT('',(-0.0574625648687576,-4.67639541923167,3.53143538849869));
#2173=CARTESIAN_POINT('Origin',(-0.0574625648687576,-4.67639541923167,3.53143538849869));
#2174=CARTESIAN_POINT('',(0.0475374351312354,-4.73701719749658,4.36943538849869));
#2175=CARTESIAN_POINT('',(-0.0308765627021363,-4.69174485473925,4.36943538849869));
#2176=CARTESIAN_POINT('',(0.0475374351312265,-4.73701719749659,5.42455349873491));
#2177=CARTESIAN_POINT('',(-0.0308765627021405,-4.69174485473926,5.42455349873491));
#2178=CARTESIAN_POINT('',(0.0475374351312424,-4.73701719749658,3.53143538849869));
#2179=CARTESIAN_POINT('Origin',(0.0475374351312424,-4.73701719749658,3.53143538849869));
#2180=CARTESIAN_POINT('',(0.152537435131235,-4.67639541923167,4.36943538849869));
#2181=CARTESIAN_POINT('',(0.0736882006755203,-4.72191904597007,4.36943538849869));
#2182=CARTESIAN_POINT('',(0.152537435131226,-4.67639541923167,5.42455349873491));
#2183=CARTESIAN_POINT('',(0.07368820067552,-4.72191904597007,5.42455349873491));
#2184=CARTESIAN_POINT('',(0.152537435131242,-4.67639541923167,3.53143538849869));
#2185=CARTESIAN_POINT('Origin',(0.152537435131242,-4.55515186270184,3.53143538849869));
#2186=CARTESIAN_POINT('',(0.152537435131235,-4.55515186270185,4.36943538849869));
#2187=CARTESIAN_POINT('',(0.126623437297864,-4.54019040907697,4.36943538849869));
#2188=CARTESIAN_POINT('',(0.152537435131226,-4.55515186270185,5.42455349873491));
#2189=CARTESIAN_POINT('',(0.152537435131242,-4.55515186270184,3.53143538849869));
#2190=CARTESIAN_POINT('',(0.126623437297859,-4.54019040907698,5.42455349873491));
#2191=CARTESIAN_POINT('Origin',(0.152537435131242,-4.67639541923167,3.53143538849869));
#2192=CARTESIAN_POINT('',(0.152537435131235,-4.64658709806136,4.36943538849869));
#2193=CARTESIAN_POINT('',(0.152537435131226,-4.64658709806136,5.42455349873491));
#2194=CARTESIAN_POINT('Origin',(-1.45982830056165,-5.20158059521554,4.44030153023097));
#2195=CARTESIAN_POINT('',(-0.24797052044363,-4.5958394506232,4.44030153023097));
#2196=CARTESIAN_POINT('',(0.171882445996125,-4.41227801700684,4.44030153023097));
#2197=CARTESIAN_POINT('Origin',(0.0469519289426606,-4.69846671934516,4.44030153023097));
#2198=CARTESIAN_POINT('',(0.20378987256374,-4.79812806430498,4.44030153023097));
#2199=CARTESIAN_POINT('Origin',(0.0478531254124458,-4.61677877689105,4.44030153023097));
#2200=CARTESIAN_POINT('',(0.125417776325967,-4.87983016031658,4.44030153023097));
#2201=CARTESIAN_POINT('Origin',(0.588818877875579,-5.24590408261097,4.44030153023097));
#2202=CARTESIAN_POINT('',(0.119495773447646,-5.1159838263009,4.44030153023097));
#2203=CARTESIAN_POINT('Origin',(0.279884810175838,-5.00185480108138,4.44030153023097));
#2204=CARTESIAN_POINT('',(0.0462592011811188,-5.34151888965251,4.44030153023097));
#2205=CARTESIAN_POINT('Origin',(-0.000796004098498027,-5.20158059521554,
4.44030153023097));
#2206=CARTESIAN_POINT('',(-0.061723084533895,-5.43010386792649,4.44030153023097));
#2207=CARTESIAN_POINT('Origin',(0.108999474887274,-5.52810328223515,4.44030153023097));
#2208=CARTESIAN_POINT('',(-0.0972743274210981,-5.48312147281468,4.44030153023097));
#2209=CARTESIAN_POINT('Origin',(-0.459828300552685,-5.20158059522404,4.44030153023097));
#2210=CARTESIAN_POINT('',(-0.201972273899236,-5.43607790984964,4.44030153023097));
#2211=CARTESIAN_POINT('Origin',(-0.143917380360971,-5.44690086283275,4.44030153023097));
#2212=CARTESIAN_POINT('',(-0.248611905482334,-4.78909348187425,4.44030153023097));
#2213=CARTESIAN_POINT('Origin',(-1.45982830056165,-5.20158059521554,4.44030153023097));
#2214=CARTESIAN_POINT('Origin',(0.0323858193299341,-4.69339799687738,4.44030153023097));
#2215=CARTESIAN_POINT('',(-0.0893786812638525,-5.20158059521554,4.44030153023097));
#2216=CARTESIAN_POINT('Origin',(-0.000796004098498027,-5.20158059521554,
4.44030153023097));
#2217=CARTESIAN_POINT('',(-0.0928949060836172,-4.61677877689105,4.44030153023097));
#2218=CARTESIAN_POINT('Origin',(0.0478531254124458,-4.61677877689105,4.44030153023097));
#2219=CARTESIAN_POINT('Origin',(0.0478531254124458,-4.61677877689105,4.86943538849869));
#2220=CARTESIAN_POINT('',(-0.0928949060836173,-4.61677877689105,4.36943538849869));
#2221=CARTESIAN_POINT('',(-0.0928949060836172,-4.61677877689105,4.86943538849869));
#2222=CARTESIAN_POINT('Origin',(0.0478531254124458,-4.61677877689105,4.36943538849869));
#2223=CARTESIAN_POINT('Origin',(0.0478531254124458,-4.61677877689105,4.36943538849869));
#2224=CARTESIAN_POINT('Origin',(0.0478531254124458,-4.61677877689105,5.42455349873491));
#2225=CARTESIAN_POINT('',(0.171882445996125,-4.41227801700684,5.42455349873491));
#2226=CARTESIAN_POINT('',(-0.24797052044363,-4.59583945062321,5.42455349873491));
#2227=CARTESIAN_POINT('Origin',(0.0469519289426606,-4.69846671934516,5.42455349873491));
#2228=CARTESIAN_POINT('',(-0.696302587288712,-4.96277413378419,5.42455349873491));
#2229=CARTESIAN_POINT('Origin',(-0.771355754165139,-4.41371158230387,5.42455349873491));
#2230=CARTESIAN_POINT('',(-0.659828275030207,-5.20158059521554,5.42455349873491));
#2231=CARTESIAN_POINT('Origin',(-1.45982830056165,-5.20158059521554,5.42455349873491));
#2232=CARTESIAN_POINT('',(-0.802180957674998,-5.20158059521554,5.42455349873491));
#2233=CARTESIAN_POINT('',(-0.305987574808881,-5.20158059521554,5.42455349873491));
#2234=CARTESIAN_POINT('',(-0.876856901461199,-5.50595598094299,5.42455349873491));
#2235=CARTESIAN_POINT('Origin',(-1.45982830056165,-5.20158059521554,5.42455349873491));
#2236=CARTESIAN_POINT('',(-0.143917380360971,-5.50595598094299,5.42455349873491));
#2237=CARTESIAN_POINT('',(-0.143917380360971,-5.50595598094299,5.42455349873491));
#2238=CARTESIAN_POINT('',(-0.0972743274210994,-5.48312147281468,5.42455349873491));
#2239=CARTESIAN_POINT('Origin',(-0.143917380360971,-5.44690086283275,5.42455349873491));
#2240=CARTESIAN_POINT('',(-0.0617230845338955,-5.43010386792649,5.42455349873491));
#2241=CARTESIAN_POINT('Origin',(-0.459828300552685,-5.20158059522404,5.42455349873491));
#2242=CARTESIAN_POINT('',(0.0462592011811188,-5.34151888965251,5.42455349873491));
#2243=CARTESIAN_POINT('Origin',(0.108999474887274,-5.52810328223515,5.42455349873491));
#2244=CARTESIAN_POINT('',(0.119495773447646,-5.1159838263009,5.42455349873491));
#2245=CARTESIAN_POINT('Origin',(-0.000796004098498027,-5.20158059521554,
5.42455349873491));
#2246=CARTESIAN_POINT('',(0.125417776325967,-4.87983016031658,5.42455349873491));
#2247=CARTESIAN_POINT('Origin',(0.279884810175838,-5.00185480108138,5.42455349873491));
#2248=CARTESIAN_POINT('',(0.203789872563741,-4.79812806430498,5.42455349873491));
#2249=CARTESIAN_POINT('Origin',(0.588818877875579,-5.24590408261097,5.42455349873491));
#2250=CARTESIAN_POINT('Origin',(0.0478531254124458,-4.61677877689105,5.42455349873491));
#2251=CARTESIAN_POINT('',(-0.0408639466474302,-4.53880885304102,5.42455349873491));
#2252=CARTESIAN_POINT('',(0.033824270361994,-4.49950465729926,5.42455349873491));
#2253=CARTESIAN_POINT('',(0.0226810996865006,-4.50536867948308,5.42455349873491));
#2254=CARTESIAN_POINT('Origin',(0.0478531254124458,-4.61677877689105,5.42455349873491));
#2255=CARTESIAN_POINT('',(0.0321795624972565,-4.733844430802,5.42455349873491));
#2256=CARTESIAN_POINT('',(-0.0428167475073226,-4.69246894827921,5.42455349873491));
#2257=CARTESIAN_POINT('Origin',(0.0478531254124458,-4.61677877689105,5.42455349873491));
#2258=CARTESIAN_POINT('',(-0.0338630986669674,-4.69740867852842,5.42455349873491));
#2259=CARTESIAN_POINT('',(0.0641154709778423,-4.4997934615016,5.42455349873491));
#2260=CARTESIAN_POINT('',(0.136649206519749,-4.53889884443062,5.42455349873491));
#2261=CARTESIAN_POINT('Origin',(0.0478531254124458,-4.61677877689105,5.42455349873491));
#2262=CARTESIAN_POINT('',(0.130277009304568,-4.53546337801851,5.42455349873491));
#2263=CARTESIAN_POINT('',(0.136684330595168,-4.69461864383493,5.42455349873491));
#2264=CARTESIAN_POINT('',(0.0663257353094079,-4.73343549801611,5.42455349873491));
#2265=CARTESIAN_POINT('',(0.0751935352340035,-4.72854313063466,5.42455349873491));
#2266=CARTESIAN_POINT('Origin',(0.0478531254124458,-4.61677877689105,5.42455349873491));
#2267=CARTESIAN_POINT('',(-0.11890624031897,-5.20158059521554,5.42455349873491));
#2268=CARTESIAN_POINT('Origin',(-0.000796004098498027,-5.20158059521554,
5.42455349873491));
#2269=CARTESIAN_POINT('',(0.16017167986034,-4.58024700678897,5.42455349873491));
#2270=CARTESIAN_POINT('',(0.16017167986034,-4.65331054699313,5.42455349873491));
#2271=CARTESIAN_POINT('Origin',(0.0478531254124458,-4.61677877689105,5.42455349873491));
#2272=CARTESIAN_POINT('',(0.16017167986034,-4.64921972220365,5.42455349873491));
#2273=CARTESIAN_POINT('Origin',(-0.771355754165139,-4.41371158230387,5.42455349873491));
#2274=CARTESIAN_POINT('',(-0.24797052044363,-4.5958394506232,5.27494719952231));
#2275=CARTESIAN_POINT('',(-0.338518672115815,-4.75976753688245,5.27494719952231));
#2276=CARTESIAN_POINT('Ctrl Pts',(-0.24797052044363,-4.5958394506232,5.27494719952231));
#2277=CARTESIAN_POINT('Ctrl Pts',(-0.248068845608249,-4.5961220100126,5.27494370497342));
#2278=CARTESIAN_POINT('Ctrl Pts',(-0.248167399826706,-4.59640449045706,
5.27494027369339));
#2279=CARTESIAN_POINT('Ctrl Pts',(-0.258532631564405,-4.62603660116751,
5.27458678190072));
#2280=CARTESIAN_POINT('Ctrl Pts',(-0.271253353534524,-4.65447040249457,
5.2749201302271));
#2281=CARTESIAN_POINT('Ctrl Pts',(-0.294039904241979,-4.69572310153856,
5.27495900456207));
#2282=CARTESIAN_POINT('Ctrl Pts',(-0.302431374550389,-4.70947063063346,
5.2749170943442));
#2283=CARTESIAN_POINT('Ctrl Pts',(-0.319957807571188,-4.73554321645071,
5.27492126907223));
#2284=CARTESIAN_POINT('Ctrl Pts',(-0.328990394531204,-4.74784983452214,
5.27494719952231));
#2285=CARTESIAN_POINT('Ctrl Pts',(-0.338518672115815,-4.75976753688245,
5.27494719952231));
#2286=CARTESIAN_POINT('',(-0.516895534727789,-4.90600484857933,5.27494719952231));
#2287=CARTESIAN_POINT('Origin',(-0.771355754165138,-4.41371158230387,5.27494719952231));
#2288=CARTESIAN_POINT('',(-0.52043689592437,-4.9078192526303,5.27494719952231));
#2289=CARTESIAN_POINT('Origin',(-0.771355754165139,-4.41371158230387,5.27494719952231));
#2290=CARTESIAN_POINT('',(-0.696302587288712,-4.96277413378419,5.27494719952231));
#2291=CARTESIAN_POINT('Origin',(-0.771355754165139,-4.41371158230387,5.27494719952231));
#2292=CARTESIAN_POINT('',(-0.696302587288712,-4.96277413378419,5.42474011290814));
#2293=CARTESIAN_POINT('',(-0.24797052044363,-4.59583945062321,5.42455349873491));
#2294=CARTESIAN_POINT('Ctrl Pts',(-0.259912694458639,-4.64163965421217,
5.15913208000003));
#2295=CARTESIAN_POINT('Ctrl Pts',(-0.27245759612864,-4.71248535608256,5.22321741773819));
#2296=CARTESIAN_POINT('Ctrl Pts',(-0.338546361198657,-4.75978735791566,
5.27496888436991));
#2297=CARTESIAN_POINT('Ctrl Pts',(-0.25846986422946,-4.63349145800028,5.17766331880952));
#2298=CARTESIAN_POINT('Ctrl Pts',(-0.271148826392281,-4.69377028302546,
5.22932894694633));
#2299=CARTESIAN_POINT('Ctrl Pts',(-0.320802900469659,-4.73760136867174,
5.27496663122229));
#2300=CARTESIAN_POINT('Ctrl Pts',(-0.256741415359497,-4.62568926825378,
5.19676129180311));
#2301=CARTESIAN_POINT('Ctrl Pts',(-0.268391218220002,-4.6740416613429,5.23733980523044));
#2302=CARTESIAN_POINT('Ctrl Pts',(-0.303475922801627,-4.71236465300929,
5.27496342582263));
#2303=CARTESIAN_POINT('Ctrl Pts',(-0.252756602177359,-4.61049546840003,
5.2355800700389));
#2304=CARTESIAN_POINT('Ctrl Pts',(-0.260144440874107,-4.63479938991347,
5.25519280595118));
#2305=CARTESIAN_POINT('Ctrl Pts',(-0.27243740382859,-4.65700012887285,5.27495587097967));
#2306=CARTESIAN_POINT('Ctrl Pts',(-0.250500963843883,-4.60311124665685,
5.25528380935018));
#2307=CARTESIAN_POINT('Ctrl Pts',(-0.25463806499797,-4.61500013370331,5.26511879181726));
#2308=CARTESIAN_POINT('Ctrl Pts',(-0.258780329638073,-4.62690385918367,
5.27495153334216));
#2309=CARTESIAN_POINT('Ctrl Pts',(-0.24797052044363,-4.5958394506232,5.27494719952231));
#2310=CARTESIAN_POINT('Ctrl Pts',(-0.24797052044363,-4.5958394506232,5.27494719952231));
#2311=CARTESIAN_POINT('Ctrl Pts',(-0.24797052044363,-4.5958394506232,5.27494719952231));
#2312=CARTESIAN_POINT('',(-0.259912694458639,-4.64163965421217,5.15913208000003));
#2313=CARTESIAN_POINT('Origin',(-0.550665187255973,-4.59015507101017,5.15913208000002));
#2314=CARTESIAN_POINT('Ctrl Pts',(-0.259912694458639,-4.64163965421217,
5.15913208000003));
#2315=CARTESIAN_POINT('Ctrl Pts',(-0.258677421517065,-4.63466361080829,
5.17499752100082));
#2316=CARTESIAN_POINT('Ctrl Pts',(-0.257255451746705,-4.62805995024575,
5.19099892230163));
#2317=CARTESIAN_POINT('Ctrl Pts',(-0.255665762277026,-4.62167793340741,
5.20707378316977));
#2318=CARTESIAN_POINT('Ctrl Pts',(-0.255366151125098,-4.62047510514879,
5.21010343623954));
#2319=CARTESIAN_POINT('Ctrl Pts',(-0.255060542283765,-4.61928022273734,
5.21313582306631));
#2320=CARTESIAN_POINT('Ctrl Pts',(-0.254749008898751,-4.61809236882382,
5.21617068133565));
#2321=CARTESIAN_POINT('Ctrl Pts',(-0.25472896377689,-4.61801593824656,5.21636595448057));
#2322=CARTESIAN_POINT('Ctrl Pts',(-0.254708894194984,-4.61793953752359,
5.21656123614331));
#2323=CARTESIAN_POINT('Ctrl Pts',(-0.254688800136403,-4.61786316645444,
5.2167565261797));
#2324=CARTESIAN_POINT('Ctrl Pts',(-0.25369411496598,-4.61408268728297,5.22642366745663));
#2325=CARTESIAN_POINT('Ctrl Pts',(-0.252639238727727,-4.61037346662955,
5.23611430616874));
#2326=CARTESIAN_POINT('Ctrl Pts',(-0.251521160107941,-4.60671167535248,
5.24581413773581));
#2327=CARTESIAN_POINT('Ctrl Pts',(-0.250962120798048,-4.60488077971395,
5.25066405351935));
#2328=CARTESIAN_POINT('Ctrl Pts',(-0.250387232617445,-4.60306167935286,
5.25551654906252));
#2329=CARTESIAN_POINT('Ctrl Pts',(-0.249795926607241,-4.60125137790515,
5.26037042841106));
#2330=CARTESIAN_POINT('Ctrl Pts',(-0.249204620597036,-4.59944107645745,
5.2652243077596));
#2331=CARTESIAN_POINT('Ctrl Pts',(-0.248607552359228,-4.59767010455393,
5.26999699883));
#2332=CARTESIAN_POINT('Ctrl Pts',(-0.24797052044363,-4.5958394506232,5.27494719952231));
#2333=CARTESIAN_POINT('Ctrl Pts',(-0.259909088087555,-4.64161929150176,
5.1591783929762));
#2334=CARTESIAN_POINT('Ctrl Pts',(-0.261025017045225,-4.64791900323908,
5.14484952416598));
#2335=CARTESIAN_POINT('Ctrl Pts',(-0.262051395728451,-4.65480396034306,
5.12992797953291));
#2336=CARTESIAN_POINT('Ctrl Pts',(-0.263715300099682,-4.67088667873692,
5.09826885961901));
#2337=CARTESIAN_POINT('Ctrl Pts',(-0.264375856131055,-4.68007888691196,
5.0814507572436));
#2338=CARTESIAN_POINT('Ctrl Pts',(-0.264530003869424,-4.70266539384371,
5.04662071910614));
#2339=CARTESIAN_POINT('Ctrl Pts',(-0.264050872488244,-4.71616415463539,
5.02840086540374));
#2340=CARTESIAN_POINT('Ctrl Pts',(-0.260760098016353,-4.74085043718179,
5.00484801630588));
#2341=CARTESIAN_POINT('Ctrl Pts',(-0.259214264312047,-4.7498076091408,4.9977087795547));
#2342=CARTESIAN_POINT('Ctrl Pts',(-0.25596195233569,-4.76408559308949,4.98929456835897));
#2343=CARTESIAN_POINT('Ctrl Pts',(-0.25472284097405,-4.76898070977241,4.98687558920795));
#2344=CARTESIAN_POINT('Ctrl Pts',(-0.25190772419136,-4.77896400645906,4.98300246070775));
#2345=CARTESIAN_POINT('Ctrl Pts',(-0.250330088828942,-4.78405217497099,
4.98155391791208));
#2346=CARTESIAN_POINT('Ctrl Pts',(-0.248589484460122,-4.78915929294799,
4.98067444916324));
#2347=CARTESIAN_POINT('Ctrl Pts',(-0.272457587114784,-4.71245658262012,
5.22323321696727));
#2348=CARTESIAN_POINT('Ctrl Pts',(-0.272523768325155,-4.72179043677447,
5.21862250921577));
#2349=CARTESIAN_POINT('Ctrl Pts',(-0.2719423871751,-4.73044033586749,5.21450048555708));
#2350=CARTESIAN_POINT('Ctrl Pts',(-0.269490337432749,-4.74709368680184,
5.20724404326006));
#2351=CARTESIAN_POINT('Ctrl Pts',(-0.267572304508382,-4.75513132551181,
5.20402991635645));
#2352=CARTESIAN_POINT('Ctrl Pts',(-0.262228416803778,-4.7711577572641,5.20014544466668));
#2353=CARTESIAN_POINT('Ctrl Pts',(-0.25866728216997,-4.77931275503046,5.19916244726387));
#2354=CARTESIAN_POINT('Ctrl Pts',(-0.252412585330054,-4.79161099368669,
5.20657967572781));
#2355=CARTESIAN_POINT('Ctrl Pts',(-0.250096398921306,-4.79586162231957,
5.2107470037929));
#2356=CARTESIAN_POINT('Ctrl Pts',(-0.246615716270534,-4.80199951026232,
5.22331203892842));
#2357=CARTESIAN_POINT('Ctrl Pts',(-0.245426111620262,-4.80405319929936,
5.22872935901291));
#2358=CARTESIAN_POINT('Ctrl Pts',(-0.243098209217055,-4.8080213663365,5.24426968799346));
#2359=CARTESIAN_POINT('Ctrl Pts',(-0.241916879128853,-4.80999912899215,
5.25449642312265));
#2360=CARTESIAN_POINT('Ctrl Pts',(-0.240894695604849,-4.81173729801419,
5.27170217431515));
#2361=CARTESIAN_POINT('Ctrl Pts',(-0.338521770833629,-4.75975558804627,
5.27497037602593));
#2362=CARTESIAN_POINT('Ctrl Pts',(-0.346722035170722,-4.77000980231566,
5.27497222737809));
#2363=CARTESIAN_POINT('Ctrl Pts',(-0.354797879974403,-4.77939902343785,
5.27497380750285));
#2364=CARTESIAN_POINT('Ctrl Pts',(-0.37189891361903,-4.79800040283656,5.27497635552977));
#2365=CARTESIAN_POINT('Ctrl Pts',(-0.38087720597969,-4.80717725118846,5.2749773605588));
#2366=CARTESIAN_POINT('Ctrl Pts',(-0.401790297734247,-4.82687834369294,
5.27497803966359));
#2367=CARTESIAN_POINT('Ctrl Pts',(-0.413431941088729,-4.83726708960699,
5.27497788174269));
#2368=CARTESIAN_POINT('Ctrl Pts',(-0.43796105621542,-4.85646733108733,5.27497376517533));
#2369=CARTESIAN_POINT('Ctrl Pts',(-0.447259085768648,-4.86345114604146,
5.27497174355789));
#2370=CARTESIAN_POINT('Ctrl Pts',(-0.465961213801409,-4.87617186441184,
5.27496628364915));
#2371=CARTESIAN_POINT('Ctrl Pts',(-0.472979022230689,-4.88078415146233,
5.27496406068437));
#2372=CARTESIAN_POINT('Ctrl Pts',(-0.490588932202308,-4.89158070135076,
5.27495803037441));
#2373=CARTESIAN_POINT('Ctrl Pts',(-0.500874071073819,-4.89771463837724,
5.27495428239964));
#2374=CARTESIAN_POINT('Ctrl Pts',(-0.517198084638637,-4.90614497050666,
5.27494830319301));
#2375=CARTESIAN_POINT('',(-0.26446018544525,-4.69339781757379,5.0609401297162));
#2376=CARTESIAN_POINT('',(-0.261988593286754,-4.65517428179057,5.12962596672735));
#2377=CARTESIAN_POINT('Ctrl Pts',(-0.264459842923072,-4.69339781757486,
5.06094012971677));
#2378=CARTESIAN_POINT('Ctrl Pts',(-0.264459842481322,-4.69266650204922,
5.0620474629737));
#2379=CARTESIAN_POINT('Ctrl Pts',(-0.264456740473285,-4.69188187995556,
5.06324830896497));
#2380=CARTESIAN_POINT('Ctrl Pts',(-0.264451750267407,-4.6912060858387,5.0642919974902));
#2381=CARTESIAN_POINT('Ctrl Pts',(-0.264446760061423,-4.69053029170737,
5.06533568603777));
#2382=CARTESIAN_POINT('Ctrl Pts',(-0.264439472957639,-4.68985599293732,
5.06638667743373));
#2383=CARTESIAN_POINT('Ctrl Pts',(-0.264429919347754,-4.68918320486869,
5.06744497167809));
#2384=CARTESIAN_POINT('Ctrl Pts',(-0.264410812127983,-4.68783762873143,
5.06956156016681));
#2385=CARTESIAN_POINT('Ctrl Pts',(-0.264382638907135,-4.68649809539855,
5.0717073600491));
#2386=CARTESIAN_POINT('Ctrl Pts',(-0.264345642477556,-4.68516472462097,
5.07388237132497));
#2387=CARTESIAN_POINT('Ctrl Pts',(-0.264271649618398,-4.68249798306581,
5.07823239387672));
#2388=CARTESIAN_POINT('Ctrl Pts',(-0.264162364610539,-4.67985589171547,
5.08269926200278));
#2389=CARTESIAN_POINT('Ctrl Pts',(-0.264019720855762,-4.67723931668116,
5.08728297570315));
#2390=CARTESIAN_POINT('Ctrl Pts',(-0.264001890386415,-4.67691224480187,
5.08785593991569));
#2391=CARTESIAN_POINT('Ctrl Pts',(-0.263983538677086,-4.67658557161558,
5.08843072984034));
#2392=CARTESIAN_POINT('Ctrl Pts',(-0.263964669475142,-4.67625929845974,
5.08900734547708));
#2393=CARTESIAN_POINT('Ctrl Pts',(-0.263945800273197,-4.67593302530391,
5.08958396111383));
#2394=CARTESIAN_POINT('Ctrl Pts',(-0.263929209979387,-4.67565469213003,
5.09007816878339));
#2395=CARTESIAN_POINT('Ctrl Pts',(-0.263912671828385,-4.67538268850473,
5.09056270046967));
#2396=CARTESIAN_POINT('Ctrl Pts',(-0.263879595526383,-4.67483868125414,
5.09153176384224));
#2397=CARTESIAN_POINT('Ctrl Pts',(-0.263844882761394,-4.67429249079157,
5.09251186472487));
#2398=CARTESIAN_POINT('Ctrl Pts',(-0.263808496334238,-4.67374412787682,
5.09350300311755));
#2399=CARTESIAN_POINT('Ctrl Pts',(-0.263735723479925,-4.67264740204734,
5.09548527990291));
#2400=CARTESIAN_POINT('Ctrl Pts',(-0.263656256247678,-4.67154198638642,
5.09751170672849));
#2401=CARTESIAN_POINT('Ctrl Pts',(-0.263569793996988,-4.67042796991302,
5.09958228359428));
#2402=CARTESIAN_POINT('Ctrl Pts',(-0.263396869495608,-4.66819993696623,
5.10372343732587));
#2403=CARTESIAN_POINT('Ctrl Pts',(-0.263195968952791,-4.66593750047196,
5.10804119121832));
#2404=CARTESIAN_POINT('Ctrl Pts',(-0.262964645030294,-4.66364147825279,
5.11253554527164));
#2405=CARTESIAN_POINT('Ctrl Pts',(-0.262848983069046,-4.66249346714321,
5.11478272229831));
#2406=CARTESIAN_POINT('Ctrl Pts',(-0.26275075952117,-4.6615750638045,5.11660378864212));
#2407=CARTESIAN_POINT('Ctrl Pts',(-0.262642970260679,-4.66060530697314,
5.11854409533421));
#2408=CARTESIAN_POINT('Ctrl Pts',(-0.262535181000188,-4.65963555014177,
5.12048440202629));
#2409=CARTESIAN_POINT('Ctrl Pts',(-0.262422729312925,-4.65866739519472,
5.12244192103437));
#2410=CARTESIAN_POINT('Ctrl Pts',(-0.262305652297358,-4.65770088566934,
5.12441665235843));
#2411=CARTESIAN_POINT('Ctrl Pts',(-0.262203480289292,-4.65685742191563,
5.12613998177363));
#2412=CARTESIAN_POINT('Ctrl Pts',(-0.262097785611263,-4.65601521130505,
5.12787641989661));
#2413=CARTESIAN_POINT('Ctrl Pts',(-0.261988593286754,-4.65517428179057,
5.12962596672735));
#2414=CARTESIAN_POINT('',(-0.248611905482334,-4.78909348187425,4.98068581380218));
#2415=CARTESIAN_POINT('Ctrl Pts',(-0.248611905482333,-4.78909348187426,
4.98068581380218));
#2416=CARTESIAN_POINT('Ctrl Pts',(-0.250317359008928,-4.7840856326454,4.98155300831887));
#2417=CARTESIAN_POINT('Ctrl Pts',(-0.25188612540282,-4.77904060254785,4.98297274454518));
#2418=CARTESIAN_POINT('Ctrl Pts',(-0.253318311875076,-4.7739616152845,4.98494320045038));
#2419=CARTESIAN_POINT('Ctrl Pts',(-0.254603575286705,-4.76940366377178,
4.98671151409406));
#2420=CARTESIAN_POINT('Ctrl Pts',(-0.255778564139801,-4.76481872746076,
4.98892403987817));
#2421=CARTESIAN_POINT('Ctrl Pts',(-0.256842109982956,-4.76021527451677,
4.99158086748252));
#2422=CARTESIAN_POINT('Ctrl Pts',(-0.256912902743155,-4.75990885505921,
4.99175771379403));
#2423=CARTESIAN_POINT('Ctrl Pts',(-0.256980586075201,-4.75961368621205,
4.99192997548137));
#2424=CARTESIAN_POINT('Ctrl Pts',(-0.257046054611542,-4.75932627264119,
4.99209934755807));
#2425=CARTESIAN_POINT('Ctrl Pts',(-0.257240529844709,-4.75847250647608,
4.99260246975921));
#2426=CARTESIAN_POINT('Ctrl Pts',(-0.257415741262184,-4.75768704668923,
4.99307925944235));
#2427=CARTESIAN_POINT('Ctrl Pts',(-0.257592293724201,-4.75688055577932,
4.99358150402122));
#2428=CARTESIAN_POINT('Ctrl Pts',(-0.259244205806866,-4.74933462827754,
4.99828075249848));
#2429=CARTESIAN_POINT('Ctrl Pts',(-0.260592252651468,-4.74176646966428,
5.00415642179592));
#2430=CARTESIAN_POINT('Ctrl Pts',(-0.261642212717513,-4.73420069873895,
5.01120968530467));
#2431=CARTESIAN_POINT('Ctrl Pts',(-0.2616797112913,-4.73393049263448,5.01146158757284));
#2432=CARTESIAN_POINT('Ctrl Pts',(-0.261716829279122,-4.73366029087227,
5.01171499685734));
#2433=CARTESIAN_POINT('Ctrl Pts',(-0.261753566833427,-4.73339009512355,
5.011969915399));
#2434=CARTESIAN_POINT('Ctrl Pts',(-0.261788421799966,-4.73313374534853,
5.0122117708357));
#2435=CARTESIAN_POINT('Ctrl Pts',(-0.261826734240058,-4.73284889121532,
5.01248218632853));
#2436=CARTESIAN_POINT('Ctrl Pts',(-0.261857022775063,-4.7326216768225,5.01269896771509));
#2437=CARTESIAN_POINT('Ctrl Pts',(-0.261858658720556,-4.73260940451016,
5.0127106765195));
#2438=CARTESIAN_POINT('Ctrl Pts',(-0.261860271570703,-4.73259729994092,
5.01272222824951));
#2439=CARTESIAN_POINT('Ctrl Pts',(-0.261861859597306,-4.73258537654722,
5.01273360983694));
#2440=CARTESIAN_POINT('Ctrl Pts',(-0.26192383834236,-4.73212002100633,5.01317781933837));
#2441=CARTESIAN_POINT('Ctrl Pts',(-0.261984706316052,-4.73165507756966,
5.0136259298178));
#2442=CARTESIAN_POINT('Ctrl Pts',(-0.262044459863339,-4.73119055514552,
5.01407795812735));
#2443=CARTESIAN_POINT('Ctrl Pts',(-0.262163966957914,-4.73026151029723,
5.01498201474644));
#2444=CARTESIAN_POINT('Ctrl Pts',(-0.262279016996367,-4.72933414202034,
5.01590171738665));
#2445=CARTESIAN_POINT('Ctrl Pts',(-0.262389589439157,-4.72840848446379,
5.01683706603494));
#2446=CARTESIAN_POINT('Ctrl Pts',(-0.262610734324736,-4.7265571693507,5.01870776333152));
#2447=CARTESIAN_POINT('Ctrl Pts',(-0.262813961964472,-4.72471269378711,
5.02064104465019));
#2448=CARTESIAN_POINT('Ctrl Pts',(-0.262999178890134,-4.72287536391589,
5.02263691039905));
#2449=CARTESIAN_POINT('Ctrl Pts',(-0.263369612741456,-4.71920070417345,
5.02662864189677));
#2450=CARTESIAN_POINT('Ctrl Pts',(-0.263667816251719,-4.71555458679796,
5.03087071248685));
#2451=CARTESIAN_POINT('Ctrl Pts',(-0.263894784948201,-4.71193977915379,
5.03536314519017));
#2452=CARTESIAN_POINT('Ctrl Pts',(-0.263951527122322,-4.71103607724275,
5.036486253366));
#2453=CARTESIAN_POINT('Ctrl Pts',(-0.263993193004195,-4.71031470413212,
5.03739798715222));
#2454=CARTESIAN_POINT('Ctrl Pts',(-0.26403462248215,-4.7095528258661,5.03837190897727));
#2455=CARTESIAN_POINT('Ctrl Pts',(-0.264076051960104,-4.70879094760009,
5.03934583080232));
#2456=CARTESIAN_POINT('Ctrl Pts',(-0.264114472464556,-4.70802795260189,
5.04033414652088));
#2457=CARTESIAN_POINT('Ctrl Pts',(-0.264149861571506,-4.70726386538365,
5.04133685609148));
#2458=CARTESIAN_POINT('Ctrl Pts',(-0.264220639785407,-4.70573569094716,
5.04334227523267));
#2459=CARTESIAN_POINT('Ctrl Pts',(-0.264279278340994,-4.70420314778692,
5.0454052697556));
#2460=CARTESIAN_POINT('Ctrl Pts',(-0.264325741227152,-4.70266643949719,
5.04752583949818));
#2461=CARTESIAN_POINT('Ctrl Pts',(-0.264372204113311,-4.70112973120745,
5.04964640924077));
#2462=CARTESIAN_POINT('Ctrl Pts',(-0.264406484620325,-4.69958885899071,
5.05182455418585));
#2463=CARTESIAN_POINT('Ctrl Pts',(-0.264428812587288,-4.69804402205768,
5.05406027471814));
#2464=CARTESIAN_POINT('Ctrl Pts',(-0.264439976570769,-4.69727160359116,
5.05517813498428));
#2465=CARTESIAN_POINT('Ctrl Pts',(-0.264448157160965,-4.69649819368162,
5.05631038915934));
#2466=CARTESIAN_POINT('Ctrl Pts',(-0.264453417365798,-4.69572381525131,
5.05745703733037));
#2467=CARTESIAN_POINT('Ctrl Pts',(-0.264456047468214,-4.69533662603616,
5.05803036141589));
#2468=CARTESIAN_POINT('Ctrl Pts',(-0.264457947879254,-4.69494919465531,
5.05860728400054));
#2469=CARTESIAN_POINT('Ctrl Pts',(-0.264459129135963,-4.69456152374204,
5.05918780509251));
#2470=CARTESIAN_POINT('Ctrl Pts',(-0.264460310392649,-4.69417385283623,
5.05976832617332));
#2471=CARTESIAN_POINT('Ctrl Pts',(-0.264460745085373,-4.69374249404085,
5.06041823375472));
#2472=CARTESIAN_POINT('Ctrl Pts',(-0.264460527967428,-4.69339781755421,
5.06094012974365));
#2473=CARTESIAN_POINT('Origin',(-0.528123381269867,-4.88428281572224,4.98068581380218));
#2474=CARTESIAN_POINT('Ctrl Pts',(-0.261988593286754,-4.65517428179057,
5.12962596672735));
#2475=CARTESIAN_POINT('Ctrl Pts',(-0.261847542508974,-4.6540880005006,5.13188596664852));
#2476=CARTESIAN_POINT('Ctrl Pts',(-0.261700655327892,-4.65300385702197,
5.13416784043765));
#2477=CARTESIAN_POINT('Ctrl Pts',(-0.261547985448382,-4.65192191211759,
5.13647158809474));
#2478=CARTESIAN_POINT('Ctrl Pts',(-0.261480271173951,-4.65144203282241,
5.13749337838876));
#2479=CARTESIAN_POINT('Ctrl Pts',(-0.261424007852306,-4.65105052181319,
5.13833147652211));
#2480=CARTESIAN_POINT('Ctrl Pts',(-0.261363573569521,-4.65063538038049,
5.13922353450857));
#2481=CARTESIAN_POINT('Ctrl Pts',(-0.261303139286737,-4.6502202389478,5.14011559249504));
#2482=CARTESIAN_POINT('Ctrl Pts',(-0.261241528561086,-4.64980318946423,
5.14101564590855));
#2483=CARTESIAN_POINT('Ctrl Pts',(-0.261178715935416,-4.64938423956336,
5.14192369474911));
#2484=CARTESIAN_POINT('Ctrl Pts',(-0.261053090684077,-4.64854633976163,
5.14373979243022));
#2485=CARTESIAN_POINT('Ctrl Pts',(-0.260922658071272,-4.64770083825149,
5.14558787181951));
#2486=CARTESIAN_POINT('Ctrl Pts',(-0.260787211795092,-4.64684779795812,
5.14746793291699));
#2487=CARTESIAN_POINT('Ctrl Pts',(-0.260516319242731,-4.64514171737138,
5.15122805511194));
#2488=CARTESIAN_POINT('Ctrl Pts',(-0.26022537573337,-4.64340548107576,5.15511610413962));
#2489=CARTESIAN_POINT('Ctrl Pts',(-0.259912694458639,-4.64163965421217,
5.15913208000003));
#2490=CARTESIAN_POINT('Origin',(0.0323858193299341,-4.69339799687738,5.27494719952231));
#2491=CARTESIAN_POINT('',(-0.248611905482334,-4.78909348187425,5.27494719952231));
#2492=CARTESIAN_POINT('',(-0.24797052044363,-4.5958394506232,5.27494719952231));
#2493=CARTESIAN_POINT('Origin',(0.0478531254124458,-4.61677877689105,5.22770310503412));
#2494=CARTESIAN_POINT('',(0.0641154709778423,-4.4997934615016,5.42470310503412));
#2495=CARTESIAN_POINT('',(0.0641154709778423,-4.4997934615016,5.22770310503412));
#2496=CARTESIAN_POINT('',(0.136649206519749,-4.53889884443062,5.42470310503412));
#2497=CARTESIAN_POINT('Origin',(0.0478531254124458,-4.61677877689105,5.42470310503412));
#2498=CARTESIAN_POINT('',(0.136649206519749,-4.53889884443062,5.22770310503412));
#2499=CARTESIAN_POINT('Origin',(0.0478531254124458,-4.61677877689105,5.22770310503412));
#2500=CARTESIAN_POINT('',(0.0663257353094079,-4.73343549801611,5.42470310503412));
#2501=CARTESIAN_POINT('',(0.136684330595168,-4.69461864383493,5.42470310503412));
#2502=CARTESIAN_POINT('Origin',(0.0478531254124458,-4.61677877689105,5.42470310503412));
#2503=CARTESIAN_POINT('',(0.0663257353094079,-4.73343549801611,5.22770310503412));
#2504=CARTESIAN_POINT('',(0.136684330595168,-4.69461864383493,5.22770310503412));
#2505=CARTESIAN_POINT('Origin',(0.16017167986034,-4.55158060307091,4.36943538849869));
#2506=CARTESIAN_POINT('',(0.130277009304568,-4.53546337801851,5.42470310503412));
#2507=CARTESIAN_POINT('Origin',(0.16017167986034,-4.68166066751624,4.36943538849869));
#2508=CARTESIAN_POINT('',(0.16017167986034,-4.65331054699313,5.42470310503412));
#2509=CARTESIAN_POINT('',(0.16017167986034,-4.65331054699313,5.22770310503412));
#2510=CARTESIAN_POINT('',(0.16017167986034,-4.58024700678897,5.42470310503412));
#2511=CARTESIAN_POINT('',(0.16017167986034,-4.64921972220365,5.42470310503412));
#2512=CARTESIAN_POINT('',(0.16017167986034,-4.58024700678897,5.22770310503412));
#2513=CARTESIAN_POINT('Origin',(0.0488820375157194,-4.74305919034379,4.36943538849869));
#2514=CARTESIAN_POINT('',(0.0751935352340037,-4.72854313063466,5.42470310503412));
#2515=CARTESIAN_POINT('Origin',(-0.062407604828902,-4.68166066751624,4.36943538849869));
#2516=CARTESIAN_POINT('',(-0.0428167475073226,-4.69246894827921,5.42470310503412));
#2517=CARTESIAN_POINT('',(-0.0428167475073226,-4.69246894827921,5.22770310503412));
#2518=CARTESIAN_POINT('',(0.0321795624972565,-4.733844430802,5.42470310503412));
#2519=CARTESIAN_POINT('',(-0.0338630986669675,-4.69740867852842,5.42470310503412));
#2520=CARTESIAN_POINT('',(0.0321795624972565,-4.733844430802,5.22770310503412));
#2521=CARTESIAN_POINT('Origin',(0.0488820375157194,-4.49158060379602,4.36943538849869));
#2522=CARTESIAN_POINT('',(0.033824270361994,-4.49950465729926,5.42470310503412));
#2523=CARTESIAN_POINT('',(0.033824270361994,-4.49950465729926,5.22770310503412));
#2524=CARTESIAN_POINT('',(-0.0408639466474302,-4.53880885304102,5.42470310503412));
#2525=CARTESIAN_POINT('',(0.0226810996865008,-4.50536867948308,5.42470310503412));
#2526=CARTESIAN_POINT('',(-0.0408639466474302,-4.53880885304102,5.22770310503412));
#2527=CARTESIAN_POINT('Origin',(0.0478531254124458,-4.61677877689105,5.42470310503412));
#2528=CARTESIAN_POINT('Origin',(0.0478531254124458,-4.61677877689105,5.42470310503412));
#2529=CARTESIAN_POINT('Origin',(0.0478531254124458,-4.61677877689105,5.42470310503412));
#2530=CARTESIAN_POINT('Origin',(0.0478531254124458,-4.61677877689105,5.42470310503412));
#2531=CARTESIAN_POINT('Origin',(0.0478531254124458,-4.61677877689105,5.42470310503412));
#2532=CARTESIAN_POINT('Origin',(0.0478531254124458,-4.61677877689105,5.42470310503412));
#2533=CARTESIAN_POINT('Origin',(0.0478531254124458,-4.61677877689105,5.22770310503412));
#2534=CARTESIAN_POINT('Origin',(0.0478531254124458,-4.61677877689105,5.22770310503412));
#2535=CARTESIAN_POINT('Origin',(0.0478531254124458,-4.61677877689105,5.22770310503412));
#2536=CARTESIAN_POINT('Origin',(0.0478531254124458,-4.61677877689105,5.42470310503412));
#2537=CARTESIAN_POINT('Origin',(0.0478531254124458,-4.61677877689105,5.42470310503412));
#2538=CARTESIAN_POINT('Origin',(-2.98382122693616,-5.20158059521554,5.42455349873491));
#2539=CARTESIAN_POINT('',(-3.10193146315663,-5.20158059521554,5.42455349873491));
#2540=CARTESIAN_POINT('Origin',(-2.98382122693616,-5.20158059521554,5.42455349873491));
#2541=CARTESIAN_POINT('',(-3.10193146315663,-5.20158059521554,5.22770310503412));
#2542=CARTESIAN_POINT('',(-3.10193146315663,-5.20158059521554,5.42455349873491));
#2543=CARTESIAN_POINT('Origin',(-2.98382122693616,-5.20158059521554,5.22770310503412));
#2544=CARTESIAN_POINT('Origin',(-2.98382122693616,-5.20158059521554,5.22770310503412));
#2545=CARTESIAN_POINT('',(-2.92279760488892,-5.20158059521554,5.22770310503412));
#2546=CARTESIAN_POINT('Origin',(-2.98382122693616,-5.20158059521554,5.22770310503412));
#2547=CARTESIAN_POINT('Origin',(-0.000796004098498027,-5.20158059521554,
5.42455349873491));
#2548=CARTESIAN_POINT('',(-0.11890624031897,-5.20158059521554,5.22770310503412));
#2549=CARTESIAN_POINT('',(-0.11890624031897,-5.20158059521554,5.42455349873491));
#2550=CARTESIAN_POINT('Origin',(-0.000796004098498027,-5.20158059521554,
5.22770310503412));
#2551=CARTESIAN_POINT('Origin',(-0.000796004098498027,-5.20158059521554,
5.22770310503412));
#2552=CARTESIAN_POINT('',(0.0602276179487462,-5.20158059521554,5.22770310503412));
#2553=CARTESIAN_POINT('Origin',(-0.000796004098498027,-5.20158059521554,
5.22770310503412));
#2554=CARTESIAN_POINT('Origin',(-2.11643502276937,-4.10337369907384,5.29374011290814));
#2555=CARTESIAN_POINT('',(-1.96369241143479,-4.87581847683156,5.27494719952231));
#2556=CARTESIAN_POINT('',(-1.96369241143479,-4.87581847683156,5.27474011290814));
#2557=CARTESIAN_POINT('',(-1.96369241143479,-4.87581847683156,5.42455349873491));
#2558=CARTESIAN_POINT('',(-2.11643502276937,-4.89077527387699,5.27494719952231));
#2559=CARTESIAN_POINT('Origin',(-2.11643502276937,-4.10337369907384,5.27494719952231));
#2560=CARTESIAN_POINT('',(-2.11643502276937,-4.89077527387699,5.27474011290814));
#2561=CARTESIAN_POINT('',(-2.11643502276937,-4.89077527387699,5.29374011290814));
#2562=CARTESIAN_POINT('Origin',(-2.11643502276937,-4.10337369907384,5.27474011290814));
#2563=CARTESIAN_POINT('Origin',(-2.11643502276937,-4.89077527387699,5.29374011290814));
#2564=CARTESIAN_POINT('',(-2.19698506345401,-4.89077527387699,5.27494719952231));
#2565=CARTESIAN_POINT('',(-2.11643502276937,-4.89077527387699,5.27494719952231));
#2566=CARTESIAN_POINT('',(-2.19698506345401,-4.89077527387699,5.27474011290814));
#2567=CARTESIAN_POINT('',(-2.19698506345401,-4.89077527387699,5.29374011290814));
#2568=CARTESIAN_POINT('',(-1.78813166166551,-4.89077527387699,5.27474011290814));
#2569=CARTESIAN_POINT('Origin',(-0.771355754165139,-4.41371158230387,5.29374011290814));
#2570=CARTESIAN_POINT('',(-0.915698220370405,-4.94875168897443,5.27494719952231));
#2571=CARTESIAN_POINT('Origin',(-0.771355754165139,-4.41371158230387,5.27494719952231));
#2572=CARTESIAN_POINT('',(-0.915698220370405,-4.94875168897443,5.27474011290814));
#2573=CARTESIAN_POINT('',(-0.915698220370405,-4.94875168897443,5.42455349873491));
#2574=CARTESIAN_POINT('',(-0.696302587288712,-4.96277413378419,5.27474011290814));
#2575=CARTESIAN_POINT('Origin',(-0.771355754165139,-4.41371158230387,5.27474011290814));
#2576=CARTESIAN_POINT('',(-0.696302587288712,-4.96277413378419,5.29374011290814));
#2577=CARTESIAN_POINT('Origin',(-1.45982830056165,-5.20158059521554,5.27474011290813));
#2578=CARTESIAN_POINT('',(-0.948361520810403,-4.9388512036148,5.27474011290813));
#2579=CARTESIAN_POINT('Origin',(-0.771355754165139,-4.41371158230387,5.27474011290813));
#2580=CARTESIAN_POINT('',(-1.9281223674724,-4.86792558342014,5.27474011290813));
#2581=CARTESIAN_POINT('Origin',(-1.45982830056165,-5.20158059521554,5.27474011290813));
#2582=CARTESIAN_POINT('Origin',(-2.11643502276937,-4.10337369907384,5.27474011290813));
#2583=CARTESIAN_POINT('Origin',(-1.45982830056165,-5.20158059521554,5.27474011290814));
#2584=CARTESIAN_POINT('Origin',(-2.11643502276937,-4.10337369907384,5.42455349873491));
#2585=CARTESIAN_POINT('',(-1.9281223674724,-4.86792558342014,5.27455349873491));
#2586=CARTESIAN_POINT('',(-1.9281223674724,-4.86792558342014,5.42455349873491));
#2587=CARTESIAN_POINT('',(-1.96369241143479,-4.87581847683156,5.27455349873491));
#2588=CARTESIAN_POINT('Origin',(-2.11643502276937,-4.10337369907384,5.27455349873491));
#2589=CARTESIAN_POINT('',(-1.96369241143479,-4.87581847683156,5.42455349873491));
#2590=CARTESIAN_POINT('Origin',(-0.771355754165139,-4.41371158230387,5.42455349873491));
#2591=CARTESIAN_POINT('',(-0.915698220370405,-4.94875168897443,5.27455349873491));
#2592=CARTESIAN_POINT('',(-0.915698220370405,-4.94875168897443,5.42455349873491));
#2593=CARTESIAN_POINT('',(-0.948361520810403,-4.9388512036148,5.27455349873491));
#2594=CARTESIAN_POINT('Origin',(-0.771355754165139,-4.41371158230387,5.27455349873491));
#2595=CARTESIAN_POINT('',(-0.948361520810403,-4.9388512036148,5.42455349873491));
#2596=CARTESIAN_POINT('Origin',(-2.11747564344829,-5.20158059521554,5.42474011290814));
#2597=CARTESIAN_POINT('',(-2.11747564344829,-5.20158059521554,5.42455349873491));
#2598=CARTESIAN_POINT('',(-2.25982832609308,-5.20158059521554,5.42455349873491));
#2599=CARTESIAN_POINT('',(-1.03481125901792,-5.20158059521554,5.42455349873491));
#2600=CARTESIAN_POINT('',(-2.11747564344829,-5.20158059521554,5.42474011290814));
#2601=CARTESIAN_POINT('',(-2.11747564344829,-5.20158059521554,5.84374011290813));
#2602=CARTESIAN_POINT('',(-2.25982832609308,-5.20158059521554,5.42474011290814));
#2603=CARTESIAN_POINT('',(-0.659828275030207,-5.20158059521554,5.42474011290814));
#2604=CARTESIAN_POINT('',(-2.25982832609308,-5.20158059521554,5.42474011290814));
#2605=CARTESIAN_POINT('Origin',(-0.659828275030207,-5.20158059521554,5.42474011290814));
#2606=CARTESIAN_POINT('',(-0.659828275030207,-5.20158059521554,5.42474011290814));
#2607=CARTESIAN_POINT('',(-0.659828275030207,-5.20158059521554,5.42474011290814));
#2608=CARTESIAN_POINT('',(-0.802180957674998,-5.20158059521554,5.42474011290813));
#2609=CARTESIAN_POINT('',(-0.659828275030207,-5.20158059521554,5.42474011290814));
#2610=CARTESIAN_POINT('',(-0.802180957674998,-5.20158059521554,5.84374011290813));
#2611=CARTESIAN_POINT('Origin',(-1.45982830056165,-5.20158059521554,5.42474011290814));
#2612=CARTESIAN_POINT('',(-2.19698506345401,-4.89077527387699,5.42455349873491));
#2613=CARTESIAN_POINT('Origin',(-1.45982830056165,-5.20158059521554,5.42455349873491));
#2614=CARTESIAN_POINT('Origin',(-1.45982830056165,-5.20158059521554,5.42474011290814));
#2615=CARTESIAN_POINT('',(-2.19698506345401,-4.89077527387699,5.42474011290814));
#2616=CARTESIAN_POINT('Origin',(-2.11643502276937,-4.89077527387699,5.42455349873491));
#2617=CARTESIAN_POINT('',(-2.42514945179151,-4.89077527387699,5.27494719952231));
#2618=CARTESIAN_POINT('',(-2.11643502276937,-4.89077527387699,5.27494719952231));
#2619=CARTESIAN_POINT('',(-2.7745242421283,-4.89077527387699,4.97967160897113));
#2620=CARTESIAN_POINT('Ctrl Pts',(-2.42514945179151,-4.89077527387699,5.27494719952231));
#2621=CARTESIAN_POINT('Ctrl Pts',(-2.44170043326838,-4.89077527387699,5.27494719952231));
#2622=CARTESIAN_POINT('Ctrl Pts',(-2.4598045878523,-4.89077527387699,5.27350376581564));
#2623=CARTESIAN_POINT('Ctrl Pts',(-2.49543982802549,-4.89077527387699,5.26729908477299));
#2624=CARTESIAN_POINT('Ctrl Pts',(-2.51297135150887,-4.89077527387699,5.26254035264949));
#2625=CARTESIAN_POINT('Ctrl Pts',(-2.54470745031183,-4.89077527387699,5.25125912330718));
#2626=CARTESIAN_POINT('Ctrl Pts',(-2.56186461814237,-4.89077527387699,5.24357980995625));
#2627=CARTESIAN_POINT('Ctrl Pts',(-2.59452354193763,-4.89077527387699,5.22524891117893));
#2628=CARTESIAN_POINT('Ctrl Pts',(-2.61002848634741,-4.89077527387699,5.21460300696853));
#2629=CARTESIAN_POINT('Ctrl Pts',(-2.65715976080103,-4.89077527387699,5.17699910927475));
#2630=CARTESIAN_POINT('Ctrl Pts',(-2.68766787134646,-4.89077527387699,5.1415959823103));
#2631=CARTESIAN_POINT('Ctrl Pts',(-2.73739679454386,-4.89077527387699,5.06254387507195));
#2632=CARTESIAN_POINT('Ctrl Pts',(-2.75690269272759,-4.89077527387699,5.01907459130835));
#2633=CARTESIAN_POINT('Ctrl Pts',(-2.77452424213142,-4.89077527387699,4.97967160897252));
#2634=CARTESIAN_POINT('',(-2.7745242421283,-4.89077527387699,5.42455349873491));
#2635=CARTESIAN_POINT('',(-2.7745242421283,-4.89077527387699,5.42455349873491));
#2636=CARTESIAN_POINT('',(-2.11643502276937,-4.89077527387699,5.42455349873491));
#2637=CARTESIAN_POINT('Origin',(-1.45982830056165,-5.20158059521554,5.84374011290813));
#2638=CARTESIAN_POINT('',(-2.0372381046835,-5.51637885713868,5.42455349873491));
#2639=CARTESIAN_POINT('Origin',(-1.45982830056165,-5.20158059521554,5.42455349873491));
#2640=CARTESIAN_POINT('',(-2.0372381046835,-5.51637885713868,5.29374011290813));
#2641=CARTESIAN_POINT('',(-2.0372381046835,-5.51637885713868,5.84374011290813));
#2642=CARTESIAN_POINT('',(-0.876856901461199,-5.50595598094299,5.29374011290813));
#2643=CARTESIAN_POINT('Origin',(-1.45982830056165,-5.20158059521554,5.29374011290813));
#2644=CARTESIAN_POINT('',(-0.876856901461199,-5.50595598094299,5.84374011290813));
#2645=CARTESIAN_POINT('Origin',(-1.45982830056165,-5.20158059521554,5.42474011290813));
#2646=CARTESIAN_POINT('Origin',(-1.45982830056165,-5.20158059521554,5.42474011290813));
#2647=CARTESIAN_POINT('',(-0.884828300561645,-5.20158059521554,5.42474011290813));
#2648=CARTESIAN_POINT('Origin',(-1.45982830056165,-5.20158059521554,5.42474011290813));
#2649=CARTESIAN_POINT('Origin',(-1.45982830056165,-5.20158059521554,5.84374011290813));
#2650=CARTESIAN_POINT('',(-0.884828300561645,-5.20158059521554,5.27455349873491));
#2651=CARTESIAN_POINT('Origin',(-1.45982830056165,-5.20158059521554,5.27455349873491));
#2652=CARTESIAN_POINT('',(-0.884828300561645,-5.20158059521554,5.84374011290813));
#2653=CARTESIAN_POINT('Origin',(-1.45982830056165,-5.20158059521554,5.27455349873491));
#2654=CARTESIAN_POINT('Origin',(-1.45982830056165,-5.20158059521554,5.29374011290813));
#2655=CARTESIAN_POINT('',(-0.914503877958301,-5.50595598094299,5.29374011290813));
#2656=CARTESIAN_POINT('',(-0.801872840461308,-5.50595598094299,5.29374011290813));
#2657=CARTESIAN_POINT('',(-1.96369241143479,-5.52734271359951,5.29374011290813));
#2658=CARTESIAN_POINT('Origin',(-2.11643502276937,-6.29978749135723,5.29374011290813));
#2659=CARTESIAN_POINT('',(-0.943389982130167,-5.50701710785878,5.29374011290813));
#2660=CARTESIAN_POINT('Origin',(-1.45982830056165,-5.20158059521554,5.29374011290813));
#2661=CARTESIAN_POINT('Origin',(-0.914503877958301,-5.89965676834456,5.29374011290813));
#2662=CARTESIAN_POINT('Origin',(0.0478531254124458,-4.61677877689105,5.42455349873491));
#2663=CARTESIAN_POINT('',(-2.81485317796259,-4.90669011023352,5.42455349873491));
#2664=CARTESIAN_POINT('Origin',(-2.77452424213204,-4.94983039198722,5.42455349873491));
#2665=CARTESIAN_POINT('',(-3.04945351583211,-5.06933339770982,5.42455349873491));
#2666=CARTESIAN_POINT('Origin',(-3.48700210847175,-4.18768541433837,5.42455349873491));
#2667=CARTESIAN_POINT('',(-3.04945351583688,-5.33382779271889,5.42455349873491));
#2668=CARTESIAN_POINT('Origin',(-2.98382122693616,-5.20158059521554,5.42455349873491));
#2669=CARTESIAN_POINT('',(-2.81485317796113,-5.49647108021495,5.42455349873491));
#2670=CARTESIAN_POINT('Origin',(-3.4870021085083,-6.21547577607456,5.42455349873491));
#2671=CARTESIAN_POINT('',(-2.7745242421283,-5.51238591656385,5.42455349873491));
#2672=CARTESIAN_POINT('Origin',(-2.7745242421283,-5.45333079846337,5.42455349873491));
#2673=CARTESIAN_POINT('',(-2.11643502276937,-5.51238591655408,5.42455349873491));
#2674=CARTESIAN_POINT('',(-2.11643502276937,-5.51238591655408,5.42455349873491));
#2675=CARTESIAN_POINT('Origin',(-2.11643502276937,-6.29978749135723,5.42455349873491));
#2676=CARTESIAN_POINT('Origin',(-0.143917380360971,-5.50595598094299,5.42455349873491));
#2677=CARTESIAN_POINT('',(-0.914503877958301,-5.50595598094299,5.27494719952231));
#2678=CARTESIAN_POINT('',(-0.914503877958301,-5.50595598094299,5.42455349873491));
#2679=CARTESIAN_POINT('',(-0.493292170701504,-5.50595598094299,5.27494719952231));
#2680=CARTESIAN_POINT('',(-0.143917380360971,-5.50595598094299,5.27494719952231));
#2681=CARTESIAN_POINT('',(-0.143917380360971,-5.50595598094299,4.97967160897113));
#2682=CARTESIAN_POINT('Ctrl Pts',(-0.493292170701504,-5.50595598094299,
5.27494719952231));
#2683=CARTESIAN_POINT('Ctrl Pts',(-0.476741189224638,-5.50595598094299,
5.27494719952231));
#2684=CARTESIAN_POINT('Ctrl Pts',(-0.458637034640718,-5.50595598094299,
5.27350376581564));
#2685=CARTESIAN_POINT('Ctrl Pts',(-0.423001794467527,-5.50595598094299,
5.26729908477299));
#2686=CARTESIAN_POINT('Ctrl Pts',(-0.405470270984147,-5.50595598094299,
5.26254035264949));
#2687=CARTESIAN_POINT('Ctrl Pts',(-0.373734172181188,-5.50595598094299,
5.25125912330718));
#2688=CARTESIAN_POINT('Ctrl Pts',(-0.356577004350645,-5.50595598094299,
5.24357980995625));
#2689=CARTESIAN_POINT('Ctrl Pts',(-0.323918080555387,-5.50595598094299,
5.22524891117893));
#2690=CARTESIAN_POINT('Ctrl Pts',(-0.308413136145607,-5.50595598094299,
5.21460300696853));
#2691=CARTESIAN_POINT('Ctrl Pts',(-0.261281861691985,-5.50595598094299,
5.17699910927475));
#2692=CARTESIAN_POINT('Ctrl Pts',(-0.230773751146558,-5.50595598094299,
5.1415959823103));
#2693=CARTESIAN_POINT('Ctrl Pts',(-0.181044827949151,-5.50595598094299,
5.06254387507195));
#2694=CARTESIAN_POINT('Ctrl Pts',(-0.1615389297648,-5.50595598094299,5.01907459130696));
#2695=CARTESIAN_POINT('Ctrl Pts',(-0.143917380360971,-5.50595598094299,
4.97967160897113));
#2696=CARTESIAN_POINT('',(-0.143917380360971,-5.50595598094299,5.42455349873491));
#2697=CARTESIAN_POINT('Origin',(-0.914503877958301,-5.89965676834456,5.42455349873491));
#2698=CARTESIAN_POINT('',(-0.943389982130167,-5.50701710785878,5.27494719952231));
#2699=CARTESIAN_POINT('',(-0.943389982130167,-5.50701710785878,5.42455349873491));
#2700=CARTESIAN_POINT('Origin',(-0.914503877958301,-5.89965676834456,5.27494719952231));
#2701=CARTESIAN_POINT('Origin',(-1.45982830056165,-5.20158059521554,5.42455349873491));
#2702=CARTESIAN_POINT('',(-1.96369241143479,-5.52734271359951,5.27494719952231));
#2703=CARTESIAN_POINT('',(-1.96369241143479,-5.52734271359951,5.42455349873491));
#2704=CARTESIAN_POINT('Origin',(-1.45982830056165,-5.20158059521554,5.27494719952231));
#2705=CARTESIAN_POINT('Origin',(-1.45982830056165,-5.20158059521554,5.27455349873491));
#2706=CARTESIAN_POINT('Origin',(-1.45982830056165,-5.20158059521554,5.27494719952231));
#2707=CARTESIAN_POINT('Origin',(-1.45982830056165,-5.25551760308955,5.27455349873491));
#2708=CARTESIAN_POINT('Origin',(-2.11643502276937,-6.29978749135723,5.42455349873491));
#2709=CARTESIAN_POINT('',(-2.11643502276937,-5.51238591655408,5.27494719952231));
#2710=CARTESIAN_POINT('',(-2.11643502276937,-5.51238591655408,5.42455349873491));
#2711=CARTESIAN_POINT('Origin',(-2.11643502276937,-6.29978749135723,5.27494719952231));
#2712=CARTESIAN_POINT('Origin',(0.0478531254124458,-4.61677877689105,5.27494719952231));
#2713=CARTESIAN_POINT('',(-0.492246741590561,-5.38196314493407,5.27494719952231));
#2714=CARTESIAN_POINT('Origin',(-1.45982830056165,-5.20158059521554,5.27494719952231));
#2715=CARTESIAN_POINT('Origin',(-0.143917380360971,-5.44690086283275,5.27494719952231));
#2716=CARTESIAN_POINT('Origin',(-1.45982830056165,-5.20158059521554,4.44030153023097));
#2717=CARTESIAN_POINT('',(-3.04945351583211,-5.06933339770982,4.44030153023097));
#2718=CARTESIAN_POINT('',(-2.81485317796259,-4.90669011023352,4.44030153023097));
#2719=CARTESIAN_POINT('Origin',(-3.48700210847175,-4.18768541433837,4.44030153023097));
#2720=CARTESIAN_POINT('',(-2.71652295059217,-4.96093701860024,4.44030153023097));
#2721=CARTESIAN_POINT('Origin',(-2.77452424213204,-4.94983039198722,4.44030153023097));
#2722=CARTESIAN_POINT('',(-2.7165229505886,-5.4422241718495,4.44030153023097));
#2723=CARTESIAN_POINT('Origin',(-1.45982830056165,-5.20158059521554,4.44030153023097));
#2724=CARTESIAN_POINT('',(-2.81485317796113,-5.49647108021495,4.44030153023097));
#2725=CARTESIAN_POINT('Origin',(-2.7745242421283,-5.45333079846337,4.44030153023097));
#2726=CARTESIAN_POINT('',(-3.04945351583688,-5.33382779271889,4.44030153023097));
#2727=CARTESIAN_POINT('Origin',(-3.4870021085083,-6.21547577607456,4.44030153023097));
#2728=CARTESIAN_POINT('Origin',(-2.98382122693616,-5.20158059521554,4.44030153023097));
#2729=CARTESIAN_POINT('',(-3.07240390410152,-5.20158059521554,4.44030153023097));
#2730=CARTESIAN_POINT('Origin',(-2.98382122693616,-5.20158059521554,4.44030153023097));
#2731=CARTESIAN_POINT('Origin',(-2.98382122693616,-5.20158059521554,4.36943538849869));
#2732=CARTESIAN_POINT('',(-3.07240390410152,-5.20158059521554,4.36943538849869));
#2733=CARTESIAN_POINT('Origin',(-2.98382122693616,-5.20158059521554,4.36943538849869));
#2734=CARTESIAN_POINT('',(-2.92279760488892,-5.20158059521554,4.36943538849869));
#2735=CARTESIAN_POINT('Origin',(-2.98382122693616,-5.20158059521554,4.36943538849869));
#2736=CARTESIAN_POINT('Origin',(-0.000796004098498027,-5.20158059521554,
4.36943538849869));
#2737=CARTESIAN_POINT('',(-0.0893786812638525,-5.20158059521554,4.36943538849869));
#2738=CARTESIAN_POINT('Origin',(-0.000796004098498027,-5.20158059521554,
4.36943538849869));
#2739=CARTESIAN_POINT('',(0.0602276179487461,-5.20158059521554,4.36943538849869));
#2740=CARTESIAN_POINT('Origin',(-0.000796004098498027,-5.20158059521554,
4.36943538849869));
#2741=CARTESIAN_POINT('Origin',(-0.000796004098498027,-5.20158059521554,
4.86943538849869));
#2742=CARTESIAN_POINT('',(-0.0893786812638524,-5.20158059521554,4.86943538849869));
#2743=CARTESIAN_POINT('Origin',(-2.98382122693616,-5.20158059521554,4.86943538849869));
#2744=CARTESIAN_POINT('',(-3.07240390410152,-5.20158059521554,4.86943538849869));
#2745=CARTESIAN_POINT('Origin',(-2.77452424213204,-4.94983039198722,4.97967160897113));
#2746=CARTESIAN_POINT('',(-2.42651649289282,-5.01647015166531,5.27494719952231));
#2747=CARTESIAN_POINT('Origin',(-2.77452424213204,-4.94983039198722,5.27494719952231));
#2748=CARTESIAN_POINT('',(-2.71652295059217,-4.96093701860024,4.97967160897113));
#2749=CARTESIAN_POINT('Origin',(-2.42651649289282,-5.01647015166531,4.97967160897113));
#2750=CARTESIAN_POINT('Origin',(-2.77452424213204,-4.94983039198722,4.97967160897113));
#2751=CARTESIAN_POINT('Origin',(-2.7745242421283,-5.45333079846337,4.97967160897113));
#2752=CARTESIAN_POINT('',(-2.42514945178447,-5.51238591655408,5.27494719952231));
#2753=CARTESIAN_POINT('',(-2.42651649289007,-5.38669103878012,5.27494719952231));
#2754=CARTESIAN_POINT('Origin',(-2.7745242421283,-5.45333079846337,5.27494719952231));
#2755=CARTESIAN_POINT('',(-2.7745242421283,-5.51238591656385,4.97967160897113));
#2756=CARTESIAN_POINT('Ctrl Pts',(-2.7745242421283,-5.51238591655408,4.97967160897113));
#2757=CARTESIAN_POINT('Ctrl Pts',(-2.75690269272726,-5.51238591655408,5.01907459130725));
#2758=CARTESIAN_POINT('Ctrl Pts',(-2.73739679452168,-5.51238591655408,5.06254387505773));
#2759=CARTESIAN_POINT('Ctrl Pts',(-2.68766787133751,-5.51238591655408,5.14159598230298));
#2760=CARTESIAN_POINT('Ctrl Pts',(-2.65715976079419,-5.51238591655408,5.17699910926846));
#2761=CARTESIAN_POINT('Ctrl Pts',(-2.61002848634294,-5.51238591655408,5.21460300696408));
#2762=CARTESIAN_POINT('Ctrl Pts',(-2.59452354193344,-5.51238591655408,5.2252489111752));
#2763=CARTESIAN_POINT('Ctrl Pts',(-2.56186461813849,-5.51238591655408,5.24357980995372));
#2764=CARTESIAN_POINT('Ctrl Pts',(-2.54470745030798,-5.51238591655408,5.25125912330516));
#2765=CARTESIAN_POINT('Ctrl Pts',(-2.51297135150459,-5.51238591655408,5.26254035264839));
#2766=CARTESIAN_POINT('Ctrl Pts',(-2.4954398280207,-5.51238591655408,5.26729908477231));
#2767=CARTESIAN_POINT('Ctrl Pts',(-2.45980458784641,-5.51238591655408,5.27350376581552));
#2768=CARTESIAN_POINT('Ctrl Pts',(-2.44170043326189,-5.51238591655408,5.27494719952231));
#2769=CARTESIAN_POINT('Ctrl Pts',(-2.42514945178447,-5.51238591655408,5.27494719952231));
#2770=CARTESIAN_POINT('',(-2.7165229505886,-5.4422241718495,4.97967160897113));
#2771=CARTESIAN_POINT('Origin',(-2.7745242421283,-5.45333079846337,4.97967160897113));
#2772=CARTESIAN_POINT('Origin',(-2.42651649289007,-5.38669103878012,4.97967160897113));
#2773=CARTESIAN_POINT('Origin',(-1.45982830056165,-5.20158059521554,4.97967160897113));
#2774=CARTESIAN_POINT('',(-0.201972273899236,-5.43607790984964,4.97967160897113));
#2775=CARTESIAN_POINT('',(-0.238619474533187,-4.81969084985473,4.97967160897113));
#2776=CARTESIAN_POINT('Origin',(-1.45982830056165,-5.20158059521554,4.97967160897113));
#2777=CARTESIAN_POINT('Origin',(-0.492246741590567,-5.38196314493407,4.97967160897113));
#2778=CARTESIAN_POINT('Origin',(-0.52043689592437,-4.9078192526303,4.97967160897113));
#2779=CARTESIAN_POINT('Origin',(-0.000796004098498027,-5.20158059521554,
5.42455349873491));
#2780=CARTESIAN_POINT('',(0.0602276179487462,-5.20158059521554,5.42455349873491));
#2781=CARTESIAN_POINT('Origin',(0.279884810175838,-5.00185480108138,5.42455349873491));
#2782=CARTESIAN_POINT('',(0.119495773447646,-5.1159838263009,5.42455349873491));
#2783=CARTESIAN_POINT('',(0.125417776325967,-4.87983016031658,5.42455349873491));
#2784=CARTESIAN_POINT('Origin',(-0.143917380360971,-5.44690086283275,5.42455349873491));
#2785=CARTESIAN_POINT('Origin',(-0.143917380360971,-5.44690086283275,4.97967160897113));
#2786=CARTESIAN_POINT('',(-0.201972273899236,-5.43607790984964,5.27494719952231));
#2787=CARTESIAN_POINT('',(-0.0972743274210994,-5.48312147281468,5.42455349873491));
#2788=CARTESIAN_POINT('Origin',(-2.98382122693616,-5.20158059521554,5.27494719952231));
#2789=CARTESIAN_POINT('',(-2.92279760488892,-5.20158059521554,5.27494719952231));
#2790=CARTESIAN_POINT('Origin',(-1.45982830056165,-5.20158059521554,5.27494719952231));
#2791=CARTESIAN_POINT('Origin',(-1.45982830056165,-5.20158059521554,4.97967160897113));
#2792=CARTESIAN_POINT('',(-2.7165229505886,-5.4422241718495,5.27494719952231));
#2793=CARTESIAN_POINT('',(-2.71652295059217,-4.96093701860024,5.27494719952231));
#2794=CARTESIAN_POINT('Origin',(-2.98382122693616,-5.20158059521554,5.27494719952231));
#2795=CARTESIAN_POINT('',(-3.04945351583211,-5.06933339770982,5.27494719952231));
#2796=CARTESIAN_POINT('',(-3.04945351583688,-5.33382779271889,5.27494719952231));
#2797=CARTESIAN_POINT('Origin',(0.0478531254124458,-4.61677877689105,5.27494719952231));
#2798=CARTESIAN_POINT('',(-2.11643502276937,-5.51238591655408,5.27494719952231));
#2799=CARTESIAN_POINT('Origin',(-1.45982830056165,-5.20158059521554,5.27494719952231));
#2800=CARTESIAN_POINT('Origin',(-3.48700210847175,-4.18768541433837,5.27494719952231));
#2801=CARTESIAN_POINT('',(-2.81485317796259,-4.90669011023352,4.94030153023097));
#2802=CARTESIAN_POINT('Origin',(-3.4870021085083,-6.21547577607456,5.27494719952231));
#2803=CARTESIAN_POINT('',(-2.81485317796113,-5.49647108021495,4.94030153023097));
#2804=CARTESIAN_POINT('Origin',(-2.7745242421283,-5.45333079846337,5.27494719952231));
#2805=CARTESIAN_POINT('',(-2.7745242421283,-5.51238591656385,5.42455349873491));
#2806=CARTESIAN_POINT('Origin',(-2.77452424213204,-4.94983039198722,5.27494719952231));
#2807=CARTESIAN_POINT('Origin',(0.0478531254124458,-4.61677877689105,5.42455349873491));
#2808=CARTESIAN_POINT('',(0.20378987256374,-4.79812806430498,4.94030153023097));
#2809=CARTESIAN_POINT('',(0.171882445996125,-4.41227801700684,4.94030153023097));
#2810=CARTESIAN_POINT('Origin',(0.0469519289426606,-4.69846671934516,5.42455349873491));
#2811=CARTESIAN_POINT('Origin',(-2.11643502276937,-5.51238591655408,5.42455349873491));
#2812=CARTESIAN_POINT('Origin',(-0.459828300552685,-5.20158059522404,5.42455349873491));
#2813=CARTESIAN_POINT('',(-0.061723084533895,-5.43010386792649,4.94030153023097));
#2814=CARTESIAN_POINT('Origin',(0.108999474887274,-5.52810328223515,5.42455349873491));
#2815=CARTESIAN_POINT('',(0.0462592011811188,-5.34151888965251,4.94030153023097));
#2816=CARTESIAN_POINT('Origin',(-0.000796004098498027,-5.20158059521554,
5.42455349873491));
#2817=CARTESIAN_POINT('Origin',(0.588818877875579,-5.24590408261097,5.42455349873491));
#2818=CARTESIAN_POINT('Origin',(-1.45982830056165,-5.20158059521554,5.27494719952231));
#2819=CARTESIAN_POINT('Origin',(-0.406290848323813,-4.87213614745853,5.42118158673071));
#2820=CARTESIAN_POINT('Origin',(-0.143917380360971,-5.44690086283275,4.97967160897113));
#2821=CARTESIAN_POINT('Ctrl Pts',(-0.516895534727787,-4.90600484857933,
5.27494719952231));
#2822=CARTESIAN_POINT('Ctrl Pts',(-0.240910836211376,-4.8117067007093,5.27137769829829));
#2823=CARTESIAN_POINT('Ctrl Pts',(-0.248611905482341,-4.78909348187423,
4.98068581380218));
#2824=CARTESIAN_POINT('Ctrl Pts',(-0.518032138577848,-4.90659234486677,
5.27494719952213));
#2825=CARTESIAN_POINT('Ctrl Pts',(-0.240190929314172,-4.81444275049291,
5.27240489251122));
#2826=CARTESIAN_POINT('Ctrl Pts',(-0.245155075451607,-4.79924402736476,
4.9800079673527));
#2827=CARTESIAN_POINT('Ctrl Pts',(-0.519220874293707,-4.90720172981449,
5.27494719952231));
#2828=CARTESIAN_POINT('Ctrl Pts',(-0.239420720708862,-4.81712862103949,
5.27360535601516));
#2829=CARTESIAN_POINT('Ctrl Pts',(-0.241806404941537,-4.80949966878769,
4.97967160895108));
#2830=CARTESIAN_POINT('Ctrl Pts',(-0.52043689592437,-4.9078192526303,5.27494719952231));
#2831=CARTESIAN_POINT('Ctrl Pts',(-0.238619474533187,-4.81969084985473,
5.27494719952231));
#2832=CARTESIAN_POINT('Ctrl Pts',(-0.238619474533187,-4.81969084985473,
4.97967160897113));
#2833=CARTESIAN_POINT('Origin',(-1.45982830056165,-5.20158059521554,4.97967160897113));
#2834=CARTESIAN_POINT('',(0.,-6.99353086378051E-16,0.499999999999999));
#2835=CARTESIAN_POINT('',(0.,5.38444881889764,-3.38444881889764));
#2836=UNCERTAINTY_MEASURE_WITH_UNIT(LENGTH_MEASURE(0.000393700787401575),
#2845,'DISTANCE_ACCURACY_VALUE',
'Maximum model space distance between geometric entities at asserted c
onnectivities');
#2837=UNCERTAINTY_MEASURE_WITH_UNIT(LENGTH_MEASURE(0.000393700787401575),
#2845,'DISTANCE_ACCURACY_VALUE',
'Maximum model space distance between geometric entities at asserted c
onnectivities');
#2838=UNCERTAINTY_MEASURE_WITH_UNIT(LENGTH_MEASURE(0.000393700787401575),
#2845,'DISTANCE_ACCURACY_VALUE',
'Maximum model space distance between geometric entities at asserted c
onnectivities');
#2839=UNCERTAINTY_MEASURE_WITH_UNIT(LENGTH_MEASURE(0.000393700787401575),
#2845,'DISTANCE_ACCURACY_VALUE',
'Maximum model space distance between geometric entities at asserted c
onnectivities');
#2840=(
GEOMETRIC_REPRESENTATION_CONTEXT(3)
GLOBAL_UNCERTAINTY_ASSIGNED_CONTEXT((#2836))
GLOBAL_UNIT_ASSIGNED_CONTEXT((#2845,#2849,#2850))
REPRESENTATION_CONTEXT('','3D')
);
#2841=(
GEOMETRIC_REPRESENTATION_CONTEXT(3)
GLOBAL_UNCERTAINTY_ASSIGNED_CONTEXT((#2837))
GLOBAL_UNIT_ASSIGNED_CONTEXT((#2845,#2849,#2850))
REPRESENTATION_CONTEXT('','3D')
);
#2842=(
GEOMETRIC_REPRESENTATION_CONTEXT(3)
GLOBAL_UNCERTAINTY_ASSIGNED_CONTEXT((#2838))
GLOBAL_UNIT_ASSIGNED_CONTEXT((#2845,#2849,#2850))
REPRESENTATION_CONTEXT('','3D')
);
#2843=(
GEOMETRIC_REPRESENTATION_CONTEXT(3)
GLOBAL_UNCERTAINTY_ASSIGNED_CONTEXT((#2839))
GLOBAL_UNIT_ASSIGNED_CONTEXT((#2845,#2849,#2850))
REPRESENTATION_CONTEXT('','3D')
);
#2844=DIMENSIONAL_EXPONENTS(1.,0.,0.,0.,0.,0.,0.);
#2845=(
CONVERSION_BASED_UNIT('inch',#2848)
LENGTH_UNIT()
NAMED_UNIT(#2844)
);
#2846=(
LENGTH_UNIT()
NAMED_UNIT(*)
SI_UNIT(.MILLI.,.METRE.)
);
#2847=(
LENGTH_UNIT()
NAMED_UNIT(*)
SI_UNIT($,.METRE.)
);
#2848=LENGTH_MEASURE_WITH_UNIT(LENGTH_MEASURE(25.4),#2846);
#2849=(
NAMED_UNIT(*)
PLANE_ANGLE_UNIT()
SI_UNIT($,.RADIAN.)
);
#2850=(
NAMED_UNIT(*)
SI_UNIT($,.STERADIAN.)
SOLID_ANGLE_UNIT()
);
#2851=SHAPE_DEFINITION_REPRESENTATION(#2854,#2859);
#2852=SHAPE_DEFINITION_REPRESENTATION(#2855,#2860);
#2853=SHAPE_DEFINITION_REPRESENTATION(#2856,#2861);
#2854=PRODUCT_DEFINITION_SHAPE('',$,#2863);
#2855=PRODUCT_DEFINITION_SHAPE('',$,#2864);
#2856=PRODUCT_DEFINITION_SHAPE('',$,#2865);
#2857=PRODUCT_DEFINITION_SHAPE($,$,#17);
#2858=PRODUCT_DEFINITION_SHAPE($,$,#18);
#2859=SHAPE_REPRESENTATION('',(#1488,#1676),#2840);
#2860=SHAPE_REPRESENTATION('',(#1489,#1675),#2841);
#2861=SHAPE_REPRESENTATION('',(#1490),#2842);
#2862=PRODUCT_DEFINITION_CONTEXT('part definition',#2873,'design');
#2863=PRODUCT_DEFINITION('9384 odom final','9384 odom final v1',#2866,#2862);
#2864=PRODUCT_DEFINITION('9384 odom v28','9384 odom v28',#2867,#2862);
#2865=PRODUCT_DEFINITION('Bearing plate (1/2 hex)',
'Bearing plate (1/2 hex)',#2868,#2862);
#2866=PRODUCT_DEFINITION_FORMATION('',$,#2875);
#2867=PRODUCT_DEFINITION_FORMATION('',$,#2876);
#2868=PRODUCT_DEFINITION_FORMATION('',$,#2877);
#2869=PRODUCT_RELATED_PRODUCT_CATEGORY('9384 odom final v1',
'9384 odom final v1',(#2875));
#2870=PRODUCT_RELATED_PRODUCT_CATEGORY('9384 odom v28','9384 odom v28',
(#2876));
#2871=PRODUCT_RELATED_PRODUCT_CATEGORY('Bearing plate (1/2 hex)',
'Bearing plate (1/2 hex)',(#2877));
#2872=APPLICATION_PROTOCOL_DEFINITION('international standard',
'automotive_design',2009,#2873);
#2873=APPLICATION_CONTEXT(
'Core Data for Automotive Mechanical Design Process');
#2874=PRODUCT_CONTEXT('part definition',#2873,'mechanical');
#2875=PRODUCT('9384 odom final','9384 odom final v1',$,(#2874));
#2876=PRODUCT('9384 odom v28','9384 odom v28',$,(#2874));
#2877=PRODUCT('Bearing plate (1/2 hex)','Bearing plate (1/2 hex)',$,(#2874));
#2878=PRESENTATION_STYLE_ASSIGNMENT((#2880));
#2879=PRESENTATION_STYLE_ASSIGNMENT((#2881));
#2880=SURFACE_STYLE_USAGE(.BOTH.,#2882);
#2881=SURFACE_STYLE_USAGE(.BOTH.,#2883);
#2882=SURFACE_SIDE_STYLE('',(#2884));
#2883=SURFACE_SIDE_STYLE('',(#2885));
#2884=SURFACE_STYLE_FILL_AREA(#2886);
#2885=SURFACE_STYLE_FILL_AREA(#2887);
#2886=FILL_AREA_STYLE('Steel - Satin',(#2888));
#2887=FILL_AREA_STYLE('Opaque(26,26,26)',(#2889));
#2888=FILL_AREA_STYLE_COLOUR('Steel - Satin',#2890);
#2889=FILL_AREA_STYLE_COLOUR('Opaque(26,26,26)',#2891);
#2890=COLOUR_RGB('Steel - Satin',0.627450980392157,0.627450980392157,0.627450980392157);
#2891=COLOUR_RGB('Opaque(26,26,26)',0.101960784313725,0.101960784313725,
0.101960784313725);
ENDSEC;
END-ISO-10303-21;
