ISO-10303-21;
HEADER;
/* Generated by software containing ST-Developer
 * from STEP Tools, Inc. (www.steptools.com) 
 */

FILE_DESCRIPTION(
/* description */ (''),
/* implementation_level */ '2;1');

FILE_NAME(
/* name */ 'sensor plate.step',
/* time_stamp */ '2024-03-16T21:47:10-04:00',
/* author */ (''),
/* organization */ (''),
/* preprocessor_version */ 'ST-DEVELOPER v20',
/* originating_system */ 'Autodesk Translation Framework v12.20.1.177',

/* authorisation */ '');

FILE_SCHEMA (('AP203_CONFIGURATION_CONTROLLED_3D_DESIGN_OF_MECHANICAL_PARTS_AND_ASSEMBLIES_MIM_LF { 1 0 10303 203 3 1 4 }',
'AUTOMOTIVE_DESIGN { 1 0 10303 214 3 1 1 }','FEATURE_BASED_PROCESS_PLANNING',
'TECHNICAL_DATA_PACKAGING','INTEGRATED_CNC_SCHEMA','MODEL_BASED_INTEGRATED_MANUFACTURING_SCHEMA',
'AP242_MANAGED_MODEL_BASED_3D_ENGINEERING_MIM_LF { 1 0 10303 442 3 1 4 }'));
ENDSEC;

DATA;
#10=MECHANICAL_DESIGN_GEOMETRIC_PRESENTATION_REPRESENTATION('',(#21),#8027);
#11=ITEM_DEFINED_TRANSFORMATION($,$,#3581,#3988);
#12=ITEM_DEFINED_TRANSFORMATION($,$,#3580,#3989);
#13=(
REPRESENTATION_RELATIONSHIP($,$,#8045,#8044)
REPRESENTATION_RELATIONSHIP_WITH_TRANSFORMATION(#11)
SHAPE_REPRESENTATION_RELATIONSHIP()
);
#14=(
REPRESENTATION_RELATIONSHIP($,$,#8044,#8043)
REPRESENTATION_RELATIONSHIP_WITH_TRANSFORMATION(#12)
SHAPE_REPRESENTATION_RELATIONSHIP()
);
#15=CONTEXT_DEPENDENT_SHAPE_REPRESENTATION(#13,#8041);
#16=CONTEXT_DEPENDENT_SHAPE_REPRESENTATION(#14,#8042);
#17=NEXT_ASSEMBLY_USAGE_OCCURRENCE('Sensor plate:1','Sensor plate:1',
'Sensor plate:1',#8048,#8049,'Sensor plate:1');
#18=NEXT_ASSEMBLY_USAGE_OCCURRENCE('9384 odom v28:1','9384 odom v28:1',
'9384 odom v28:1',#8047,#8048,'9384 odom v28:1');
#19=SHAPE_REPRESENTATION_RELATIONSHIP('SRR','None',#8045,#20);
#20=ADVANCED_BREP_SHAPE_REPRESENTATION('',(#22),#8026);
#21=STYLED_ITEM('',(#8063),#22);
#22=MANIFOLD_SOLID_BREP('Body1',#3566);
#23=(
BOUNDED_SURFACE()
B_SPLINE_SURFACE(3,2,((#6693,#6694,#6695),(#6696,#6697,#6698),(#6699,#6700,
#6701),(#6702,#6703,#6704),(#6705,#6706,#6707),(#6708,#6709,#6710),(#6711,
#6712,#6713),(#6714,#6715,#6716),(#6717,#6718,#6719),(#6720,#6721,#6722),
(#6723,#6724,#6725),(#6726,#6727,#6728),(#6729,#6730,#6731),(#6732,#6733,
#6734),(#6735,#6736,#6737),(#6738,#6739,#6740),(#6741,#6742,#6743),(#6744,
#6745,#6746),(#6747,#6748,#6749),(#6750,#6751,#6752)),.UNSPECIFIED.,.F.,
 .F.,.F.)
B_SPLINE_SURFACE_WITH_KNOTS((4,2,2,2,2,2,2,2,2,4),(3,3),(0.00302522086647411,
0.0051719591271085,0.00636459149412761,0.00755722386114671,0.00874985622816582,
0.00934617241167537,0.00994248859518492,0.011135120962204,0.0123277533292231,
0.0144744915898575),(0.,1.00128165154004),.UNSPECIFIED.)
GEOMETRIC_REPRESENTATION_ITEM()
RATIONAL_B_SPLINE_SURFACE(((1.,0.622462379293339,1.00096774334601),(1.,
0.688383863452002,1.00079876660262),(1.,0.748867026650352,1.0006437299241),
(1.,0.827341250475665,1.00044257670446),(1.,0.852422692648445,1.00037828536649),
(1.,0.894878607360111,1.00026945798954),(1.,0.912237759994898,1.00022496122012),
(1.,0.936321350096668,1.00016322767943),(1.,0.942991779667545,1.00014612934677),
(1.,0.943366064368532,1.00014516994164),(1.,0.941883788845998,1.00014896946305),
(1.,0.935763438647561,1.00016465777557),(1.,0.931166195800632,1.00017644190232),
(1.,0.913310384344786,1.00022221175882),(1.,0.896006244975634,1.00026656751256),
(1.,0.853453549962642,1.00037564296676),(1.,0.828235541006589,1.00044028436679),
(1.,0.749309466633522,1.00064259581633),(1.,0.688933626729166,1.00079735739272),
(1.,0.619918210008787,1.00097426482297)))
REPRESENTATION_ITEM('')
SURFACE()
);
#24=(
BOUNDED_SURFACE()
B_SPLINE_SURFACE(3,2,((#6759,#6760,#6761),(#6762,#6763,#6764),(#6765,#6766,
#6767),(#6768,#6769,#6770),(#6771,#6772,#6773),(#6774,#6775,#6776),(#6777,
#6778,#6779),(#6780,#6781,#6782),(#6783,#6784,#6785),(#6786,#6787,#6788),
(#6789,#6790,#6791),(#6792,#6793,#6794),(#6795,#6796,#6797),(#6798,#6799,
#6800),(#6801,#6802,#6803),(#6804,#6805,#6806),(#6807,#6808,#6809),(#6810,
#6811,#6812),(#6813,#6814,#6815),(#6816,#6817,#6818)),.UNSPECIFIED.,.F.,
 .F.,.F.)
B_SPLINE_SURFACE_WITH_KNOTS((4,2,2,2,2,2,2,2,2,4),(3,3),(0.00397932676040857,
0.00517195912717123,0.00636459149393388,0.00755722386069654,0.0087498562274592,
0.00934617241084054,0.00994248859422187,0.0111351209609845,0.0123277533277472,
0.0138243676908557),(0.,1.00030398199635),.UNSPECIFIED.)
GEOMETRIC_REPRESENTATION_ITEM()
RATIONAL_B_SPLINE_SURFACE(((1.,0.707017746921175,1.00017812266037),(1.,
0.740418072702359,1.00015781646495),(1.,0.77151155174926,1.00013891274928),
(1.,0.827509837566216,1.00010486780785),(1.,0.852566789755057,1.00008963408316),
(1.,0.894981249724209,1.00006384761873),(1.,0.912323452559965,1.00005330418385),
(1.,0.936383526995047,1.00003867652493),(1.,0.94304744343151,1.00003462510369),
(1.,0.943421362674183,1.00003439777425),(1.,0.941940534474397,1.00003529806447),
(1.,0.935826160301073,1.00003901538381),(1.,0.931233406288222,1.00004180761288),
(1.,0.913395029579731,1.0000526527036),(1.,0.896107786293489,1.00006316272505),
(1.,0.853596640519205,1.00008900797097),(1.,0.828403254893203,1.00010432464229),
(1.,0.764904930019108,1.00014292933741),(1.,0.724887368395514,1.00016725857395),
(1.,0.68052806439541,1.00019422743352)))
REPRESENTATION_ITEM('')
SURFACE()
);
#25=(
BOUNDED_SURFACE()
B_SPLINE_SURFACE(3,2,((#7338,#7339,#7340),(#7341,#7342,#7343),(#7344,#7345,
#7346),(#7347,#7348,#7349),(#7350,#7351,#7352),(#7353,#7354,#7355),(#7356,
#7357,#7358),(#7359,#7360,#7361),(#7362,#7363,#7364),(#7365,#7366,#7367),
(#7368,#7369,#7370),(#7371,#7372,#7373),(#7374,#7375,#7376),(#7377,#7378,
#7379)),.UNSPECIFIED.,.F.,.F.,.F.)
B_SPLINE_SURFACE_WITH_KNOTS((4,2,2,2,2,2,4),(3,3),(0.,0.000581628779181177,
0.00116325755836235,0.00174488633754353,0.00232651511672471,0.00348977267508706,
0.00465303023344942),(0.,1.),.UNSPECIFIED.)
GEOMETRIC_REPRESENTATION_ITEM()
RATIONAL_B_SPLINE_SURFACE(((1.,0.707106781186548,1.),(1.,0.71273052381243,
1.),(1.,0.721363180562235,1.),(1.,0.743941929014986,1.),(1.,0.758084353589493,
1.),(1.,0.789227189631074,1.),(1.,0.806259469845814,1.),(1.,0.841406952244271,
1.),(1.,0.859601551381901,1.),(1.,0.911565820284596,1.),(1.,0.943069751128814,
1.),(1.,0.987438570346162,1.),(1.,1.00019016267078,1.),(1.,1.,1.)))
REPRESENTATION_ITEM('')
SURFACE()
);
#26=(
BOUNDED_SURFACE()
B_SPLINE_SURFACE(3,2,((#7385,#7386,#7387),(#7388,#7389,#7390),(#7391,#7392,
#7393),(#7394,#7395,#7396),(#7397,#7398,#7399),(#7400,#7401,#7402),(#7403,
#7404,#7405),(#7406,#7407,#7408),(#7409,#7410,#7411),(#7412,#7413,#7414),
(#7415,#7416,#7417),(#7418,#7419,#7420),(#7421,#7422,#7423),(#7424,#7425,
#7426),(#7427,#7428,#7429),(#7430,#7431,#7432)),.UNSPECIFIED.,.F.,.F.,.F.)
B_SPLINE_SURFACE_WITH_KNOTS((4,2,2,2,2,2,2,4),(3,3),(-2.68636307036772E-5,
0.000497446958475967,0.000994893916951934,0.0014923408754279,0.00198978783390387,
0.00248723479237984,0.0029846817508558,0.00400643929851141),(-2.68636307036772E-5,
1.),.UNSPECIFIED.)
GEOMETRIC_REPRESENTATION_ITEM()
RATIONAL_B_SPLINE_SURFACE(((1.00002309716541,0.570103429726521,1.),(1.00002310613207,
0.569936537621436,1.),(1.00002302686026,0.571411986113271,1.),(1.00002271834842,
0.577154170427665,1.),(1.00002249321692,0.581344436045452,1.),(1.0000219379324,
0.591679683083201,1.),(1.00002160898061,0.597802306632338,1.),(1.00002087798861,
0.611407913569639,1.),(1.00002047827714,0.618847553263456,1.),(1.00001966602242,
0.633965664644642,1.),(1.00001924748936,0.641755621625016,1.),(1.00001842213231,
0.65711760050861,1.),(1.00001802336699,0.664539629970531,1.),(1.0000168708201,
0.685991437808117,1.),(1.00001618339226,0.698786205871446,1.),(1.00001569807709,
0.70781914650317,1.)))
REPRESENTATION_ITEM('')
SURFACE()
);
#27=(
BOUNDED_SURFACE()
B_SPLINE_SURFACE(3,2,((#7436,#7437,#7438),(#7439,#7440,#7441),(#7442,#7443,
#7444),(#7445,#7446,#7447),(#7448,#7449,#7450),(#7451,#7452,#7453),(#7454,
#7455,#7456),(#7457,#7458,#7459),(#7460,#7461,#7462),(#7463,#7464,#7465),
(#7466,#7467,#7468),(#7469,#7470,#7471),(#7472,#7473,#7474),(#7475,#7476,
#7477),(#7478,#7479,#7480),(#7481,#7482,#7483)),.UNSPECIFIED.,.F.,.F.,.F.)
B_SPLINE_SURFACE_WITH_KNOTS((4,2,2,2,2,2,2,4),(3,3),(-4.88649919139217E-16,
0.000497432187325008,0.000994864374650504,0.001492296561976,0.0019897287493015,
0.00248716093662699,0.00298459312395249,0.00397945749860348),(0.,1.),
 .UNSPECIFIED.)
GEOMETRIC_REPRESENTATION_ITEM()
RATIONAL_B_SPLINE_SURFACE(((1.,0.707106781186556,1.),(1.,0.702539790373098,
1.),(1.,0.697255172321007,1.),(1.,0.685383323970708,1.),(1.,0.678719936817187,
1.),(1.,0.664586016020657,1.),(1.,0.657166135650139,1.),(1.,0.641923605458044,
1.),(1.,0.634037999553116,1.),(1.,0.618900604814386,1.),(1.,0.611579526505901,
1.),(1.,0.597964197991676,1.),(1.,0.591730981211371,1.),(1.,0.576286693722181,
1.),(1.,0.570004436229617,1.),(1.,0.570102236723133,1.)))
REPRESENTATION_ITEM('')
SURFACE()
);
#28=(
BOUNDED_SURFACE()
B_SPLINE_SURFACE(3,2,((#7489,#7490,#7491),(#7492,#7493,#7494),(#7495,#7496,
#7497),(#7498,#7499,#7500),(#7501,#7502,#7503),(#7504,#7505,#7506),(#7507,
#7508,#7509),(#7510,#7511,#7512),(#7513,#7514,#7515),(#7516,#7517,#7518),
(#7519,#7520,#7521),(#7522,#7523,#7524),(#7525,#7526,#7527),(#7528,#7529,
#7530)),.UNSPECIFIED.,.F.,.F.,.F.)
B_SPLINE_SURFACE_WITH_KNOTS((4,2,2,2,2,2,4),(3,3),(0.,0.000581628779181177,
0.00116325755836235,0.00174488633754353,0.00232651511672471,0.00348977267508706,
0.00465303023344942),(0.,1.),.UNSPECIFIED.)
GEOMETRIC_REPRESENTATION_ITEM()
RATIONAL_B_SPLINE_SURFACE(((1.,0.707106781186548,1.),(1.,0.712730523812308,
1.),(1.,0.721363180562397,1.),(1.,0.743941929014824,1.),(1.,0.758084353589482,
1.),(1.,0.789227189631085,1.),(1.,0.806259469845835,1.),(1.,0.84140695224425,
1.),(1.,0.859601551381881,1.),(1.,0.91156582028464,1.),(1.,0.943069751128793,
1.),(1.,0.987438570346183,1.),(1.,1.00019016267076,1.),(1.,1.,1.)))
REPRESENTATION_ITEM('')
SURFACE()
);
#29=(
BOUNDED_SURFACE()
B_SPLINE_SURFACE(3,2,((#7531,#7532,#7533),(#7534,#7535,#7536),(#7537,#7538,
#7539),(#7540,#7541,#7542),(#7543,#7544,#7545),(#7546,#7547,#7548),(#7549,
#7550,#7551),(#7552,#7553,#7554),(#7555,#7556,#7557),(#7558,#7559,#7560),
(#7561,#7562,#7563),(#7564,#7565,#7566),(#7567,#7568,#7569),(#7570,#7571,
#7572)),.UNSPECIFIED.,.F.,.F.,.F.)
B_SPLINE_SURFACE_WITH_KNOTS((4,2,2,2,2,2,4),(3,3),(0.,0.000581628779181178,
0.00116325755836236,0.00174488633754353,0.00232651511672471,0.00348977267508707,
0.00465303023344942),(0.,1.00003350845718),.UNSPECIFIED.)
GEOMETRIC_REPRESENTATION_ITEM()
RATIONAL_B_SPLINE_SURFACE(((1.,0.707096966786668,1.00001962945749),(1.,
0.712720897855432,1.00001925255898),(1.,0.721353843872379,1.00001867400558),
(1.,0.743933348904005,1.00001716079683),(1.,0.758076247369544,1.00001621298341),
(1.,0.789220126959254,1.0000141258167),(1.,0.806252977899448,1.00001298432759),
(1.,0.841401638036031,1.00001062877284),(1.,0.859596846846509,1.00000940938609),
(1.,0.911562856991651,1.00000592678444),(1.,0.9430678434839,1.00000381541746),
(1.,0.987438149432142,1.00000084185646),(1.,1.00019016904275,0.999999987255458),
(1.,1.,1.)))
REPRESENTATION_ITEM('')
SURFACE()
);
#30=(
BOUNDED_SURFACE()
B_SPLINE_SURFACE(3,2,((#7576,#7577,#7578),(#7579,#7580,#7581),(#7582,#7583,
#7584),(#7585,#7586,#7587),(#7588,#7589,#7590),(#7591,#7592,#7593)),
 .UNSPECIFIED.,.F.,.F.,.F.)
B_SPLINE_SURFACE_WITH_KNOTS((4,2,4),(3,3),(0.00183480663812963,0.00291811684111537,
0.00400142704410111),(0.,1.),.UNSPECIFIED.)
GEOMETRIC_REPRESENTATION_ITEM()
RATIONAL_B_SPLINE_SURFACE(((1.,0.803475680410254,1.),(1.,0.785658631998816,
1.),(1.,0.765078683110624,1.),(1.,0.729442385858873,1.),(1.,0.713996340608279,
1.),(1.,0.707106781186548,1.)))
REPRESENTATION_ITEM('')
SURFACE()
);
#31=(
BOUNDED_SURFACE()
B_SPLINE_SURFACE(3,2,((#7595,#7596,#7597),(#7598,#7599,#7600),(#7601,#7602,
#7603),(#7604,#7605,#7606),(#7607,#7608,#7609),(#7610,#7611,#7612)),
 .UNSPECIFIED.,.F.,.F.,.F.)
B_SPLINE_SURFACE_WITH_KNOTS((4,2,4),(3,3),(-4.80689792422568E-5,0.000915774504717652,
0.00187961798867756),(0.,1.00004806897924),.UNSPECIFIED.)
GEOMETRIC_REPRESENTATION_ITEM()
RATIONAL_B_SPLINE_SURFACE(((1.,0.801810258241237,1.00001905355717),(1.,
0.812980259797707,1.00001797969602),(1.,0.822122868589952,1.00001710074427),
(1.,0.83451755438137,1.00001590914449),(1.,0.837622230974885,1.00001561066722),
(1.,0.837308449980041,1.00001564083348)))
REPRESENTATION_ITEM('')
SURFACE()
);
#32=(
BOUNDED_SURFACE()
B_SPLINE_SURFACE(3,2,((#7616,#7617,#7618),(#7619,#7620,#7621),(#7622,#7623,
#7624),(#7625,#7626,#7627),(#7628,#7629,#7630),(#7631,#7632,#7633)),
 .UNSPECIFIED.,.F.,.F.,.F.)
B_SPLINE_SURFACE_WITH_KNOTS((4,2,4),(3,3),(-1.62630325872826E-18,0.000914766502545016,
0.00182953300509003),(0.,1.),.UNSPECIFIED.)
GEOMETRIC_REPRESENTATION_ITEM()
RATIONAL_B_SPLINE_SURFACE(((1.,0.837337748711996,1.),(1.,0.837365075021821,
1.),(1.,0.834213932590115,1.),(1.,0.822463673131492,1.),(1.,0.814017518893037,
1.),(1.,0.803475680410262,1.)))
REPRESENTATION_ITEM('')
SURFACE()
);
#33=(
BOUNDED_SURFACE()
B_SPLINE_SURFACE(3,2,((#7635,#7636,#7637),(#7638,#7639,#7640),(#7641,#7642,
#7643),(#7644,#7645,#7646),(#7647,#7648,#7649),(#7650,#7651,#7652),(#7653,
#7654,#7655),(#7656,#7657,#7658)),.UNSPECIFIED.,.F.,.F.,.F.)
B_SPLINE_SURFACE_WITH_KNOTS((4,2,2,4),(3,3),(-3.95531467093192E-5,0.000541725766516974,
0.00108345153303395,0.00220645621277721),(0.,1.00003955314671),
 .UNSPECIFIED.)
GEOMETRIC_REPRESENTATION_ITEM()
RATIONAL_B_SPLINE_SURFACE(((1.,0.706349421083159,1.00002322960886),(1.,
0.709849768813017,1.00002295270932),(1.,0.715613087903628,1.00002249679451),
(1.,0.729879719500392,1.00002136821417),(1.,0.738273893103868,1.00002070418221),
(1.,0.765752744445498,1.00001853043213),(1.,0.787145973685637,1.00001683809306),
(1.,0.805409012402884,1.00001539337176)))
REPRESENTATION_ITEM('')
SURFACE()
);
#34=(
BOUNDED_SURFACE()
B_SPLINE_SURFACE(3,2,((#7662,#7663,#7664),(#7665,#7666,#7667),(#7668,#7669,
#7670),(#7671,#7672,#7673),(#7674,#7675,#7676),(#7677,#7678,#7679),(#7680,
#7681,#7682),(#7683,#7684,#7685),(#7686,#7687,#7688),(#7689,#7690,#7691),
(#7692,#7693,#7694),(#7695,#7696,#7697),(#7698,#7699,#7700),(#7701,#7702,
#7703)),.UNSPECIFIED.,.F.,.F.,.F.)
B_SPLINE_SURFACE_WITH_KNOTS((4,2,2,2,2,2,4),(3,3),(0.,0.000581628779181178,
0.00116325755836236,0.00174488633754353,0.00232651511672471,0.00348977267508707,
0.00465303023344942),(-3.35058626384856E-5,1.),.UNSPECIFIED.)
GEOMETRIC_REPRESENTATION_ITEM()
RATIONAL_B_SPLINE_SURFACE(((1.00001962793754,0.707096967546591,1.),(1.00001925106822,
0.712720898600764,1.),(1.00001867255962,0.721353844595313,1.),(1.00001715946803,
0.743933349568356,1.),(1.00001621172801,0.75807624799716,1.),(1.00001412472291,
0.789220127506155,1.),(1.00001298332218,0.806252978402115,1.),(1.00001062794983,
0.841401638447506,1.),(1.0000094086575,0.859596847210779,1.),(1.00000592632552,
0.911562857221097,1.),(1.00000381512202,0.94306784363163,1.),(1.00000084179128,
0.987438149464712,1.),(0.999999987256444,1.00019016904228,1.),(1.,1.,1.)))
REPRESENTATION_ITEM('')
SURFACE()
);
#35=(
BOUNDED_SURFACE()
B_SPLINE_SURFACE(3,2,((#7704,#7705,#7706),(#7707,#7708,#7709),(#7710,#7711,
#7712),(#7713,#7714,#7715),(#7716,#7717,#7718),(#7719,#7720,#7721)),
 .UNSPECIFIED.,.F.,.F.,.F.)
B_SPLINE_SURFACE_WITH_KNOTS((4,2,4),(3,3),(-8.27175359157192E-6,0.000668304007073995,
0.00134487976773956),(-8.2717535915751E-6,1.),.UNSPECIFIED.)
GEOMETRIC_REPRESENTATION_ITEM()
RATIONAL_B_SPLINE_SURFACE(((1.00000492197203,0.702483156767984,1.),(1.00000492343148,
0.702394937819246,1.),(1.00000487650651,0.705231396772554,1.),(1.00000470979155,
0.715308761704844,1.),(1.00000458938692,0.72258682121251,1.),(1.00000446263174,
0.730248750232268,1.)))
REPRESENTATION_ITEM('')
SURFACE()
);
#36=(
BOUNDED_SURFACE()
B_SPLINE_SURFACE(3,2,((#7726,#7727,#7728),(#7729,#7730,#7731),(#7732,#7733,
#7734),(#7735,#7736,#7737),(#7738,#7739,#7740),(#7741,#7742,#7743),(#7744,
#7745,#7746),(#7747,#7748,#7749),(#7750,#7751,#7752),(#7753,#7754,#7755)),
 .UNSPECIFIED.,.F.,.F.,.F.)
B_SPLINE_SURFACE_WITH_KNOTS((4,2,2,2,4),(3,3),(0.00134033187631703,0.00198486406808736,
0.00262939625985769,0.00327392845162802,0.00391846064339836),(0.,1.),
 .UNSPECIFIED.)
GEOMETRIC_REPRESENTATION_ITEM()
RATIONAL_B_SPLINE_SURFACE(((1.,0.72997013723997,1.),(1.,0.724870622500884,
1.),(1.,0.718999675991927,1.),(1.,0.708249239662139,1.),(1.,0.703244472098483,
1.),(1.,0.696508767055661,1.),(1.,0.694825239579981,1.),(1.,0.696758838946006,
1.),(1.,0.700416876446586,1.),(1.,0.707106781186548,1.)))
REPRESENTATION_ITEM('')
SURFACE()
);
#37=(
BOUNDED_SURFACE()
B_SPLINE_SURFACE(3,2,((#7757,#7758,#7759),(#7760,#7761,#7762),(#7763,#7764,
#7765),(#7766,#7767,#7768),(#7769,#7770,#7771),(#7772,#7773,#7774)),
 .UNSPECIFIED.,.F.,.F.,.F.)
B_SPLINE_SURFACE_WITH_KNOTS((4,2,4),(3,3),(4.11996825544492E-18,0.000668250858570184,
0.00133650171714036),(0.,1.),.UNSPECIFIED.)
GEOMETRIC_REPRESENTATION_ITEM()
RATIONAL_B_SPLINE_SURFACE(((1.,0.729970137239969,1.),(1.,0.722380983474743,
1.),(1.,0.715379759484447,1.),(1.,0.705369887976732,1.),(1.,0.70242472999003,
1.),(1.,0.702483692238648,1.)))
REPRESENTATION_ITEM('')
SURFACE()
);
#38=(
BOUNDED_SURFACE()
B_SPLINE_SURFACE(3,2,((#7778,#7779,#7780),(#7781,#7782,#7783),(#7784,#7785,
#7786),(#7787,#7788,#7789),(#7790,#7791,#7792),(#7793,#7794,#7795),(#7796,
#7797,#7798),(#7799,#7800,#7801),(#7802,#7803,#7804),(#7805,#7806,#7807)),
 .UNSPECIFIED.,.F.,.F.,.F.)
B_SPLINE_SURFACE_WITH_KNOTS((4,2,2,2,4),(3,3),(0.,0.000645102375124833,
0.00129020475024967,0.0019353071253745,0.00258040950049933),(0.,1.),
 .UNSPECIFIED.)
GEOMETRIC_REPRESENTATION_ITEM()
RATIONAL_B_SPLINE_SURFACE(((1.,0.707106781186548,1.),(1.,0.700412624463945,
1.),(1.,0.696801520993333,1.),(1.,0.69481609559225,1.),(1.,0.696514771313329,
1.),(1.,0.703195182911588,1.),(1.,0.708238231229242,1.),(1.,0.719003143022646,
1.),(1.,0.724784031750351,1.),(1.,0.72997013723998,1.)))
REPRESENTATION_ITEM('')
SURFACE()
);
#39=(
BOUNDED_SURFACE()
B_SPLINE_SURFACE(3,2,((#7809,#7810,#7811),(#7812,#7813,#7814),(#7815,#7816,
#7817),(#7818,#7819,#7820),(#7821,#7822,#7823),(#7824,#7825,#7826),(#7827,
#7828,#7829),(#7830,#7831,#7832),(#7833,#7834,#7835),(#7836,#7837,#7838),
(#7839,#7840,#7841),(#7842,#7843,#7844),(#7845,#7846,#7847),(#7848,#7849,
#7850),(#7851,#7852,#7853),(#7854,#7855,#7856),(#7857,#7858,#7859),(#7860,
#7861,#7862)),.UNSPECIFIED.,.F.,.F.,.F.)
B_SPLINE_SURFACE_WITH_KNOTS((4,2,2,2,2,2,2,2,4),(3,3),(2.38524477946811E-18,
0.000696751277771604,0.0013935025555432,0.00209025383331481,0.00278700511108641,
0.00348375638885801,0.00418050766662961,0.00487725894440121,0.00557401022217281),
(0.,1.),.UNSPECIFIED.)
GEOMETRIC_REPRESENTATION_ITEM()
RATIONAL_B_SPLINE_SURFACE(((1.,0.707106781186548,1.),(1.,0.723297870837721,
1.),(1.,0.741205689747175,1.),(1.,0.777084061962098,1.),(1.,0.795066267761421,
1.),(1.,0.827092623790721,1.),(1.,0.841110450860732,1.),(1.,0.860549798299009,
1.),(1.,0.865954382447689,1.),(1.,0.866094999447713,1.),(1.,0.860734843978318,
1.),(1.,0.841192373602587,1.),(1.,0.82724417059798,1.),(1.,0.795291846225384,
1.),(1.,0.777316064398307,1.),(1.,0.741369904970693,1.),(1.,0.723389173014201,
1.),(1.,0.707106781186547,1.)))
REPRESENTATION_ITEM('')
SURFACE()
);
#40=(
BOUNDED_SURFACE()
B_SPLINE_SURFACE(3,2,((#7868,#7869,#7870),(#7871,#7872,#7873),(#7874,#7875,
#7876),(#7877,#7878,#7879),(#7880,#7881,#7882),(#7883,#7884,#7885),(#7886,
#7887,#7888),(#7889,#7890,#7891),(#7892,#7893,#7894),(#7895,#7896,#7897),
(#7898,#7899,#7900),(#7901,#7902,#7903),(#7904,#7905,#7906),(#7907,#7908,
#7909),(#7910,#7911,#7912),(#7913,#7914,#7915),(#7916,#7917,#7918),(#7919,
#7920,#7921)),.UNSPECIFIED.,.F.,.F.,.F.)
B_SPLINE_SURFACE_WITH_KNOTS((4,2,2,2,2,2,2,2,4),(3,3),(8.67361737988404E-19,
0.000696751277771602,0.0013935025555432,0.0020902538333148,0.00278700511108641,
0.00348375638885801,0.00418050766662961,0.00487725894440121,0.00557401022217281),
(0.,1.),.UNSPECIFIED.)
GEOMETRIC_REPRESENTATION_ITEM()
RATIONAL_B_SPLINE_SURFACE(((1.,0.707106781186548,1.),(1.,0.723297870837888,
1.),(1.,0.741205689746956,1.),(1.,0.777084061962317,1.),(1.,0.795066267761265,
1.),(1.,0.827092623790876,1.),(1.,0.841110450860759,1.),(1.,0.860549798298985,
1.),(1.,0.865954382447548,1.),(1.,0.866094999447855,1.),(1.,0.86073484397833,
1.),(1.,0.841192373602574,1.),(1.,0.827244170597967,1.),(1.,0.795291846225398,
1.),(1.,0.777316064398086,1.),(1.,0.741369904970912,1.),(1.,0.723389173014034,
1.),(1.,0.707106781186548,1.)))
REPRESENTATION_ITEM('')
SURFACE()
);
#41=(
BOUNDED_SURFACE()
B_SPLINE_SURFACE(3,2,((#7923,#7924,#7925),(#7926,#7927,#7928),(#7929,#7930,
#7931),(#7932,#7933,#7934),(#7935,#7936,#7937),(#7938,#7939,#7940),(#7941,
#7942,#7943),(#7944,#7945,#7946),(#7947,#7948,#7949),(#7950,#7951,#7952),
(#7953,#7954,#7955),(#7956,#7957,#7958),(#7959,#7960,#7961),(#7962,#7963,
#7964)),.UNSPECIFIED.,.F.,.F.,.F.)
B_SPLINE_SURFACE_WITH_KNOTS((4,2,2,2,2,2,4),(3,3),(-1.39930985710225E-5,
0.000489877536394236,0.00097975507278847,0.0014696326091827,0.00195951014557694,
0.00293926521836541,0.0039330133897249),(-1.39930985710234E-5,1.),
 .UNSPECIFIED.)
GEOMETRIC_REPRESENTATION_ITEM()
RATIONAL_B_SPLINE_SURFACE(((1.00000818477288,0.707542513136485,0.999999999999999),
(1.00000833397942,0.70221108000875,1.),(1.00000843050623,0.698761993784482,
1.),(1.00000852875645,0.69525132684698,1.),(1.00000853231739,0.695124087492443,
1.),(1.00000846759575,0.697436714679379,1.),(1.00000840068069,0.699827716889408,
1.),(1.00000822337475,0.706163195146931,1.),(1.00000811275641,0.71011579838658,
1.),(1.00000776783073,0.722440648494815,1.),(1.00000751586861,0.731443733883582,
1.),(1.00000715683539,0.744272672950005,1.),(1.00000704597838,0.748233804517282,
1.),(1.00000705203935,0.748017234578916,1.)))
REPRESENTATION_ITEM('')
SURFACE()
);
#42=(
BOUNDED_SURFACE()
B_SPLINE_SURFACE(3,2,((#7970,#7971,#7972),(#7973,#7974,#7975),(#7976,#7977,
#7978),(#7979,#7980,#7981),(#7982,#7983,#7984),(#7985,#7986,#7987),(#7988,
#7989,#7990),(#7991,#7992,#7993),(#7994,#7995,#7996),(#7997,#7998,#7999),
(#8000,#8001,#8002),(#8003,#8004,#8005),(#8006,#8007,#8008),(#8009,#8010,
#8011),(#8012,#8013,#8014),(#8015,#8016,#8017)),.UNSPECIFIED.,.F.,.F.,.F.)
B_SPLINE_SURFACE_WITH_KNOTS((4,2,2,2,2,2,2,4),(3,3),(9.75781955236954E-19,
0.000489807580424795,0.00097961516084959,0.00146942274127438,0.00195923032169918,
0.00244903790212397,0.00293884548254877,0.00391846064339836),(0.,1.),
 .UNSPECIFIED.)
GEOMETRIC_REPRESENTATION_ITEM()
RATIONAL_B_SPLINE_SURFACE(((1.,0.748027428750452,1.),(1.,0.748027536469829,
1.),(1.,0.747114182116937,1.),(1.,0.743647486445391,1.),(1.,0.741051904384042,
1.),(1.,0.734657311262297,1.),(1.,0.730886213286178,1.),(1.,0.722759747609062,
1.),(1.,0.718378230605533,1.),(1.,0.710157425339188,1.),(1.,0.706270428021754,
1.),(1.,0.699881398787229,1.),(1.,0.697460363841727,1.),(1.,0.693977992611053,
1.),(1.,0.696823139308537,1.),(1.,0.707106781186548,1.)))
REPRESENTATION_ITEM('')
SURFACE()
);
#43=ELLIPSE('',#3758,0.15712691267335,0.121304621532567);
#44=TOROIDAL_SURFACE('',#3731,0.137795275590551,0.078740157480315);
#45=TOROIDAL_SURFACE('',#3735,0.137795275590551,0.078740157480315);
#46=TOROIDAL_SURFACE('',#3897,0.469748801102505,0.15748031496063);
#47=TOROIDAL_SURFACE('',#3898,0.137795275590551,0.078740157480315);
#48=TOROIDAL_SURFACE('',#3900,1.2007874015748,0.078740157480315);
#49=TOROIDAL_SURFACE('',#3903,1.2007874015748,0.078740157480315);
#50=TOROIDAL_SURFACE('',#3905,0.375585819733375,0.078740157480315);
#51=TOROIDAL_SURFACE('',#3906,1.2007874015748,0.078740157480315);
#52=TOROIDAL_SURFACE('',#3909,1.2007874015748,0.078740157480315);
#53=TOROIDAL_SURFACE('',#3910,0.285433070866142,0.0590551181102362);
#54=TOROIDAL_SURFACE('',#3913,0.285433070866142,0.0590551181102362);
#55=TOROIDAL_SURFACE('',#3918,0.285433070866142,0.0590551181102362);
#56=TOROIDAL_SURFACE('',#3920,0.285433070866142,0.0590551181102362);
#57=TOROIDAL_SURFACE('',#3931,0.206692913385827,0.0590551181102362);
#58=TOROIDAL_SURFACE('',#3943,0.206692913385827,0.0590551181102362);
#59=TOROIDAL_SURFACE('',#3945,0.236220472440945,0.0393700787401575);
#60=TOROIDAL_SURFACE('',#3947,0.419662217714021,0.0393700787401575);
#61=TOROIDAL_SURFACE('',#3953,0.419662217714021,0.0393700787401575);
#62=TOROIDAL_SURFACE('',#3955,0.236220472440945,0.0393700787401575);
#63=TOROIDAL_SURFACE('',#3958,0.236220472440945,0.0393700787401575);
#64=TOROIDAL_SURFACE('',#3966,0.236220472440945,0.0393700787401575);
#65=TOROIDAL_SURFACE('',#3974,0.301551981502261,0.0393700787401575);
#66=TOROIDAL_SURFACE('',#3978,0.301551981502261,0.0393700787401575);
#67=TOROIDAL_SURFACE('',#3980,0.301551981502261,0.0393700787401575);
#68=TOROIDAL_SURFACE('',#3984,0.301551981502261,0.0393700787401575);
#69=B_SPLINE_SURFACE_WITH_KNOTS('',3,1,((#5164,#5165),(#5166,#5167),(#5168,
#5169),(#5170,#5171),(#5172,#5173),(#5174,#5175)),.UNSPECIFIED.,.F.,.F.,
 .F.,(4,2,4),(2,2),(-0.075399115249912,-0.0377149294110993,0.),(0.,0.36576),
 .UNSPECIFIED.);
#70=B_SPLINE_SURFACE_WITH_KNOTS('',3,1,((#5395,#5396),(#5397,#5398),(#5399,
#5400),(#5401,#5402),(#5403,#5404),(#5405,#5406)),.UNSPECIFIED.,.F.,.F.,
 .F.,(4,2,4),(2,2),(-0.0249503004838682,-0.0124855496881181,0.),(0.,0.36576),
 .UNSPECIFIED.);
#71=B_SPLINE_SURFACE_WITH_KNOTS('',3,1,((#5411,#5412),(#5413,#5414),(#5415,
#5416),(#5417,#5418),(#5419,#5420),(#5421,#5422)),.UNSPECIFIED.,.F.,.F.,
 .F.,(4,2,4),(2,2),(-0.0249604643229896,-0.0124753156447285,0.),(0.,0.36576),
 .UNSPECIFIED.);
#72=B_SPLINE_SURFACE_WITH_KNOTS('',3,1,((#5426,#5427),(#5428,#5429),(#5430,
#5431),(#5432,#5433),(#5434,#5435),(#5436,#5437)),.UNSPECIFIED.,.F.,.F.,
 .F.,(4,2,4),(2,2),(-0.0589060977784933,-0.0294512022515597,0.),(0.,0.36576),
 .UNSPECIFIED.);
#73=B_SPLINE_CURVE_WITH_KNOTS('',3,(#5117,#5118,#5119,#5120,#5121,#5122),
 .UNSPECIFIED.,.F.,.F.,(4,2,4),(-0.000840000000001839,-0.00042000000000092,
0.),.UNSPECIFIED.);
#74=B_SPLINE_CURVE_WITH_KNOTS('',3,(#5139,#5140,#5141,#5142,#5143,#5144),
 .UNSPECIFIED.,.F.,.F.,(4,2,4),(-0.000840000000001728,-0.000420000000000864,
0.),.UNSPECIFIED.);
#75=B_SPLINE_CURVE_WITH_KNOTS('',3,(#5148,#5149,#5150,#5151,#5152,#5153),
 .UNSPECIFIED.,.F.,.F.,(4,2,4),(-0.000840000000001784,-0.00042000000000092,
0.),.UNSPECIFIED.);
#76=B_SPLINE_CURVE_WITH_KNOTS('',3,(#5157,#5158,#5159,#5160,#5161,#5162),
 .UNSPECIFIED.,.F.,.F.,(4,2,4),(-0.000840000000001895,-0.00042000000000092,
0.),.UNSPECIFIED.);
#77=B_SPLINE_CURVE_WITH_KNOTS('',3,(#5177,#5178,#5179,#5180),
 .UNSPECIFIED.,.F.,.F.,(4,4),(-0.00505548885523025,-3.18829719591143E-6),
 .UNSPECIFIED.);
#78=B_SPLINE_CURVE_WITH_KNOTS('',3,(#5183,#5184,#5185,#5186),
 .UNSPECIFIED.,.F.,.F.,(4,4),(-0.075399115249912,-0.0703508555722935),
 .UNSPECIFIED.);
#79=B_SPLINE_CURVE_WITH_KNOTS('',3,(#5193,#5194,#5195,#5196),
 .UNSPECIFIED.,.F.,.F.,(4,4),(-0.0249604643229896,-0.01809956139766),
 .UNSPECIFIED.);
#80=B_SPLINE_CURVE_WITH_KNOTS('',3,(#5199,#5200,#5201,#5202),
 .UNSPECIFIED.,.F.,.F.,(4,4),(-0.00843368567228524,0.),.UNSPECIFIED.);
#81=B_SPLINE_CURVE_WITH_KNOTS('',3,(#5217,#5218,#5219,#5220),
 .UNSPECIFIED.,.F.,.F.,(4,4),(-0.0588801381350617,-0.050449460515589),
 .UNSPECIFIED.);
#82=B_SPLINE_CURVE_WITH_KNOTS('',3,(#5223,#5224,#5225,#5226),
 .UNSPECIFIED.,.F.,.F.,(4,4),(0.0697262354538629,0.0765883937024304),
 .UNSPECIFIED.);
#83=B_SPLINE_CURVE_WITH_KNOTS('',3,(#5227,#5228,#5229,#5230),
 .UNSPECIFIED.,.F.,.F.,(4,4),(-0.0497847306929302,-0.044851918102134),
 .UNSPECIFIED.);
#84=B_SPLINE_CURVE_WITH_KNOTS('',3,(#5407,#5408,#5409,#5410),
 .UNSPECIFIED.,.F.,.F.,(4,4),(-0.00493574572753394,0.),.UNSPECIFIED.);
#85=B_SPLINE_CURVE_WITH_KNOTS('',3,(#5588,#5589,#5590,#5591,#5592,#5593),
 .UNSPECIFIED.,.F.,.F.,(4,2,4),(-0.138956330625611,0.,0.000616856805843887),
 .UNSPECIFIED.);
#86=B_SPLINE_CURVE_WITH_KNOTS('',3,(#5595,#5596,#5597,#5598,#5599,#5600,
#5601,#5602),.UNSPECIFIED.,.F.,.F.,(4,2,2,4),(0.304791948343944,0.369449348201556,
0.45637611022162,0.494255291840758),.UNSPECIFIED.);
#87=B_SPLINE_CURVE_WITH_KNOTS('',3,(#5615,#5616,#5617,#5618,#5619,#5620,
#5621,#5622),.UNSPECIFIED.,.F.,.F.,(4,2,2,4),(0.89319949429434,0.984343476123896,
1.13694756066331,1.20018772528934),.UNSPECIFIED.);
#88=B_SPLINE_CURVE_WITH_KNOTS('',3,(#5623,#5624,#5625,#5626,#5627,#5628),
 .UNSPECIFIED.,.F.,.F.,(4,2,4),(-1.07935720338579,-1.07874034652284,-0.93978399771647),
 .UNSPECIFIED.);
#89=B_SPLINE_CURVE_WITH_KNOTS('',3,(#5661,#5662,#5663,#5664,#5665,#5666,
#5667,#5668,#5669,#5670,#5671,#5672,#5673,#5674,#5675,#5676,#5677,#5678,
#5679,#5680,#5681,#5682),.UNSPECIFIED.,.F.,.F.,(4,3,3,3,3,3,3,4),(0.,0.00127283580938943,
0.00254376619975976,0.00255556784635517,0.00381401440649157,0.00383335176953275,
0.00508609536321382,0.00511113569271033),.UNSPECIFIED.);
#90=B_SPLINE_CURVE_WITH_KNOTS('',3,(#5684,#5685,#5686,#5687,#5688,#5689,
#5690,#5691,#5692,#5693,#5694,#5695,#5696,#5697,#5698,#5699,#5700,#5701,
#5702,#5703,#5704,#5705,#5706,#5707,#5708),.UNSPECIFIED.,.F.,.F.,(4,3,3,
3,3,3,3,3,4),(0.00511113569271033,0.00572339810720587,0.00574486278505407,
0.00636041693358592,0.00637858987739779,0.00763299184534317,0.00764604406208525,
0.00890589251911033,0.0101809524314602),.UNSPECIFIED.);
#91=B_SPLINE_CURVE_WITH_KNOTS('',3,(#5735,#5736,#5737,#5738,#5739,#5740,
#5741,#5742,#5743,#5744,#5745,#5746,#5747,#5748,#5749,#5750,#5751,#5752,
#5753),.UNSPECIFIED.,.F.,.F.,(4,3,3,3,3,3,4),(0.,0.000623104343717271,0.000683238864689197,
0.000696620330046407,0.00100714650982313,0.0010248582970338,0.0013664777293784),
 .UNSPECIFIED.);
#92=B_SPLINE_CURVE_WITH_KNOTS('',3,(#5757,#5758,#5759,#5760,#5761,#5762,
#5763,#5764,#5765,#5766,#5767,#5768,#5769),.UNSPECIFIED.,.F.,.F.,(4,3,3,
3,4),(0.,0.000672002477941297,0.000684271997510768,0.00110537386911276,
0.00136854399502154),.UNSPECIFIED.);
#93=B_SPLINE_CURVE_WITH_KNOTS('',3,(#5797,#5798,#5799,#5800),
 .UNSPECIFIED.,.F.,.F.,(4,4),(0.,4.43704370197004E-5),.UNSPECIFIED.);
#94=B_SPLINE_CURVE_WITH_KNOTS('',3,(#5801,#5802,#5803,#5804,#5805,#5806,
#5807,#5808,#5809,#5810,#5811,#5812),.UNSPECIFIED.,.F.,.F.,(4,2,2,2,2,4),
(4.43704370197004E-5,0.000558477433193355,0.00107258442936701,0.00210079842171432,
0.00312901241406163,0.00415722640640894),.UNSPECIFIED.);
#95=B_SPLINE_CURVE_WITH_KNOTS('',3,(#5816,#5817,#5818,#5819,#5820,#5821,
#5822,#5823,#5824,#5825,#5826,#5827,#5828,#5829,#5830,#5831,#5832,#5833,
#5834,#5835,#5836,#5837),.UNSPECIFIED.,.F.,.F.,(4,3,3,3,3,3,3,4),(0.00178525480643226,
0.00232049568151235,0.00272734348857918,0.00275361735565879,0.00310344962858372,
0.00319838782965263,0.00351833250934121,0.00366943217072609),
 .UNSPECIFIED.);
#96=B_SPLINE_CURVE_WITH_KNOTS('',3,(#5844,#5845,#5846,#5847,#5848,#5849,
#5850,#5851,#5852,#5853,#5854,#5855),.UNSPECIFIED.,.F.,.F.,(4,2,2,2,2,4),
(-0.519077801573669,-0.45108398912601,-0.384724512576232,-0.259588567108479,
-0.119361319573664,0.),.UNSPECIFIED.);
#97=B_SPLINE_CURVE_WITH_KNOTS('',3,(#5873,#5874,#5875,#5876,#5877,#5878,
#5879,#5880,#5881,#5882,#5883,#5884),.UNSPECIFIED.,.F.,.F.,(4,2,2,2,2,4),
(-1.00008234840364E-5,0.00101996317484758,0.00204992717317919,0.0030798911715108,
0.00359487317067661,0.00410985516984242),.UNSPECIFIED.);
#98=B_SPLINE_CURVE_WITH_KNOTS('',3,(#5886,#5887,#5888,#5889),
 .UNSPECIFIED.,.F.,.F.,(4,4),(0.00410985516984242,0.00415430130883698),
 .UNSPECIFIED.);
#99=B_SPLINE_CURVE_WITH_KNOTS('',3,(#5893,#5894,#5895,#5896,#5897,#5898,
#5899,#5900),.UNSPECIFIED.,.F.,.F.,(4,2,2,4),(0.,0.000468894196148495,0.000937788392296989,
0.00187557678459398),.UNSPECIFIED.);
#100=B_SPLINE_CURVE_WITH_KNOTS('',3,(#5906,#5907,#5908,#5909,#5910,#5911,
#5912,#5913,#5914,#5915,#5916,#5917,#5918,#5919,#5920,#5921,#5922,#5923,
#5924,#5925,#5926,#5927,#5928,#5929,#5930,#5931,#5932,#5933,#5934,#5935,
#5936,#5937,#5938,#5939,#5940,#5941,#5942),.UNSPECIFIED.,.F.,.F.,(4,3,3,
3,3,3,3,3,3,3,3,3,4),(0.,0.000486432731265165,0.000519653300801119,0.00098027333472107,
0.00103930660160224,0.00148839543801164,0.00155895990240336,0.00200803827981953,
0.00207861320320447,0.00284591492071926,0.00307329268916234,0.00311791980480671,
0.00415722640640894),.UNSPECIFIED.);
#101=B_SPLINE_CURVE_WITH_KNOTS('',3,(#6034,#6035,#6036,#6037,#6038,#6039,
#6040,#6041,#6042,#6043,#6044,#6045,#6046,#6047,#6048,#6049,#6050,#6051,
#6052,#6053,#6054,#6055,#6056,#6057,#6058,#6059,#6060,#6061,#6062,#6063,
#6064,#6065,#6066,#6067,#6068,#6069,#6070,#6071,#6072,#6073,#6074,#6075,
#6076),.UNSPECIFIED.,.F.,.F.,(4,3,3,3,3,3,3,3,3,3,3,3,3,3,4),(1.73472347597681E-18,
0.000497789597558047,0.000521069304441905,0.000999457548016033,0.00104213860888381,
0.00150838198949486,0.0020259467492135,0.00208427721776761,0.00255228610989709,
0.00260534652220951,0.00308595801358372,0.00312641582665141,0.00364748513109331,
0.00407838326202438,0.00416855443553522),.UNSPECIFIED.);
#102=B_SPLINE_CURVE_WITH_KNOTS('',3,(#6082,#6083,#6084,#6085,#6086,#6087,
#6088,#6089,#6090,#6091),.UNSPECIFIED.,.F.,.F.,(4,2,2,2,4),(-0.000670916947685948,
0.,0.165890300275924,0.270160449986073,0.357088836393077),.UNSPECIFIED.);
#103=B_SPLINE_CURVE_WITH_KNOTS('',3,(#6098,#6099,#6100,#6101,#6102,#6103,
#6104,#6105,#6106,#6107,#6108,#6109,#6110,#6111,#6112,#6113,#6114,#6115,
#6116,#6117,#6118,#6119,#6120,#6121,#6122,#6123,#6124,#6125,#6126,#6127,
#6128,#6129,#6130,#6131,#6132,#6133,#6134,#6135,#6136,#6137,#6138,#6139,
#6140,#6141,#6142,#6143,#6144,#6145,#6146),.UNSPECIFIED.,.F.,.F.,(4,3,3,
3,3,3,3,3,3,3,3,3,3,3,3,3,4),(0.,0.000522244764934512,0.000543909674446686,
0.00104448952986902,0.00108488228056933,0.00156673429480354,0.00161993894786057,
0.00208897905973805,0.00214759345030969,0.00261122382467256,0.00266639866846883,
0.00313346858960707,0.00317664613704327,0.0035998958391263,0.00365571335454158,
0.0040951907305344,0.0041779581194761),.UNSPECIFIED.);
#104=B_SPLINE_CURVE_WITH_KNOTS('',3,(#6218,#6219,#6220,#6221,#6222,#6223,
#6224,#6225,#6226,#6227,#6228,#6229),.UNSPECIFIED.,.F.,.F.,(4,2,2,2,2,4),
(0.366309364440733,0.485550029885412,0.625908763885686,0.729365752553949,
0.760752417443586,0.78549664968335),.UNSPECIFIED.);
#105=B_SPLINE_CURVE_WITH_KNOTS('',3,(#6232,#6233,#6234,#6235,#6236,#6237,
#6238,#6239,#6240,#6241,#6242,#6243,#6244,#6245,#6246,#6247),
 .UNSPECIFIED.,.F.,.F.,(4,2,2,2,2,2,2,4),(-1.39039481305277,-1.33569956750581,
-1.26966629916182,-1.08014853036369,-0.967388266786028,-0.854628003208363,
-0.750853980900989,-0.647079958593615),.UNSPECIFIED.);
#106=B_SPLINE_CURVE_WITH_KNOTS('',3,(#6276,#6277,#6278,#6279,#6280,#6281,
#6282,#6283,#6284,#6285,#6286,#6287,#6288,#6289,#6290,#6291,#6292,#6293,
#6294,#6295,#6296,#6297,#6298,#6299,#6300,#6301,#6302,#6303,#6304,#6305,
#6306,#6307,#6308,#6309),.UNSPECIFIED.,.F.,.F.,(4,3,3,3,3,3,3,3,3,3,3,4),
(0.,0.000562209598568715,0.000584812197670418,0.000860715169794862,0.000877218296505627,
0.00113487519898357,0.00116962439534084,0.0016592810555279,0.00172647130363513,
0.00175443659301126,0.00220612180088132,0.00233924879068168),
 .UNSPECIFIED.);
#107=B_SPLINE_CURVE_WITH_KNOTS('',3,(#6312,#6313,#6314,#6315,#6316,#6317,
#6318,#6319,#6320,#6321,#6322,#6323,#6324,#6325,#6326,#6327,#6328,#6329,
#6330,#6331,#6332,#6333,#6334,#6335,#6336,#6337,#6338,#6339),
 .UNSPECIFIED.,.F.,.F.,(4,3,3,3,3,3,3,3,3,4),(0.0013267040112337,0.00181299552812968,
0.00191295480730389,0.00194113408707649,0.00243858980670608,0.00249920560337408,
0.00253419098087903,0.00308545639944426,0.00310894389088304,0.00367170719551445),
 .UNSPECIFIED.);
#108=B_SPLINE_CURVE_WITH_KNOTS('',3,(#6343,#6344,#6345,#6346,#6347,#6348,
#6349,#6350,#6351,#6352,#6353,#6354,#6355,#6356,#6357,#6358,#6359,#6360,
#6361,#6362,#6363,#6364,#6365,#6366,#6367),.UNSPECIFIED.,.F.,.F.,(4,3,3,
3,3,3,3,3,4),(0.,0.000605999703954116,0.00121412795586048,0.00182119193379071,
0.00242825591172095,0.00303531988965119,0.00364238386758143,0.00425157770691822,
0.00485651182344191),.UNSPECIFIED.);
#109=B_SPLINE_CURVE_WITH_KNOTS('',3,(#6371,#6372,#6373,#6374,#6375,#6376,
#6377,#6378,#6379,#6380,#6381,#6382,#6383,#6384,#6385,#6386,#6387,#6388,
#6389,#6390,#6391,#6392,#6393,#6394,#6395,#6396,#6397,#6398,#6399,#6400,
#6401,#6402,#6403,#6404,#6405,#6406,#6407,#6408,#6409,#6410),
 .UNSPECIFIED.,.F.,.F.,(4,3,3,3,3,3,3,3,3,3,3,3,3,4),(0.,0.000426253947498315,
0.000457478459717762,0.000857141949116471,0.000914956919435525,0.0012972700543284,
0.00174904206351706,0.00182991383887106,0.00228739229858882,0.00268794504555953,
0.00274487075830659,0.00320234921802436,0.00360269940178705,0.00365982767774212),
 .UNSPECIFIED.);
#110=B_SPLINE_CURVE_WITH_KNOTS('',3,(#6414,#6415,#6416,#6417,#6418,#6419,
#6420,#6421,#6422,#6423,#6424,#6425,#6426,#6427,#6428,#6429,#6430,#6431,
#6432,#6433,#6434,#6435,#6436,#6437,#6438,#6439,#6440,#6441,#6442,#6443,
#6444,#6445,#6446,#6447,#6448,#6449,#6450,#6451,#6452,#6453,#6454,#6455,
#6456),.UNSPECIFIED.,.F.,.F.,(4,3,3,3,3,3,3,3,3,3,3,3,3,3,4),(8.67361737988404E-19,
0.000489926374139361,0.000917926798878616,0.00097475855437487,0.00137689019831792,
0.00145127592946097,0.00183585359775723,0.00191710626959515,0.00229481699719653,
0.00237040250182279,0.00275378039663584,0.00281220856075499,0.00321274379607514,
0.00355012727599145,0.00367170719551445),.UNSPECIFIED.);
#111=B_SPLINE_CURVE_WITH_KNOTS('',3,(#6459,#6460,#6461,#6462,#6463,#6464,
#6465,#6466,#6467,#6468,#6469,#6470,#6471,#6472,#6473,#6474,#6475,#6476,
#6477,#6478,#6479,#6480,#6481,#6482,#6483),.UNSPECIFIED.,.F.,.F.,(4,3,3,
3,3,3,3,3,4),(0.,0.000605999703954054,0.00121412795586048,0.00182119193379072,
0.00242825591172096,0.0030353198896512,0.00364238386758144,0.00425157770691839,
0.00485651182344191),.UNSPECIFIED.);
#112=B_SPLINE_CURVE_WITH_KNOTS('',3,(#6486,#6487,#6488,#6489,#6490,#6491,
#6492,#6493,#6494,#6495,#6496,#6497,#6498,#6499,#6500,#6501),
 .UNSPECIFIED.,.F.,.F.,(4,2,2,2,2,2,2,4),(-2.18545125321103,-2.15558761066237,
-1.96364032905504,-1.73468379056158,-1.6381680843896,-1.58635261901198,
-1.54692388896605,-1.53889990429267),.UNSPECIFIED.);
#113=B_SPLINE_CURVE_WITH_KNOTS('',3,(#6511,#6512,#6513,#6514,#6515,#6516,
#6517,#6518,#6519,#6520,#6521,#6522,#6523,#6524,#6525,#6526,#6527,#6528,
#6529,#6530,#6531,#6532,#6533,#6534,#6535),.UNSPECIFIED.,.F.,.F.,(4,3,3,
3,3,3,3,3,4),(3.87895961444886E-18,0.000399803336534432,0.00045798242052088,
0.000908718649241515,0.000915964841041756,0.0013431060823884,0.00137394726156263,
0.0017834986741708,0.00183192968208351),.UNSPECIFIED.);
#114=B_SPLINE_CURVE_WITH_KNOTS('',3,(#6538,#6539,#6540,#6541,#6542,#6543,
#6544,#6545,#6546,#6547,#6548,#6549,#6550,#6551,#6552,#6553,#6554,#6555,
#6556,#6557,#6558,#6559,#6560,#6561,#6562),.UNSPECIFIED.,.F.,.F.,(4,3,3,
3,3,3,3,3,4),(0.,0.00037952898382675,0.000458652986787184,0.000917305973574368,
0.000924587571358783,0.00135155422718916,0.00137595896036155,0.00180086062650228,
0.00183461194714874),.UNSPECIFIED.);
#115=B_SPLINE_CURVE_WITH_KNOTS('',3,(#6566,#6567,#6568,#6569,#6570,#6571,
#6572,#6573,#6574,#6575,#6576,#6577,#6578,#6579,#6580,#6581,#6582,#6583,
#6584,#6585,#6586,#6587,#6588,#6589,#6590,#6591,#6592,#6593,#6594,#6595,
#6596,#6597,#6598,#6599,#6600,#6601,#6602,#6603,#6604,#6605),
 .UNSPECIFIED.,.F.,.F.,(4,3,3,3,3,3,3,3,3,3,3,3,3,4),(-1.00008234840389E-5,
0.000962193860585284,0.00103107470959622,0.00107576516720118,0.00184437316287451,
0.00207215024267648,0.0021428370475986,0.00259268800921661,0.00266336646835322,
0.00311322577575674,0.00317235550057807,0.00363376354229687,0.00366703865653605,
0.004154301308837),.UNSPECIFIED.);
#116=B_SPLINE_CURVE_WITH_KNOTS('',3,(#6632,#6633,#6634,#6635,#6636,#6637,
#6638,#6639,#6640,#6641,#6642,#6643,#6644,#6645,#6646,#6647,#6648,#6649,
#6650,#6651,#6652,#6653,#6654,#6655,#6656,#6657,#6658,#6659),
 .UNSPECIFIED.,.F.,.F.,(4,3,3,3,3,3,3,3,3,4),(0.,0.00127261905420344,0.00254376638507538,
0.00381401430444494,0.00508609841641968,0.00572339753346856,0.00636041692739665,
0.0076329918321018,0.00890589336634455,0.0101809524336275),
 .UNSPECIFIED.);
#117=B_SPLINE_CURVE_WITH_KNOTS('',3,(#6826,#6827,#6828,#6829,#6830,#6831,
#6832,#6833,#6834,#6835,#6836,#6837),.UNSPECIFIED.,.F.,.F.,(4,2,2,2,2,4),
(2.75951924149386E-16,0.000616056731700821,0.00123211346340137,0.00184817019510191,
0.00215619856095218,0.00246422692680245),.UNSPECIFIED.);
#118=B_SPLINE_CURVE_WITH_KNOTS('',3,(#6840,#6841,#6842,#6843,#6844,#6845,
#6846,#6847,#6848,#6849,#6850,#6851,#6852,#6853),.UNSPECIFIED.,.F.,.F.,
(4,2,2,2,2,2,4),(0.,0.000594279534263485,0.00118855906852697,0.00148569883565871,
0.00178283860279046,0.0020799783699222,0.00237711813705394),
 .UNSPECIFIED.);
#119=B_SPLINE_CURVE_WITH_KNOTS('',3,(#6859,#6860,#6861,#6862,#6863,#6864,
#6865,#6866),.UNSPECIFIED.,.F.,.F.,(4,2,2,4),(0.,0.000279015261170243,0.000558030522340485,
0.00111606104468098),.UNSPECIFIED.);
#120=B_SPLINE_CURVE_WITH_KNOTS('',3,(#6868,#6869,#6870,#6871,#6872,#6873,
#6874,#6875),.UNSPECIFIED.,.F.,.F.,(4,2,2,4),(0.00113134590025282,0.00181424740749454,
0.0021556981611154,0.00249714891473627),.UNSPECIFIED.);
#121=B_SPLINE_CURVE_WITH_KNOTS('',3,(#6879,#6880,#6881,#6882,#6883,#6884,
#6885,#6886,#6887,#6888),.UNSPECIFIED.,.F.,.F.,(4,2,2,2,4),(0.,0.000392583724874693,
0.000785167449749381,0.00117775117462407,0.00157033489949876),
 .UNSPECIFIED.);
#122=B_SPLINE_CURVE_WITH_KNOTS('',3,(#6889,#6890,#6891,#6892,#6893,#6894),
 .UNSPECIFIED.,.F.,.F.,(4,2,4),(0.,0.00040463779063989,0.000809275581279781),
 .UNSPECIFIED.);
#123=B_SPLINE_CURVE_WITH_KNOTS('',3,(#6903,#6904,#6905,#6906,#6907,#6908,
#6909,#6910,#6911,#6912,#6913,#6914,#6915,#6916,#6917,#6918,#6919,#6920,
#6921,#6922,#6923,#6924,#6925,#6926,#6927,#6928,#6929,#6930,#6931,#6932,
#6933,#6934,#6935,#6936,#6937,#6938,#6939,#6940,#6941,#6942),
 .UNSPECIFIED.,.F.,.F.,(4,3,3,3,3,3,3,3,3,3,3,3,3,4),(0.,0.000466858489827007,
0.000605321146242462,0.000618760418649001,0.000912092442881581,0.000928140627973502,
0.00122203508744211,0.001237520837298,0.00153465347663284,0.0015469010466225,
0.00184854757885946,0.001856281255947,0.00216245039725337,0.00247504167459601),
 .UNSPECIFIED.);
#124=B_SPLINE_CURVE_WITH_KNOTS('',3,(#6945,#6946,#6947,#6948,#6949,#6950,
#6951,#6952,#6953,#6954,#6955,#6956,#6957,#6958,#6959,#6960,#6961,#6962,
#6963,#6964,#6965,#6966,#6967,#6968,#6969,#6970,#6971,#6972,#6973,#6974,
#6975,#6976,#6977,#6978,#6979,#6980,#6981,#6982,#6983,#6984),
 .UNSPECIFIED.,.F.,.F.,(4,3,3,3,3,3,3,3,3,3,3,3,3,4),(0.,0.00042889686991716,
0.000595141382441819,0.000603503121427752,0.000900210773219859,0.00119028276488364,
0.0011961310931818,0.00148785345610455,0.0014922684543009,0.00178542414732546,
0.00178847437457711,0.00208299483854638,0.00208458865635803,0.00238056552976729),
 .UNSPECIFIED.);
#125=B_SPLINE_CURVE_WITH_KNOTS('',3,(#6990,#6991,#6992,#6993,#6994,#6995,
#6996,#6997,#6998,#6999,#7000,#7001,#7002,#7003,#7004,#7005,#7006,#7007,
#7008),.UNSPECIFIED.,.F.,.F.,(4,3,3,3,3,3,4),(0.,0.000252767400222255,0.000339950116037939,
0.000674214513321422,0.000679900232075878,0.00110008508472429,0.00135980046415176),
 .UNSPECIFIED.);
#126=B_SPLINE_CURVE_WITH_KNOTS('',3,(#7010,#7011,#7012,#7013,#7014,#7015),
 .UNSPECIFIED.,.F.,.F.,(4,2,4),(0.,0.000559159589088525,0.00111831917817705),
 .UNSPECIFIED.);
#127=B_SPLINE_CURVE_WITH_KNOTS('',3,(#7019,#7020,#7021,#7022,#7023,#7024),
 .UNSPECIFIED.,.F.,.F.,(4,2,4),(0.,0.000404709639312053,0.000809419278624105),
 .UNSPECIFIED.);
#128=B_SPLINE_CURVE_WITH_KNOTS('',3,(#7025,#7026,#7027,#7028,#7029,#7030,
#7031,#7032,#7033,#7034,#7035,#7036,#7037,#7038,#7039,#7040,#7041,#7042,
#7043,#7044,#7045,#7046,#7047,#7048,#7049,#7050,#7051,#7052),
 .UNSPECIFIED.,.F.,.F.,(4,3,3,3,3,3,3,3,3,4),(0.00080774864118303,0.00111820530268203,
0.00119711501199021,0.00120009101515076,0.0015863584200632,0.00159243338911848,
0.00194552886247905,0.00197758823616189,0.00198477576308621,0.00237711813705394),
 .UNSPECIFIED.);
#129=B_SPLINE_CURVE_WITH_KNOTS('',3,(#7067,#7068,#7069,#7070,#7071,#7072,
#7073,#7074,#7075,#7076,#7077,#7078,#7079,#7080,#7081,#7082,#7083,#7084,
#7085,#7086,#7087,#7088,#7089,#7090,#7091,#7092,#7093,#7094,#7095,#7096,
#7097,#7098,#7099,#7100,#7101,#7102,#7103,#7104,#7105,#7106),
 .UNSPECIFIED.,.F.,.F.,(4,3,3,3,3,3,3,3,3,3,3,3,3,4),(-1.07367316595091E-5,
0.000477061563480859,0.000964859858621226,0.00114251198534736,0.00168825095258289,
0.00194045644890196,0.00219836556003289,0.00256069860715243,0.0026759167814412,
0.0029160530391827,0.00311393765628305,0.00340385133432306,0.00351678930498467,
0.00389164962946343),.UNSPECIFIED.);
#130=B_SPLINE_CURVE_WITH_KNOTS('',3,(#7109,#7110,#7111,#7112,#7113,#7114,
#7115,#7116,#7117,#7118,#7119,#7120,#7121,#7122,#7123,#7124,#7125,#7126,
#7127,#7128,#7129,#7130,#7131,#7132,#7133,#7134,#7135,#7136,#7137,#7138,
#7139,#7140,#7141,#7142,#7143,#7144,#7145,#7146,#7147,#7148,#7149,#7150,
#7151),.UNSPECIFIED.,.F.,.F.,(4,3,3,3,3,3,3,3,3,3,3,3,3,3,4),(4.33680868994202E-19,
0.000396913823383823,0.00068067857056337,0.00116777030928865,0.00136135714112674,
0.00189043107096789,0.00241336740498003,0.00272271428225348,0.00325212035946727,
0.00378523684720053,0.00408407142338022,0.00457238285542335,0.00476474999394359,
0.0051633340005077,0.00544542856450696),.UNSPECIFIED.);
#131=B_SPLINE_CURVE_WITH_KNOTS('',3,(#7152,#7153,#7154,#7155,#7156,#7157,
#7158,#7159,#7160,#7161,#7162,#7163,#7164,#7165,#7166,#7167,#7168,#7169,
#7170,#7171,#7172,#7173,#7174,#7175,#7176,#7177,#7178,#7179,#7180,#7181,
#7182,#7183,#7184,#7185,#7186,#7187,#7188,#7189,#7190,#7191,#7192,#7193,
#7194),.UNSPECIFIED.,.F.,.F.,(4,3,3,3,3,3,3,3,3,3,3,3,3,3,4),(0.,0.000371717183775106,
0.000483719412162384,0.000771190958577129,0.000967438824324767,0.0012055389967787,
0.00156483404923186,0.00167908595706628,0.00193487764864953,0.00247604351345455,
0.00272608646409636,0.0029023164729743,0.00338603588513668,0.00362789559121787,
0.00386975529729906),.UNSPECIFIED.);
#132=B_SPLINE_CURVE_WITH_KNOTS('',3,(#7212,#7213,#7214,#7215,#7216,#7217,
#7218,#7219,#7220,#7221,#7222,#7223,#7224,#7225,#7226,#7227,#7228,#7229,
#7230,#7231,#7232,#7233,#7234,#7235,#7236,#7237,#7238,#7239,#7240,#7241,
#7242,#7243,#7244,#7245,#7246,#7247,#7248,#7249,#7250,#7251,#7252,#7253,
#7254),.UNSPECIFIED.,.F.,.F.,(4,3,3,3,3,3,3,3,3,3,3,3,3,3,4),(0.,0.000371717183774906,
0.000483719412162374,0.000771190958577076,0.000967438824324748,0.00120553899677919,
0.00156483404921184,0.00167908595706653,0.00193487764864951,0.0024760435134357,
0.00272608646409651,0.00290231647297427,0.00338603588513666,0.00362789559121786,
0.00386975529729906),.UNSPECIFIED.);
#133=B_SPLINE_CURVE_WITH_KNOTS('',3,(#7255,#7256,#7257,#7258,#7259,#7260,
#7261,#7262,#7263,#7264,#7265,#7266,#7267,#7268,#7269,#7270,#7271,#7272,
#7273,#7274,#7275,#7276,#7277,#7278,#7279,#7280,#7281,#7282,#7283,#7284,
#7285,#7286,#7287,#7288,#7289,#7290,#7291,#7292,#7293,#7294),
 .UNSPECIFIED.,.F.,.F.,(4,3,3,3,3,3,3,3,3,3,3,3,3,4),(-1.07367316595637E-5,
0.000477061563480804,0.000964859858621172,0.00114251198534735,0.0016882509525972,
0.00194045644890191,0.00219836556003307,0.0025606986071576,0.00267591678144146,
0.00291605303918264,0.00311393765628308,0.00340385133432301,0.00351678930498475,
0.00389164962946338),.UNSPECIFIED.);
#134=B_SPLINE_CURVE_WITH_KNOTS('',3,(#7295,#7296,#7297,#7298,#7299,#7300,
#7301,#7302,#7303,#7304,#7305,#7306,#7307,#7308,#7309,#7310,#7311,#7312,
#7313,#7314,#7315,#7316,#7317,#7318,#7319,#7320,#7321,#7322,#7323,#7324,
#7325,#7326,#7327,#7328,#7329,#7330,#7331,#7332,#7333,#7334,#7335,#7336,
#7337),.UNSPECIFIED.,.F.,.F.,(4,3,3,3,3,3,3,3,3,3,3,3,3,3,4),(4.33680868994202E-19,
0.000396913823384027,0.000680678570563371,0.00116777030928878,0.00136135714112674,
0.00189043107096797,0.00241336740498015,0.00272271428225348,0.00325212035946733,
0.00378523684720062,0.00408407142338022,0.00457238285542368,0.00476474999394359,
0.00516333400050784,0.00544542856450696),.UNSPECIFIED.);
#135=FACE_BOUND('',#446,.T.);
#136=FACE_BOUND('',#455,.T.);
#137=FACE_BOUND('',#458,.T.);
#138=FACE_BOUND('',#465,.T.);
#139=FACE_BOUND('',#522,.T.);
#140=FACE_BOUND('',#523,.T.);
#141=FACE_BOUND('',#524,.T.);
#142=FACE_BOUND('',#525,.T.);
#143=FACE_BOUND('',#526,.T.);
#144=FACE_BOUND('',#527,.T.);
#145=FACE_BOUND('',#529,.T.);
#146=FACE_BOUND('',#554,.T.);
#147=FACE_BOUND('',#555,.T.);
#148=FACE_BOUND('',#556,.T.);
#149=FACE_BOUND('',#590,.T.);
#150=FACE_BOUND('',#591,.T.);
#151=FACE_BOUND('',#595,.T.);
#152=FACE_BOUND('',#600,.T.);
#153=FACE_BOUND('',#602,.T.);
#154=PLANE('',#3585);
#155=PLANE('',#3586);
#156=PLANE('',#3587);
#157=PLANE('',#3588);
#158=PLANE('',#3589);
#159=PLANE('',#3590);
#160=PLANE('',#3591);
#161=PLANE('',#3595);
#162=PLANE('',#3599);
#163=PLANE('',#3612);
#164=PLANE('',#3613);
#165=PLANE('',#3614);
#166=PLANE('',#3618);
#167=PLANE('',#3620);
#168=PLANE('',#3622);
#169=PLANE('',#3624);
#170=PLANE('',#3626);
#171=PLANE('',#3628);
#172=PLANE('',#3630);
#173=PLANE('',#3633);
#174=PLANE('',#3636);
#175=PLANE('',#3639);
#176=PLANE('',#3641);
#177=PLANE('',#3642);
#178=PLANE('',#3643);
#179=PLANE('',#3645);
#180=PLANE('',#3649);
#181=PLANE('',#3652);
#182=PLANE('',#3653);
#183=PLANE('',#3659);
#184=PLANE('',#3669);
#185=PLANE('',#3670);
#186=PLANE('',#3671);
#187=PLANE('',#3672);
#188=PLANE('',#3673);
#189=PLANE('',#3674);
#190=PLANE('',#3675);
#191=PLANE('',#3679);
#192=PLANE('',#3680);
#193=PLANE('',#3681);
#194=PLANE('',#3682);
#195=PLANE('',#3683);
#196=PLANE('',#3684);
#197=PLANE('',#3685);
#198=PLANE('',#3686);
#199=PLANE('',#3702);
#200=PLANE('',#3703);
#201=PLANE('',#3704);
#202=PLANE('',#3705);
#203=PLANE('',#3706);
#204=PLANE('',#3707);
#205=PLANE('',#3730);
#206=PLANE('',#3782);
#207=PLANE('',#3788);
#208=PLANE('',#3801);
#209=PLANE('',#3804);
#210=PLANE('',#3806);
#211=PLANE('',#3815);
#212=PLANE('',#3824);
#213=PLANE('',#3825);
#214=PLANE('',#3827);
#215=PLANE('',#3829);
#216=PLANE('',#3830);
#217=PLANE('',#3833);
#218=PLANE('',#3834);
#219=PLANE('',#3835);
#220=PLANE('',#3836);
#221=PLANE('',#3838);
#222=PLANE('',#3839);
#223=PLANE('',#3841);
#224=PLANE('',#3842);
#225=PLANE('',#3844);
#226=PLANE('',#3845);
#227=PLANE('',#3869);
#228=PLANE('',#3878);
#229=PLANE('',#3885);
#230=PLANE('',#3886);
#231=PLANE('',#3888);
#232=PLANE('',#3889);
#233=PLANE('',#3891);
#234=PLANE('',#3892);
#235=PLANE('',#3893);
#236=PLANE('',#3896);
#237=PLANE('',#3923);
#238=PLANE('',#3927);
#239=PLANE('',#3933);
#240=PLANE('',#3938);
#241=FACE_OUTER_BOUND('',#444,.T.);
#242=FACE_OUTER_BOUND('',#445,.T.);
#243=FACE_OUTER_BOUND('',#447,.T.);
#244=FACE_OUTER_BOUND('',#448,.T.);
#245=FACE_OUTER_BOUND('',#449,.T.);
#246=FACE_OUTER_BOUND('',#450,.T.);
#247=FACE_OUTER_BOUND('',#451,.T.);
#248=FACE_OUTER_BOUND('',#452,.T.);
#249=FACE_OUTER_BOUND('',#453,.T.);
#250=FACE_OUTER_BOUND('',#454,.T.);
#251=FACE_OUTER_BOUND('',#456,.T.);
#252=FACE_OUTER_BOUND('',#457,.T.);
#253=FACE_OUTER_BOUND('',#459,.T.);
#254=FACE_OUTER_BOUND('',#460,.T.);
#255=FACE_OUTER_BOUND('',#461,.T.);
#256=FACE_OUTER_BOUND('',#462,.T.);
#257=FACE_OUTER_BOUND('',#463,.T.);
#258=FACE_OUTER_BOUND('',#464,.T.);
#259=FACE_OUTER_BOUND('',#466,.T.);
#260=FACE_OUTER_BOUND('',#467,.T.);
#261=FACE_OUTER_BOUND('',#468,.T.);
#262=FACE_OUTER_BOUND('',#469,.T.);
#263=FACE_OUTER_BOUND('',#470,.T.);
#264=FACE_OUTER_BOUND('',#471,.T.);
#265=FACE_OUTER_BOUND('',#472,.T.);
#266=FACE_OUTER_BOUND('',#473,.T.);
#267=FACE_OUTER_BOUND('',#474,.T.);
#268=FACE_OUTER_BOUND('',#475,.T.);
#269=FACE_OUTER_BOUND('',#476,.T.);
#270=FACE_OUTER_BOUND('',#477,.T.);
#271=FACE_OUTER_BOUND('',#478,.T.);
#272=FACE_OUTER_BOUND('',#479,.T.);
#273=FACE_OUTER_BOUND('',#480,.T.);
#274=FACE_OUTER_BOUND('',#481,.T.);
#275=FACE_OUTER_BOUND('',#482,.T.);
#276=FACE_OUTER_BOUND('',#483,.T.);
#277=FACE_OUTER_BOUND('',#484,.T.);
#278=FACE_OUTER_BOUND('',#485,.T.);
#279=FACE_OUTER_BOUND('',#486,.T.);
#280=FACE_OUTER_BOUND('',#487,.T.);
#281=FACE_OUTER_BOUND('',#488,.T.);
#282=FACE_OUTER_BOUND('',#489,.T.);
#283=FACE_OUTER_BOUND('',#490,.T.);
#284=FACE_OUTER_BOUND('',#491,.T.);
#285=FACE_OUTER_BOUND('',#492,.T.);
#286=FACE_OUTER_BOUND('',#493,.T.);
#287=FACE_OUTER_BOUND('',#494,.T.);
#288=FACE_OUTER_BOUND('',#495,.T.);
#289=FACE_OUTER_BOUND('',#496,.T.);
#290=FACE_OUTER_BOUND('',#497,.T.);
#291=FACE_OUTER_BOUND('',#498,.T.);
#292=FACE_OUTER_BOUND('',#499,.T.);
#293=FACE_OUTER_BOUND('',#500,.T.);
#294=FACE_OUTER_BOUND('',#501,.T.);
#295=FACE_OUTER_BOUND('',#502,.T.);
#296=FACE_OUTER_BOUND('',#503,.T.);
#297=FACE_OUTER_BOUND('',#504,.T.);
#298=FACE_OUTER_BOUND('',#505,.T.);
#299=FACE_OUTER_BOUND('',#506,.T.);
#300=FACE_OUTER_BOUND('',#507,.T.);
#301=FACE_OUTER_BOUND('',#508,.T.);
#302=FACE_OUTER_BOUND('',#509,.T.);
#303=FACE_OUTER_BOUND('',#510,.T.);
#304=FACE_OUTER_BOUND('',#511,.T.);
#305=FACE_OUTER_BOUND('',#512,.T.);
#306=FACE_OUTER_BOUND('',#513,.T.);
#307=FACE_OUTER_BOUND('',#514,.T.);
#308=FACE_OUTER_BOUND('',#515,.T.);
#309=FACE_OUTER_BOUND('',#516,.T.);
#310=FACE_OUTER_BOUND('',#517,.T.);
#311=FACE_OUTER_BOUND('',#518,.T.);
#312=FACE_OUTER_BOUND('',#519,.T.);
#313=FACE_OUTER_BOUND('',#520,.T.);
#314=FACE_OUTER_BOUND('',#521,.T.);
#315=FACE_OUTER_BOUND('',#528,.T.);
#316=FACE_OUTER_BOUND('',#530,.T.);
#317=FACE_OUTER_BOUND('',#531,.T.);
#318=FACE_OUTER_BOUND('',#532,.T.);
#319=FACE_OUTER_BOUND('',#533,.T.);
#320=FACE_OUTER_BOUND('',#534,.T.);
#321=FACE_OUTER_BOUND('',#535,.T.);
#322=FACE_OUTER_BOUND('',#536,.T.);
#323=FACE_OUTER_BOUND('',#537,.T.);
#324=FACE_OUTER_BOUND('',#538,.T.);
#325=FACE_OUTER_BOUND('',#539,.T.);
#326=FACE_OUTER_BOUND('',#540,.T.);
#327=FACE_OUTER_BOUND('',#541,.T.);
#328=FACE_OUTER_BOUND('',#542,.T.);
#329=FACE_OUTER_BOUND('',#543,.T.);
#330=FACE_OUTER_BOUND('',#544,.T.);
#331=FACE_OUTER_BOUND('',#545,.T.);
#332=FACE_OUTER_BOUND('',#546,.T.);
#333=FACE_OUTER_BOUND('',#547,.T.);
#334=FACE_OUTER_BOUND('',#548,.T.);
#335=FACE_OUTER_BOUND('',#549,.T.);
#336=FACE_OUTER_BOUND('',#550,.T.);
#337=FACE_OUTER_BOUND('',#551,.T.);
#338=FACE_OUTER_BOUND('',#552,.T.);
#339=FACE_OUTER_BOUND('',#553,.T.);
#340=FACE_OUTER_BOUND('',#557,.T.);
#341=FACE_OUTER_BOUND('',#558,.T.);
#342=FACE_OUTER_BOUND('',#559,.T.);
#343=FACE_OUTER_BOUND('',#560,.T.);
#344=FACE_OUTER_BOUND('',#561,.T.);
#345=FACE_OUTER_BOUND('',#562,.T.);
#346=FACE_OUTER_BOUND('',#563,.T.);
#347=FACE_OUTER_BOUND('',#564,.T.);
#348=FACE_OUTER_BOUND('',#565,.T.);
#349=FACE_OUTER_BOUND('',#566,.T.);
#350=FACE_OUTER_BOUND('',#567,.T.);
#351=FACE_OUTER_BOUND('',#568,.T.);
#352=FACE_OUTER_BOUND('',#569,.T.);
#353=FACE_OUTER_BOUND('',#570,.T.);
#354=FACE_OUTER_BOUND('',#571,.T.);
#355=FACE_OUTER_BOUND('',#572,.T.);
#356=FACE_OUTER_BOUND('',#573,.T.);
#357=FACE_OUTER_BOUND('',#574,.T.);
#358=FACE_OUTER_BOUND('',#575,.T.);
#359=FACE_OUTER_BOUND('',#576,.T.);
#360=FACE_OUTER_BOUND('',#577,.T.);
#361=FACE_OUTER_BOUND('',#578,.T.);
#362=FACE_OUTER_BOUND('',#579,.T.);
#363=FACE_OUTER_BOUND('',#580,.T.);
#364=FACE_OUTER_BOUND('',#581,.T.);
#365=FACE_OUTER_BOUND('',#582,.T.);
#366=FACE_OUTER_BOUND('',#583,.T.);
#367=FACE_OUTER_BOUND('',#584,.T.);
#368=FACE_OUTER_BOUND('',#585,.T.);
#369=FACE_OUTER_BOUND('',#586,.T.);
#370=FACE_OUTER_BOUND('',#587,.T.);
#371=FACE_OUTER_BOUND('',#588,.T.);
#372=FACE_OUTER_BOUND('',#589,.T.);
#373=FACE_OUTER_BOUND('',#592,.T.);
#374=FACE_OUTER_BOUND('',#593,.T.);
#375=FACE_OUTER_BOUND('',#594,.T.);
#376=FACE_OUTER_BOUND('',#596,.T.);
#377=FACE_OUTER_BOUND('',#597,.T.);
#378=FACE_OUTER_BOUND('',#598,.T.);
#379=FACE_OUTER_BOUND('',#599,.T.);
#380=FACE_OUTER_BOUND('',#601,.T.);
#381=FACE_OUTER_BOUND('',#603,.T.);
#382=FACE_OUTER_BOUND('',#604,.T.);
#383=FACE_OUTER_BOUND('',#605,.T.);
#384=FACE_OUTER_BOUND('',#606,.T.);
#385=FACE_OUTER_BOUND('',#607,.T.);
#386=FACE_OUTER_BOUND('',#608,.T.);
#387=FACE_OUTER_BOUND('',#609,.T.);
#388=FACE_OUTER_BOUND('',#610,.T.);
#389=FACE_OUTER_BOUND('',#611,.T.);
#390=FACE_OUTER_BOUND('',#612,.T.);
#391=FACE_OUTER_BOUND('',#613,.T.);
#392=FACE_OUTER_BOUND('',#614,.T.);
#393=FACE_OUTER_BOUND('',#615,.T.);
#394=FACE_OUTER_BOUND('',#616,.T.);
#395=FACE_OUTER_BOUND('',#617,.T.);
#396=FACE_OUTER_BOUND('',#618,.T.);
#397=FACE_OUTER_BOUND('',#619,.T.);
#398=FACE_OUTER_BOUND('',#620,.T.);
#399=FACE_OUTER_BOUND('',#621,.T.);
#400=FACE_OUTER_BOUND('',#622,.T.);
#401=FACE_OUTER_BOUND('',#623,.T.);
#402=FACE_OUTER_BOUND('',#624,.T.);
#403=FACE_OUTER_BOUND('',#625,.T.);
#404=FACE_OUTER_BOUND('',#626,.T.);
#405=FACE_OUTER_BOUND('',#627,.T.);
#406=FACE_OUTER_BOUND('',#628,.T.);
#407=FACE_OUTER_BOUND('',#629,.T.);
#408=FACE_OUTER_BOUND('',#630,.T.);
#409=FACE_OUTER_BOUND('',#631,.T.);
#410=FACE_OUTER_BOUND('',#632,.T.);
#411=FACE_OUTER_BOUND('',#633,.T.);
#412=FACE_OUTER_BOUND('',#634,.T.);
#413=FACE_OUTER_BOUND('',#635,.T.);
#414=FACE_OUTER_BOUND('',#636,.T.);
#415=FACE_OUTER_BOUND('',#637,.T.);
#416=FACE_OUTER_BOUND('',#638,.T.);
#417=FACE_OUTER_BOUND('',#639,.T.);
#418=FACE_OUTER_BOUND('',#640,.T.);
#419=FACE_OUTER_BOUND('',#641,.T.);
#420=FACE_OUTER_BOUND('',#642,.T.);
#421=FACE_OUTER_BOUND('',#643,.T.);
#422=FACE_OUTER_BOUND('',#644,.T.);
#423=FACE_OUTER_BOUND('',#645,.T.);
#424=FACE_OUTER_BOUND('',#646,.T.);
#425=FACE_OUTER_BOUND('',#647,.T.);
#426=FACE_OUTER_BOUND('',#648,.T.);
#427=FACE_OUTER_BOUND('',#649,.T.);
#428=FACE_OUTER_BOUND('',#650,.T.);
#429=FACE_OUTER_BOUND('',#651,.T.);
#430=FACE_OUTER_BOUND('',#652,.T.);
#431=FACE_OUTER_BOUND('',#653,.T.);
#432=FACE_OUTER_BOUND('',#654,.T.);
#433=FACE_OUTER_BOUND('',#655,.T.);
#434=FACE_OUTER_BOUND('',#656,.T.);
#435=FACE_OUTER_BOUND('',#657,.T.);
#436=FACE_OUTER_BOUND('',#658,.T.);
#437=FACE_OUTER_BOUND('',#659,.T.);
#438=FACE_OUTER_BOUND('',#660,.T.);
#439=FACE_OUTER_BOUND('',#661,.T.);
#440=FACE_OUTER_BOUND('',#662,.T.);
#441=FACE_OUTER_BOUND('',#663,.T.);
#442=FACE_OUTER_BOUND('',#664,.T.);
#443=FACE_OUTER_BOUND('',#665,.T.);
#444=EDGE_LOOP('',(#2234,#2235,#2236,#2237));
#445=EDGE_LOOP('',(#2238));
#446=EDGE_LOOP('',(#2239,#2240,#2241,#2242,#2243,#2244));
#447=EDGE_LOOP('',(#2245,#2246,#2247,#2248));
#448=EDGE_LOOP('',(#2249,#2250,#2251,#2252));
#449=EDGE_LOOP('',(#2253,#2254,#2255,#2256));
#450=EDGE_LOOP('',(#2257,#2258,#2259,#2260));
#451=EDGE_LOOP('',(#2261,#2262,#2263,#2264));
#452=EDGE_LOOP('',(#2265,#2266,#2267,#2268));
#453=EDGE_LOOP('',(#2269,#2270,#2271,#2272));
#454=EDGE_LOOP('',(#2273));
#455=EDGE_LOOP('',(#2274,#2275,#2276,#2277,#2278,#2279));
#456=EDGE_LOOP('',(#2280,#2281,#2282,#2283));
#457=EDGE_LOOP('',(#2284));
#458=EDGE_LOOP('',(#2285));
#459=EDGE_LOOP('',(#2286,#2287,#2288,#2289,#2290,#2291,#2292,#2293,#2294,
#2295,#2296,#2297,#2298,#2299,#2300,#2301));
#460=EDGE_LOOP('',(#2302,#2303,#2304,#2305));
#461=EDGE_LOOP('',(#2306,#2307,#2308,#2309));
#462=EDGE_LOOP('',(#2310,#2311,#2312));
#463=EDGE_LOOP('',(#2313,#2314,#2315,#2316));
#464=EDGE_LOOP('',(#2317,#2318,#2319,#2320,#2321,#2322));
#465=EDGE_LOOP('',(#2323,#2324,#2325,#2326,#2327,#2328,#2329,#2330,#2331));
#466=EDGE_LOOP('',(#2332,#2333,#2334,#2335));
#467=EDGE_LOOP('',(#2336,#2337));
#468=EDGE_LOOP('',(#2338,#2339));
#469=EDGE_LOOP('',(#2340,#2341));
#470=EDGE_LOOP('',(#2342,#2343));
#471=EDGE_LOOP('',(#2344,#2345));
#472=EDGE_LOOP('',(#2346,#2347));
#473=EDGE_LOOP('',(#2348,#2349,#2350,#2351,#2352,#2353,#2354,#2355));
#474=EDGE_LOOP('',(#2356,#2357,#2358,#2359));
#475=EDGE_LOOP('',(#2360,#2361,#2362,#2363,#2364,#2365,#2366,#2367));
#476=EDGE_LOOP('',(#2368,#2369,#2370,#2371));
#477=EDGE_LOOP('',(#2372,#2373,#2374,#2375,#2376,#2377,#2378,#2379));
#478=EDGE_LOOP('',(#2380,#2381,#2382,#2383));
#479=EDGE_LOOP('',(#2384,#2385));
#480=EDGE_LOOP('',(#2386,#2387,#2388,#2389,#2390,#2391,#2392,#2393));
#481=EDGE_LOOP('',(#2394,#2395,#2396,#2397,#2398,#2399,#2400,#2401));
#482=EDGE_LOOP('',(#2402,#2403));
#483=EDGE_LOOP('',(#2404,#2405));
#484=EDGE_LOOP('',(#2406,#2407,#2408,#2409));
#485=EDGE_LOOP('',(#2410,#2411,#2412));
#486=EDGE_LOOP('',(#2413,#2414,#2415,#2416,#2417,#2418,#2419,#2420));
#487=EDGE_LOOP('',(#2421,#2422));
#488=EDGE_LOOP('',(#2423,#2424,#2425,#2426));
#489=EDGE_LOOP('',(#2427,#2428,#2429,#2430));
#490=EDGE_LOOP('',(#2431,#2432));
#491=EDGE_LOOP('',(#2433,#2434,#2435,#2436,#2437,#2438,#2439,#2440,#2441,
#2442,#2443,#2444,#2445,#2446,#2447,#2448,#2449,#2450,#2451,#2452,#2453,
#2454,#2455,#2456,#2457,#2458,#2459,#2460));
#492=EDGE_LOOP('',(#2461,#2462,#2463));
#493=EDGE_LOOP('',(#2464,#2465,#2466));
#494=EDGE_LOOP('',(#2467,#2468,#2469));
#495=EDGE_LOOP('',(#2470,#2471,#2472));
#496=EDGE_LOOP('',(#2473,#2474,#2475));
#497=EDGE_LOOP('',(#2476,#2477,#2478));
#498=EDGE_LOOP('',(#2479,#2480));
#499=EDGE_LOOP('',(#2481,#2482,#2483,#2484));
#500=EDGE_LOOP('',(#2485,#2486,#2487,#2488,#2489,#2490));
#501=EDGE_LOOP('',(#2491,#2492,#2493,#2494));
#502=EDGE_LOOP('',(#2495,#2496,#2497,#2498));
#503=EDGE_LOOP('',(#2499,#2500,#2501,#2502));
#504=EDGE_LOOP('',(#2503,#2504,#2505,#2506));
#505=EDGE_LOOP('',(#2507,#2508,#2509));
#506=EDGE_LOOP('',(#2510,#2511,#2512,#2513,#2514,#2515,#2516,#2517));
#507=EDGE_LOOP('',(#2518,#2519,#2520,#2521,#2522,#2523,#2524,#2525));
#508=EDGE_LOOP('',(#2526,#2527,#2528,#2529,#2530,#2531,#2532,#2533));
#509=EDGE_LOOP('',(#2534,#2535,#2536,#2537,#2538,#2539,#2540,#2541));
#510=EDGE_LOOP('',(#2542,#2543,#2544,#2545,#2546,#2547,#2548,#2549));
#511=EDGE_LOOP('',(#2550,#2551,#2552,#2553));
#512=EDGE_LOOP('',(#2554,#2555,#2556,#2557));
#513=EDGE_LOOP('',(#2558,#2559,#2560,#2561));
#514=EDGE_LOOP('',(#2562,#2563,#2564,#2565));
#515=EDGE_LOOP('',(#2566,#2567,#2568,#2569));
#516=EDGE_LOOP('',(#2570,#2571));
#517=EDGE_LOOP('',(#2572,#2573));
#518=EDGE_LOOP('',(#2574,#2575));
#519=EDGE_LOOP('',(#2576,#2577));
#520=EDGE_LOOP('',(#2578,#2579));
#521=EDGE_LOOP('',(#2580,#2581,#2582,#2583,#2584,#2585,#2586,#2587,#2588,
#2589,#2590,#2591,#2592,#2593,#2594,#2595,#2596,#2597,#2598,#2599,#2600,
#2601,#2602));
#522=EDGE_LOOP('',(#2603));
#523=EDGE_LOOP('',(#2604,#2605,#2606,#2607,#2608,#2609));
#524=EDGE_LOOP('',(#2610,#2611,#2612,#2613,#2614,#2615,#2616,#2617,#2618,
#2619,#2620,#2621,#2622,#2623,#2624,#2625));
#525=EDGE_LOOP('',(#2626));
#526=EDGE_LOOP('',(#2627,#2628,#2629,#2630));
#527=EDGE_LOOP('',(#2631,#2632,#2633,#2634));
#528=EDGE_LOOP('',(#2635));
#529=EDGE_LOOP('',(#2636));
#530=EDGE_LOOP('',(#2637,#2638,#2639,#2640,#2641));
#531=EDGE_LOOP('',(#2642,#2643,#2644,#2645,#2646));
#532=EDGE_LOOP('',(#2647,#2648,#2649,#2650));
#533=EDGE_LOOP('',(#2651,#2652,#2653,#2654));
#534=EDGE_LOOP('',(#2655,#2656,#2657,#2658));
#535=EDGE_LOOP('',(#2659,#2660,#2661,#2662));
#536=EDGE_LOOP('',(#2663,#2664,#2665,#2666,#2667,#2668,#2669));
#537=EDGE_LOOP('',(#2670,#2671,#2672,#2673,#2674));
#538=EDGE_LOOP('',(#2675,#2676,#2677,#2678,#2679,#2680,#2681,#2682,#2683));
#539=EDGE_LOOP('',(#2684,#2685,#2686,#2687));
#540=EDGE_LOOP('',(#2688,#2689,#2690,#2691,#2692,#2693,#2694,#2695,#2696,
#2697,#2698,#2699));
#541=EDGE_LOOP('',(#2700,#2701,#2702,#2703,#2704,#2705,#2706));
#542=EDGE_LOOP('',(#2707,#2708,#2709,#2710,#2711,#2712,#2713));
#543=EDGE_LOOP('',(#2714,#2715,#2716,#2717));
#544=EDGE_LOOP('',(#2718,#2719,#2720,#2721,#2722,#2723,#2724));
#545=EDGE_LOOP('',(#2725,#2726,#2727,#2728,#2729));
#546=EDGE_LOOP('',(#2730,#2731,#2732,#2733,#2734,#2735,#2736,#2737,#2738,
#2739,#2740,#2741,#2742,#2743,#2744));
#547=EDGE_LOOP('',(#2745,#2746,#2747,#2748,#2749,#2750,#2751,#2752,#2753,
#2754,#2755,#2756,#2757,#2758,#2759,#2760,#2761,#2762,#2763));
#548=EDGE_LOOP('',(#2764,#2765,#2766,#2767,#2768));
#549=EDGE_LOOP('',(#2769,#2770,#2771));
#550=EDGE_LOOP('',(#2772,#2773,#2774,#2775));
#551=EDGE_LOOP('',(#2776,#2777,#2778,#2779,#2780));
#552=EDGE_LOOP('',(#2781,#2782,#2783,#2784,#2785,#2786,#2787,#2788,#2789,
#2790,#2791,#2792,#2793));
#553=EDGE_LOOP('',(#2794,#2795,#2796,#2797,#2798,#2799,#2800,#2801,#2802,
#2803,#2804,#2805,#2806,#2807,#2808,#2809,#2810,#2811,#2812,#2813,#2814));
#554=EDGE_LOOP('',(#2815,#2816,#2817,#2818));
#555=EDGE_LOOP('',(#2819,#2820,#2821,#2822));
#556=EDGE_LOOP('',(#2823));
#557=EDGE_LOOP('',(#2824,#2825,#2826,#2827));
#558=EDGE_LOOP('',(#2828,#2829,#2830,#2831));
#559=EDGE_LOOP('',(#2832,#2833,#2834,#2835,#2836));
#560=EDGE_LOOP('',(#2837,#2838,#2839,#2840));
#561=EDGE_LOOP('',(#2841,#2842,#2843,#2844));
#562=EDGE_LOOP('',(#2845,#2846,#2847,#2848));
#563=EDGE_LOOP('',(#2849,#2850,#2851,#2852,#2853,#2854,#2855,#2856,#2857,
#2858));
#564=EDGE_LOOP('',(#2859,#2860,#2861,#2862));
#565=EDGE_LOOP('',(#2863,#2864,#2865,#2866));
#566=EDGE_LOOP('',(#2867,#2868,#2869,#2870,#2871,#2872,#2873));
#567=EDGE_LOOP('',(#2874,#2875,#2876));
#568=EDGE_LOOP('',(#2877,#2878,#2879,#2880,#2881));
#569=EDGE_LOOP('',(#2882,#2883,#2884,#2885));
#570=EDGE_LOOP('',(#2886,#2887,#2888,#2889));
#571=EDGE_LOOP('',(#2890,#2891,#2892,#2893));
#572=EDGE_LOOP('',(#2894,#2895,#2896,#2897));
#573=EDGE_LOOP('',(#2898,#2899,#2900,#2901));
#574=EDGE_LOOP('',(#2902,#2903,#2904,#2905));
#575=EDGE_LOOP('',(#2906,#2907,#2908,#2909));
#576=EDGE_LOOP('',(#2910,#2911,#2912,#2913,#2914,#2915,#2916,#2917,#2918,
#2919,#2920,#2921,#2922,#2923,#2924,#2925,#2926,#2927));
#577=EDGE_LOOP('',(#2928,#2929,#2930,#2931,#2932));
#578=EDGE_LOOP('',(#2933,#2934,#2935,#2936,#2937));
#579=EDGE_LOOP('',(#2938,#2939,#2940,#2941,#2942,#2943,#2944,#2945));
#580=EDGE_LOOP('',(#2946,#2947,#2948,#2949,#2950));
#581=EDGE_LOOP('',(#2951,#2952,#2953,#2954,#2955,#2956));
#582=EDGE_LOOP('',(#2957,#2958,#2959,#2960,#2961,#2962));
#583=EDGE_LOOP('',(#2963,#2964,#2965,#2966));
#584=EDGE_LOOP('',(#2967,#2968,#2969,#2970));
#585=EDGE_LOOP('',(#2971,#2972,#2973,#2974));
#586=EDGE_LOOP('',(#2975,#2976,#2977,#2978));
#587=EDGE_LOOP('',(#2979,#2980,#2981,#2982));
#588=EDGE_LOOP('',(#2983,#2984,#2985,#2986));
#589=EDGE_LOOP('',(#2987,#2988,#2989,#2990,#2991,#2992,#2993,#2994,#2995,
#2996,#2997));
#590=EDGE_LOOP('',(#2998));
#591=EDGE_LOOP('',(#2999));
#592=EDGE_LOOP('',(#3000,#3001,#3002,#3003));
#593=EDGE_LOOP('',(#3004,#3005,#3006,#3007,#3008,#3009));
#594=EDGE_LOOP('',(#3010,#3011,#3012,#3013,#3014,#3015));
#595=EDGE_LOOP('',(#3016));
#596=EDGE_LOOP('',(#3017,#3018,#3019,#3020));
#597=EDGE_LOOP('',(#3021,#3022,#3023,#3024));
#598=EDGE_LOOP('',(#3025,#3026,#3027,#3028));
#599=EDGE_LOOP('',(#3029));
#600=EDGE_LOOP('',(#3030));
#601=EDGE_LOOP('',(#3031));
#602=EDGE_LOOP('',(#3032));
#603=EDGE_LOOP('',(#3033,#3034,#3035,#3036));
#604=EDGE_LOOP('',(#3037,#3038,#3039,#3040));
#605=EDGE_LOOP('',(#3041,#3042,#3043,#3044));
#606=EDGE_LOOP('',(#3045,#3046,#3047,#3048));
#607=EDGE_LOOP('',(#3049,#3050,#3051,#3052));
#608=EDGE_LOOP('',(#3053,#3054,#3055,#3056));
#609=EDGE_LOOP('',(#3057,#3058,#3059,#3060));
#610=EDGE_LOOP('',(#3061,#3062,#3063,#3064));
#611=EDGE_LOOP('',(#3065,#3066,#3067,#3068));
#612=EDGE_LOOP('',(#3069,#3070,#3071,#3072));
#613=EDGE_LOOP('',(#3073,#3074,#3075,#3076));
#614=EDGE_LOOP('',(#3077,#3078,#3079,#3080));
#615=EDGE_LOOP('',(#3081,#3082,#3083,#3084));
#616=EDGE_LOOP('',(#3085,#3086,#3087,#3088));
#617=EDGE_LOOP('',(#3089,#3090,#3091,#3092));
#618=EDGE_LOOP('',(#3093,#3094,#3095,#3096,#3097));
#619=EDGE_LOOP('',(#3098,#3099,#3100,#3101));
#620=EDGE_LOOP('',(#3102,#3103,#3104,#3105,#3106,#3107));
#621=EDGE_LOOP('',(#3108,#3109,#3110,#3111));
#622=EDGE_LOOP('',(#3112,#3113,#3114,#3115));
#623=EDGE_LOOP('',(#3116,#3117,#3118,#3119,#3120,#3121));
#624=EDGE_LOOP('',(#3122,#3123,#3124,#3125));
#625=EDGE_LOOP('',(#3126,#3127,#3128,#3129));
#626=EDGE_LOOP('',(#3130,#3131,#3132,#3133,#3134,#3135));
#627=EDGE_LOOP('',(#3136,#3137,#3138,#3139));
#628=EDGE_LOOP('',(#3140,#3141,#3142,#3143));
#629=EDGE_LOOP('',(#3144,#3145,#3146,#3147,#3148,#3149));
#630=EDGE_LOOP('',(#3150,#3151,#3152,#3153,#3154));
#631=EDGE_LOOP('',(#3155,#3156,#3157,#3158));
#632=EDGE_LOOP('',(#3159,#3160,#3161,#3162,#3163));
#633=EDGE_LOOP('',(#3164,#3165,#3166,#3167,#3168,#3169));
#634=EDGE_LOOP('',(#3170,#3171,#3172));
#635=EDGE_LOOP('',(#3173,#3174,#3175,#3176));
#636=EDGE_LOOP('',(#3177,#3178,#3179,#3180));
#637=EDGE_LOOP('',(#3181,#3182,#3183,#3184));
#638=EDGE_LOOP('',(#3185,#3186,#3187,#3188));
#639=EDGE_LOOP('',(#3189,#3190,#3191,#3192));
#640=EDGE_LOOP('',(#3193,#3194,#3195,#3196));
#641=EDGE_LOOP('',(#3197,#3198,#3199,#3200));
#642=EDGE_LOOP('',(#3201,#3202,#3203));
#643=EDGE_LOOP('',(#3204,#3205,#3206,#3207));
#644=EDGE_LOOP('',(#3208,#3209,#3210,#3211));
#645=EDGE_LOOP('',(#3212,#3213,#3214,#3215));
#646=EDGE_LOOP('',(#3216,#3217,#3218,#3219));
#647=EDGE_LOOP('',(#3220,#3221,#3222,#3223));
#648=EDGE_LOOP('',(#3224,#3225,#3226,#3227));
#649=EDGE_LOOP('',(#3228,#3229,#3230,#3231));
#650=EDGE_LOOP('',(#3232,#3233,#3234,#3235));
#651=EDGE_LOOP('',(#3236,#3237,#3238,#3239));
#652=EDGE_LOOP('',(#3240,#3241,#3242,#3243));
#653=EDGE_LOOP('',(#3244,#3245,#3246,#3247));
#654=EDGE_LOOP('',(#3248,#3249,#3250,#3251));
#655=EDGE_LOOP('',(#3252,#3253,#3254,#3255));
#656=EDGE_LOOP('',(#3256,#3257,#3258,#3259));
#657=EDGE_LOOP('',(#3260,#3261,#3262,#3263));
#658=EDGE_LOOP('',(#3264,#3265,#3266,#3267));
#659=EDGE_LOOP('',(#3268,#3269,#3270,#3271));
#660=EDGE_LOOP('',(#3272,#3273,#3274,#3275));
#661=EDGE_LOOP('',(#3276,#3277,#3278,#3279));
#662=EDGE_LOOP('',(#3280,#3281,#3282,#3283));
#663=EDGE_LOOP('',(#3284,#3285,#3286,#3287));
#664=EDGE_LOOP('',(#3288,#3289,#3290,#3291));
#665=EDGE_LOOP('',(#3292,#3293,#3294,#3295));
#666=LINE('',#5061,#908);
#667=LINE('',#5066,#909);
#668=LINE('',#5068,#910);
#669=LINE('',#5070,#911);
#670=LINE('',#5072,#912);
#671=LINE('',#5074,#913);
#672=LINE('',#5075,#914);
#673=LINE('',#5078,#915);
#674=LINE('',#5080,#916);
#675=LINE('',#5081,#917);
#676=LINE('',#5084,#918);
#677=LINE('',#5085,#919);
#678=LINE('',#5088,#920);
#679=LINE('',#5089,#921);
#680=LINE('',#5092,#922);
#681=LINE('',#5093,#923);
#682=LINE('',#5096,#924);
#683=LINE('',#5097,#925);
#684=LINE('',#5099,#926);
#685=LINE('',#5104,#927);
#686=LINE('',#5111,#928);
#687=LINE('',#5126,#929);
#688=LINE('',#5130,#930);
#689=LINE('',#5135,#931);
#690=LINE('',#5182,#932);
#691=LINE('',#5198,#933);
#692=LINE('',#5206,#934);
#693=LINE('',#5208,#935);
#694=LINE('',#5210,#936);
#695=LINE('',#5212,#937);
#696=LINE('',#5214,#938);
#697=LINE('',#5215,#939);
#698=LINE('',#5222,#940);
#699=LINE('',#5235,#941);
#700=LINE('',#5241,#942);
#701=LINE('',#5244,#943);
#702=LINE('',#5248,#944);
#703=LINE('',#5252,#945);
#704=LINE('',#5256,#946);
#705=LINE('',#5260,#947);
#706=LINE('',#5263,#948);
#707=LINE('',#5265,#949);
#708=LINE('',#5267,#950);
#709=LINE('',#5269,#951);
#710=LINE('',#5271,#952);
#711=LINE('',#5273,#953);
#712=LINE('',#5274,#954);
#713=LINE('',#5277,#955);
#714=LINE('',#5279,#956);
#715=LINE('',#5282,#957);
#716=LINE('',#5284,#958);
#717=LINE('',#5286,#959);
#718=LINE('',#5288,#960);
#719=LINE('',#5290,#961);
#720=LINE('',#5291,#962);
#721=LINE('',#5292,#963);
#722=LINE('',#5295,#964);
#723=LINE('',#5297,#965);
#724=LINE('',#5300,#966);
#725=LINE('',#5302,#967);
#726=LINE('',#5304,#968);
#727=LINE('',#5306,#969);
#728=LINE('',#5308,#970);
#729=LINE('',#5309,#971);
#730=LINE('',#5310,#972);
#731=LINE('',#5312,#973);
#732=LINE('',#5314,#974);
#733=LINE('',#5319,#975);
#734=LINE('',#5322,#976);
#735=LINE('',#5324,#977);
#736=LINE('',#5326,#978);
#737=LINE('',#5328,#979);
#738=LINE('',#5329,#980);
#739=LINE('',#5332,#981);
#740=LINE('',#5334,#982);
#741=LINE('',#5336,#983);
#742=LINE('',#5338,#984);
#743=LINE('',#5339,#985);
#744=LINE('',#5352,#986);
#745=LINE('',#5353,#987);
#746=LINE('',#5355,#988);
#747=LINE('',#5356,#989);
#748=LINE('',#5367,#990);
#749=LINE('',#5384,#991);
#750=LINE('',#5388,#992);
#751=LINE('',#5391,#993);
#752=LINE('',#5393,#994);
#753=LINE('',#5394,#995);
#754=LINE('',#5423,#996);
#755=LINE('',#5425,#997);
#756=LINE('',#5442,#998);
#757=LINE('',#5443,#999);
#758=LINE('',#5445,#1000);
#759=LINE('',#5447,#1001);
#760=LINE('',#5449,#1002);
#761=LINE('',#5450,#1003);
#762=LINE('',#5453,#1004);
#763=LINE('',#5455,#1005);
#764=LINE('',#5457,#1006);
#765=LINE('',#5459,#1007);
#766=LINE('',#5461,#1008);
#767=LINE('',#5462,#1009);
#768=LINE('',#5465,#1010);
#769=LINE('',#5467,#1011);
#770=LINE('',#5469,#1012);
#771=LINE('',#5471,#1013);
#772=LINE('',#5473,#1014);
#773=LINE('',#5474,#1015);
#774=LINE('',#5477,#1016);
#775=LINE('',#5479,#1017);
#776=LINE('',#5481,#1018);
#777=LINE('',#5483,#1019);
#778=LINE('',#5485,#1020);
#779=LINE('',#5486,#1021);
#780=LINE('',#5489,#1022);
#781=LINE('',#5491,#1023);
#782=LINE('',#5493,#1024);
#783=LINE('',#5495,#1025);
#784=LINE('',#5496,#1026);
#785=LINE('',#5520,#1027);
#786=LINE('',#5524,#1028);
#787=LINE('',#5526,#1029);
#788=LINE('',#5528,#1030);
#789=LINE('',#5546,#1031);
#790=LINE('',#5554,#1032);
#791=LINE('',#5568,#1033);
#792=LINE('',#5572,#1034);
#793=LINE('',#5576,#1035);
#794=LINE('',#5580,#1036);
#795=LINE('',#5631,#1037);
#796=LINE('',#5634,#1038);
#797=LINE('',#5637,#1039);
#798=LINE('',#5640,#1040);
#799=LINE('',#5645,#1041);
#800=LINE('',#5651,#1042);
#801=LINE('',#5657,#1043);
#802=LINE('',#5710,#1044);
#803=LINE('',#5716,#1045);
#804=LINE('',#5718,#1046);
#805=LINE('',#5721,#1047);
#806=LINE('',#5729,#1048);
#807=LINE('',#5733,#1049);
#808=LINE('',#5755,#1050);
#809=LINE('',#5770,#1051);
#810=LINE('',#5775,#1052);
#811=LINE('',#5776,#1053);
#812=LINE('',#5781,#1054);
#813=LINE('',#5783,#1055);
#814=LINE('',#5787,#1056);
#815=LINE('',#5791,#1057);
#816=LINE('',#5793,#1058);
#817=LINE('',#5814,#1059);
#818=LINE('',#5859,#1060);
#819=LINE('',#5863,#1061);
#820=LINE('',#5868,#1062);
#821=LINE('',#5901,#1063);
#822=LINE('',#5945,#1064);
#823=LINE('',#5951,#1065);
#824=LINE('',#5957,#1066);
#825=LINE('',#5959,#1067);
#826=LINE('',#5961,#1068);
#827=LINE('',#5963,#1069);
#828=LINE('',#5965,#1070);
#829=LINE('',#5967,#1071);
#830=LINE('',#5970,#1072);
#831=LINE('',#5976,#1073);
#832=LINE('',#5984,#1074);
#833=LINE('',#5994,#1075);
#834=LINE('',#5998,#1076);
#835=LINE('',#6003,#1077);
#836=LINE('',#6007,#1078);
#837=LINE('',#6013,#1079);
#838=LINE('',#6014,#1080);
#839=LINE('',#6018,#1081);
#840=LINE('',#6021,#1082);
#841=LINE('',#6029,#1083);
#842=LINE('',#6030,#1084);
#843=LINE('',#6081,#1085);
#844=LINE('',#6092,#1086);
#845=LINE('',#6094,#1087);
#846=LINE('',#6147,#1088);
#847=LINE('',#6152,#1089);
#848=LINE('',#6153,#1090);
#849=LINE('',#6155,#1091);
#850=LINE('',#6157,#1092);
#851=LINE('',#6159,#1093);
#852=LINE('',#6161,#1094);
#853=LINE('',#6163,#1095);
#854=LINE('',#6165,#1096);
#855=LINE('',#6170,#1097);
#856=LINE('',#6172,#1098);
#857=LINE('',#6178,#1099);
#858=LINE('',#6181,#1100);
#859=LINE('',#6185,#1101);
#860=LINE('',#6186,#1102);
#861=LINE('',#6190,#1103);
#862=LINE('',#6191,#1104);
#863=LINE('',#6193,#1105);
#864=LINE('',#6194,#1106);
#865=LINE('',#6196,#1107);
#866=LINE('',#6198,#1108);
#867=LINE('',#6199,#1109);
#868=LINE('',#6201,#1110);
#869=LINE('',#6203,#1111);
#870=LINE('',#6204,#1112);
#871=LINE('',#6206,#1113);
#872=LINE('',#6209,#1114);
#873=LINE('',#6213,#1115);
#874=LINE('',#6214,#1116);
#875=LINE('',#6215,#1117);
#876=LINE('',#6230,#1118);
#877=LINE('',#6248,#1119);
#878=LINE('',#6252,#1120);
#879=LINE('',#6254,#1121);
#880=LINE('',#6255,#1122);
#881=LINE('',#6257,#1123);
#882=LINE('',#6259,#1124);
#883=LINE('',#6261,#1125);
#884=LINE('',#6263,#1126);
#885=LINE('',#6265,#1127);
#886=LINE('',#6266,#1128);
#887=LINE('',#6268,#1129);
#888=LINE('',#6270,#1130);
#889=LINE('',#6271,#1131);
#890=LINE('',#6412,#1132);
#891=LINE('',#6502,#1133);
#892=LINE('',#6505,#1134);
#893=LINE('',#6508,#1135);
#894=LINE('',#6537,#1136);
#895=LINE('',#6609,#1137);
#896=LINE('',#6614,#1138);
#897=LINE('',#6662,#1139);
#898=LINE('',#6673,#1140);
#899=LINE('',#6674,#1141);
#900=LINE('',#6678,#1142);
#901=LINE('',#6679,#1143);
#902=LINE('',#6683,#1144);
#903=LINE('',#6686,#1145);
#904=LINE('',#6897,#1146);
#905=LINE('',#6900,#1147);
#906=LINE('',#7201,#1148);
#907=LINE('',#7202,#1149);
#908=VECTOR('',#4000,0.140748031496063);
#909=VECTOR('',#4005,0.393700787401575);
#910=VECTOR('',#4006,0.393700787401575);
#911=VECTOR('',#4007,0.393700787401575);
#912=VECTOR('',#4008,0.393700787401575);
#913=VECTOR('',#4009,0.393700787401575);
#914=VECTOR('',#4010,0.393700787401575);
#915=VECTOR('',#4013,0.393700787401575);
#916=VECTOR('',#4014,0.393700787401575);
#917=VECTOR('',#4015,0.393700787401575);
#918=VECTOR('',#4018,0.393700787401575);
#919=VECTOR('',#4019,0.393700787401575);
#920=VECTOR('',#4022,0.393700787401575);
#921=VECTOR('',#4023,0.393700787401575);
#922=VECTOR('',#4026,0.393700787401575);
#923=VECTOR('',#4027,0.393700787401575);
#924=VECTOR('',#4030,0.393700787401575);
#925=VECTOR('',#4031,0.393700787401575);
#926=VECTOR('',#4034,0.393700787401575);
#927=VECTOR('',#4039,0.176193716451049);
#928=VECTOR('',#4048,0.176193716451049);
#929=VECTOR('',#4057,0.393700787401575);
#930=VECTOR('',#4060,0.0590551181102362);
#931=VECTOR('',#4065,0.393700787401575);
#932=VECTOR('',#4074,0.393700787401575);
#933=VECTOR('',#4085,0.393700787401575);
#934=VECTOR('',#4088,0.393700787401575);
#935=VECTOR('',#4089,0.393700787401575);
#936=VECTOR('',#4090,0.393700787401575);
#937=VECTOR('',#4091,0.393700787401575);
#938=VECTOR('',#4092,0.393700787401575);
#939=VECTOR('',#4093,0.393700787401575);
#940=VECTOR('',#4094,0.393700787401575);
#941=VECTOR('',#4099,0.059055118110236);
#942=VECTOR('',#4106,0.393700787401575);
#943=VECTOR('',#4109,0.393700787401575);
#944=VECTOR('',#4114,0.393700787401575);
#945=VECTOR('',#4119,0.393700787401575);
#946=VECTOR('',#4124,0.393700787401575);
#947=VECTOR('',#4131,0.393700787401575);
#948=VECTOR('',#4134,0.393700787401575);
#949=VECTOR('',#4135,0.393700787401575);
#950=VECTOR('',#4136,0.393700787401575);
#951=VECTOR('',#4137,0.393700787401575);
#952=VECTOR('',#4138,0.393700787401575);
#953=VECTOR('',#4139,0.393700787401575);
#954=VECTOR('',#4140,0.393700787401575);
#955=VECTOR('',#4143,0.393700787401575);
#956=VECTOR('',#4146,0.393700787401575);
#957=VECTOR('',#4149,0.393700787401575);
#958=VECTOR('',#4150,0.393700787401575);
#959=VECTOR('',#4151,0.393700787401575);
#960=VECTOR('',#4152,0.393700787401575);
#961=VECTOR('',#4153,0.393700787401575);
#962=VECTOR('',#4154,0.393700787401575);
#963=VECTOR('',#4155,0.393700787401575);
#964=VECTOR('',#4158,0.393700787401575);
#965=VECTOR('',#4161,0.393700787401575);
#966=VECTOR('',#4164,0.393700787401575);
#967=VECTOR('',#4165,0.393700787401575);
#968=VECTOR('',#4166,0.393700787401575);
#969=VECTOR('',#4167,0.393700787401575);
#970=VECTOR('',#4168,0.393700787401575);
#971=VECTOR('',#4169,0.393700787401575);
#972=VECTOR('',#4170,0.393700787401575);
#973=VECTOR('',#4173,0.393700787401575);
#974=VECTOR('',#4176,0.393700787401575);
#975=VECTOR('',#4181,0.393700787401575);
#976=VECTOR('',#4184,0.393700787401575);
#977=VECTOR('',#4185,0.393700787401575);
#978=VECTOR('',#4186,0.393700787401575);
#979=VECTOR('',#4187,0.393700787401575);
#980=VECTOR('',#4188,0.393700787401575);
#981=VECTOR('',#4191,0.393700787401575);
#982=VECTOR('',#4192,0.393700787401575);
#983=VECTOR('',#4193,0.393700787401575);
#984=VECTOR('',#4194,0.393700787401575);
#985=VECTOR('',#4195,0.393700787401575);
#986=VECTOR('',#4216,0.393700787401575);
#987=VECTOR('',#4217,0.393700787401575);
#988=VECTOR('',#4218,0.393700787401575);
#989=VECTOR('',#4219,0.393700787401575);
#990=VECTOR('',#4238,0.118110236220473);
#991=VECTOR('',#4267,0.393700787401575);
#992=VECTOR('',#4272,0.393700787401575);
#993=VECTOR('',#4275,0.393700787401575);
#994=VECTOR('',#4278,0.393700787401575);
#995=VECTOR('',#4279,0.393700787401575);
#996=VECTOR('',#4280,0.393700787401575);
#997=VECTOR('',#4283,0.393700787401575);
#998=VECTOR('',#4288,0.393700787401575);
#999=VECTOR('',#4289,0.393700787401575);
#1000=VECTOR('',#4290,0.393700787401575);
#1001=VECTOR('',#4291,0.393700787401575);
#1002=VECTOR('',#4292,0.393700787401575);
#1003=VECTOR('',#4293,0.393700787401575);
#1004=VECTOR('',#4296,0.393700787401575);
#1005=VECTOR('',#4297,0.393700787401575);
#1006=VECTOR('',#4298,0.393700787401575);
#1007=VECTOR('',#4299,0.393700787401575);
#1008=VECTOR('',#4300,0.393700787401575);
#1009=VECTOR('',#4301,0.393700787401575);
#1010=VECTOR('',#4304,0.393700787401575);
#1011=VECTOR('',#4305,0.393700787401575);
#1012=VECTOR('',#4306,0.393700787401575);
#1013=VECTOR('',#4307,0.393700787401575);
#1014=VECTOR('',#4308,0.393700787401575);
#1015=VECTOR('',#4309,0.393700787401575);
#1016=VECTOR('',#4312,0.393700787401575);
#1017=VECTOR('',#4313,0.393700787401575);
#1018=VECTOR('',#4314,0.393700787401575);
#1019=VECTOR('',#4315,0.393700787401575);
#1020=VECTOR('',#4316,0.393700787401575);
#1021=VECTOR('',#4317,0.393700787401575);
#1022=VECTOR('',#4320,0.393700787401575);
#1023=VECTOR('',#4321,0.393700787401575);
#1024=VECTOR('',#4322,0.393700787401575);
#1025=VECTOR('',#4323,0.393700787401575);
#1026=VECTOR('',#4324,0.393700787401575);
#1027=VECTOR('',#4367,39.3700787401575);
#1028=VECTOR('',#4370,39.3700787401575);
#1029=VECTOR('',#4371,39.3700787401575);
#1030=VECTOR('',#4372,39.3700787401575);
#1031=VECTOR('',#4389,39.3700787401575);
#1032=VECTOR('',#4396,39.3700787401575);
#1033=VECTOR('',#4409,39.3700787401575);
#1034=VECTOR('',#4412,39.3700787401575);
#1035=VECTOR('',#4415,39.3700787401575);
#1036=VECTOR('',#4418,39.3700787401575);
#1037=VECTOR('',#4441,39.3700787401575);
#1038=VECTOR('',#4444,39.3700787401575);
#1039=VECTOR('',#4447,39.3700787401575);
#1040=VECTOR('',#4450,39.3700787401575);
#1041=VECTOR('',#4455,0.108267716535433);
#1042=VECTOR('',#4462,0.108267716535433);
#1043=VECTOR('',#4469,39.3700787401575);
#1044=VECTOR('',#4474,39.3700787401575);
#1045=VECTOR('',#4479,39.3700787401575);
#1046=VECTOR('',#4480,39.3700787401575);
#1047=VECTOR('',#4483,39.3700787401575);
#1048=VECTOR('',#4490,39.3700787401575);
#1049=VECTOR('',#4493,39.3700787401575);
#1050=VECTOR('',#4494,39.3700787401575);
#1051=VECTOR('',#4495,39.3700787401575);
#1052=VECTOR('',#4500,39.3700787401575);
#1053=VECTOR('',#4501,39.3700787401575);
#1054=VECTOR('',#4506,39.3700787401575);
#1055=VECTOR('',#4507,0.147637795275591);
#1056=VECTOR('',#4510,39.3700787401575);
#1057=VECTOR('',#4513,39.3700787401575);
#1058=VECTOR('',#4516,39.3700787401575);
#1059=VECTOR('',#4519,39.3700787401575);
#1060=VECTOR('',#4528,39.3700787401575);
#1061=VECTOR('',#4531,39.3700787401575);
#1062=VECTOR('',#4538,0.423228346456692);
#1063=VECTOR('',#4545,39.3700787401575);
#1064=VECTOR('',#4552,39.3700787401575);
#1065=VECTOR('',#4559,39.3700787401575);
#1066=VECTOR('',#4564,39.3700787401575);
#1067=VECTOR('',#4565,39.3700787401575);
#1068=VECTOR('',#4566,39.3700787401575);
#1069=VECTOR('',#4567,39.3700787401575);
#1070=VECTOR('',#4568,39.3700787401575);
#1071=VECTOR('',#4569,39.3700787401575);
#1072=VECTOR('',#4572,39.3700787401575);
#1073=VECTOR('',#4579,39.3700787401575);
#1074=VECTOR('',#4586,39.3700787401575);
#1075=VECTOR('',#4595,39.3700787401575);
#1076=VECTOR('',#4598,39.3700787401575);
#1077=VECTOR('',#4603,39.3700787401575);
#1078=VECTOR('',#4606,39.3700787401575);
#1079=VECTOR('',#4611,39.3700787401575);
#1080=VECTOR('',#4612,39.3700787401575);
#1081=VECTOR('',#4615,39.3700787401575);
#1082=VECTOR('',#4618,39.3700787401575);
#1083=VECTOR('',#4629,39.3700787401575);
#1084=VECTOR('',#4630,39.3700787401575);
#1085=VECTOR('',#4637,39.3700787401575);
#1086=VECTOR('',#4638,39.3700787401575);
#1087=VECTOR('',#4639,39.3700787401575);
#1088=VECTOR('',#4642,39.3700787401575);
#1089=VECTOR('',#4647,39.3700787401575);
#1090=VECTOR('',#4648,39.3700787401575);
#1091=VECTOR('',#4649,39.3700787401575);
#1092=VECTOR('',#4650,39.3700787401575);
#1093=VECTOR('',#4651,39.3700787401575);
#1094=VECTOR('',#4652,39.3700787401575);
#1095=VECTOR('',#4653,39.3700787401575);
#1096=VECTOR('',#4654,39.3700787401575);
#1097=VECTOR('',#4659,39.3700787401575);
#1098=VECTOR('',#4660,39.3700787401575);
#1099=VECTOR('',#4665,39.3700787401575);
#1100=VECTOR('',#4668,39.3700787401575);
#1101=VECTOR('',#4671,39.3700787401575);
#1102=VECTOR('',#4672,39.3700787401575);
#1103=VECTOR('',#4675,39.3700787401575);
#1104=VECTOR('',#4676,39.3700787401575);
#1105=VECTOR('',#4679,39.3700787401575);
#1106=VECTOR('',#4680,39.3700787401575);
#1107=VECTOR('',#4683,39.3700787401575);
#1108=VECTOR('',#4686,39.3700787401575);
#1109=VECTOR('',#4687,39.3700787401575);
#1110=VECTOR('',#4690,39.3700787401575);
#1111=VECTOR('',#4693,39.3700787401575);
#1112=VECTOR('',#4694,39.3700787401575);
#1113=VECTOR('',#4697,39.3700787401575);
#1114=VECTOR('',#4700,39.3700787401575);
#1115=VECTOR('',#4705,39.3700787401575);
#1116=VECTOR('',#4706,39.3700787401575);
#1117=VECTOR('',#4707,39.3700787401575);
#1118=VECTOR('',#4712,39.3700787401575);
#1119=VECTOR('',#4715,39.3700787401575);
#1120=VECTOR('',#4720,39.3700787401575);
#1121=VECTOR('',#4723,39.3700787401575);
#1122=VECTOR('',#4724,39.3700787401575);
#1123=VECTOR('',#4727,39.3700787401575);
#1124=VECTOR('',#4730,39.3700787401575);
#1125=VECTOR('',#4733,39.3700787401575);
#1126=VECTOR('',#4736,39.3700787401575);
#1127=VECTOR('',#4739,39.3700787401575);
#1128=VECTOR('',#4740,39.3700787401575);
#1129=VECTOR('',#4743,39.3700787401575);
#1130=VECTOR('',#4746,39.3700787401575);
#1131=VECTOR('',#4747,39.3700787401575);
#1132=VECTOR('',#4758,39.3700787401575);
#1133=VECTOR('',#4763,39.3700787401575);
#1134=VECTOR('',#4766,39.3700787401575);
#1135=VECTOR('',#4769,39.3700787401575);
#1136=VECTOR('',#4772,39.3700787401575);
#1137=VECTOR('',#4781,39.3700787401575);
#1138=VECTOR('',#4788,39.3700787401575);
#1139=VECTOR('',#4819,39.3700787401575);
#1140=VECTOR('',#4840,39.3700787401575);
#1141=VECTOR('',#4841,39.3700787401575);
#1142=VECTOR('',#4848,39.3700787401575);
#1143=VECTOR('',#4849,39.3700787401575);
#1144=VECTOR('',#4856,39.3700787401575);
#1145=VECTOR('',#4861,39.3700787401575);
#1146=VECTOR('',#4904,39.3700787401575);
#1147=VECTOR('',#4907,39.3700787401575);
#1148=VECTOR('',#4948,39.3700787401575);
#1149=VECTOR('',#4949,39.3700787401575);
#1150=CIRCLE('',#3583,0.140748031496063);
#1151=CIRCLE('',#3584,0.140748031496063);
#1152=CIRCLE('',#3593,0.176193716451049);
#1153=CIRCLE('',#3594,0.176193716451049);
#1154=CIRCLE('',#3597,0.176193716451049);
#1155=CIRCLE('',#3598,0.176193716451049);
#1156=CIRCLE('',#3601,0.0590551181102362);
#1157=CIRCLE('',#3602,0.0590551181102362);
#1158=CIRCLE('',#3603,0.0590551181102362);
#1159=CIRCLE('',#3604,0.0590551181102362);
#1160=CIRCLE('',#3605,0.0590551181102362);
#1161=CIRCLE('',#3606,0.0590551181102362);
#1162=CIRCLE('',#3607,0.0590551181102362);
#1163=CIRCLE('',#3608,0.0590551181102362);
#1164=CIRCLE('',#3610,0.0584650378622047);
#1165=CIRCLE('',#3611,0.0584650378622047);
#1166=CIRCLE('',#3616,0.059055118110236);
#1167=CIRCLE('',#3617,0.059055118110236);
#1168=CIRCLE('',#3619,0.1235);
#1169=CIRCLE('',#3621,0.1235);
#1170=CIRCLE('',#3623,0.1235);
#1171=CIRCLE('',#3625,0.1235);
#1172=CIRCLE('',#3627,0.1235);
#1173=CIRCLE('',#3629,0.1235);
#1174=CIRCLE('',#3632,0.1235);
#1175=CIRCLE('',#3635,0.1235);
#1176=CIRCLE('',#3638,0.1235);
#1177=CIRCLE('',#3640,0.118110236220473);
#1178=CIRCLE('',#3644,0.118110236220473);
#1179=CIRCLE('',#3646,0.118110236220473);
#1180=CIRCLE('',#3648,0.1235);
#1181=CIRCLE('',#3650,0.118110236220473);
#1182=CIRCLE('',#3651,0.118110236220473);
#1183=CIRCLE('',#3654,0.118110236220473);
#1184=CIRCLE('',#3656,0.1235);
#1185=CIRCLE('',#3658,0.1235);
#1186=CIRCLE('',#3660,0.118110236220473);
#1187=CIRCLE('',#3662,0.118110236220473);
#1188=CIRCLE('',#3663,0.118110236220473);
#1189=CIRCLE('',#3664,0.118110236220473);
#1190=CIRCLE('',#3665,0.118110236220473);
#1191=CIRCLE('',#3666,0.118110236220473);
#1192=CIRCLE('',#3667,0.118110236220473);
#1193=CIRCLE('',#3668,0.118110236220473);
#1194=CIRCLE('',#3676,0.1235);
#1195=CIRCLE('',#3678,0.1235);
#1196=CIRCLE('',#3688,0.118110236220472);
#1197=CIRCLE('',#3689,0.118110236220472);
#1198=CIRCLE('',#3691,0.118110236220472);
#1199=CIRCLE('',#3692,0.118110236220472);
#1200=CIRCLE('',#3694,0.118110236220472);
#1201=CIRCLE('',#3695,0.118110236220472);
#1202=CIRCLE('',#3697,0.118110236220472);
#1203=CIRCLE('',#3698,0.118110236220472);
#1204=CIRCLE('',#3700,0.118110236220472);
#1205=CIRCLE('',#3701,0.118110236220472);
#1206=CIRCLE('',#3708,0.590551181102362);
#1207=CIRCLE('',#3709,2.34245165601738);
#1208=CIRCLE('',#3710,0.239173228346457);
#1209=CIRCLE('',#3711,0.590551181102362);
#1210=CIRCLE('',#3712,0.196850393700788);
#1211=CIRCLE('',#3713,0.147637795275591);
#1212=CIRCLE('',#3714,0.147637795275591);
#1213=CIRCLE('',#3715,0.196850393700787);
#1214=CIRCLE('',#3716,0.459032296454179);
#1215=CIRCLE('',#3717,0.590551181102362);
#1216=CIRCLE('',#3718,0.756840563635322);
#1217=CIRCLE('',#3719,0.590551181102362);
#1218=CIRCLE('',#3720,0.459032296463604);
#1219=CIRCLE('',#3721,0.984251968503937);
#1220=CIRCLE('',#3722,0.14763779527559);
#1221=CIRCLE('',#3723,0.984251968503937);
#1222=CIRCLE('',#3724,0.459032296463604);
#1223=CIRCLE('',#3725,0.423228346456692);
#1224=CIRCLE('',#3726,0.202755905521747);
#1225=CIRCLE('',#3727,0.202755905521747);
#1226=CIRCLE('',#3728,0.202755905521259);
#1227=CIRCLE('',#3729,0.202755905521259);
#1228=CIRCLE('',#3732,0.0590551181102363);
#1229=CIRCLE('',#3733,0.137795275590551);
#1230=CIRCLE('',#3734,0.078740157480315);
#1231=CIRCLE('',#3736,0.0590551181102363);
#1232=CIRCLE('',#3737,0.0787401574803149);
#1233=CIRCLE('',#3738,0.137795275590551);
#1234=CIRCLE('',#3740,0.202755905521259);
#1235=CIRCLE('',#3742,0.202755905521747);
#1236=CIRCLE('',#3744,0.108267716535433);
#1237=CIRCLE('',#3745,0.108267716535433);
#1238=CIRCLE('',#3747,0.108267716535433);
#1239=CIRCLE('',#3748,0.108267716535433);
#1240=CIRCLE('',#3750,1.27952755905512);
#1241=CIRCLE('',#3751,1.27952755905512);
#1242=CIRCLE('',#3752,1.27952755905512);
#1243=CIRCLE('',#3754,0.296845662253061);
#1244=CIRCLE('',#3755,0.296845662253061);
#1245=CIRCLE('',#3757,0.196850393700787);
#1246=CIRCLE('',#3759,0.196850393700787);
#1247=CIRCLE('',#3761,0.14763779527559);
#1248=CIRCLE('',#3763,0.147637795275591);
#1249=CIRCLE('',#3764,0.147637795275591);
#1250=CIRCLE('',#3765,0.147637795275591);
#1251=CIRCLE('',#3766,0.147637795275591);
#1252=CIRCLE('',#3768,0.196850393700788);
#1253=CIRCLE('',#3770,0.262181902753166);
#1254=CIRCLE('',#3771,0.262181902753166);
#1255=CIRCLE('',#3772,0.262181902753166);
#1256=CIRCLE('',#3773,0.262181902753166);
#1257=CIRCLE('',#3775,0.423228346456692);
#1258=CIRCLE('',#3777,0.196850393700788);
#1259=CIRCLE('',#3778,0.196850393700788);
#1260=CIRCLE('',#3780,0.196850393700787);
#1261=CIRCLE('',#3781,0.196850393700787);
#1262=CIRCLE('',#3783,0.459032296463604);
#1263=CIRCLE('',#3784,1.2007874015748);
#1264=CIRCLE('',#3785,0.196850393700787);
#1265=CIRCLE('',#3786,0.558314347996204);
#1266=CIRCLE('',#3787,0.590551181102362);
#1267=CIRCLE('',#3789,1.2007874015748);
#1268=CIRCLE('',#3790,0.459032296463604);
#1269=CIRCLE('',#3791,0.590551181102362);
#1270=CIRCLE('',#3792,0.756840563635322);
#1271=CIRCLE('',#3793,0.590551181102362);
#1272=CIRCLE('',#3794,0.459032296454179);
#1273=CIRCLE('',#3795,0.137795275590551);
#1274=CIRCLE('',#3796,1.2007874015748);
#1275=CIRCLE('',#3797,0.262181902762103);
#1276=CIRCLE('',#3798,0.196850393700787);
#1277=CIRCLE('',#3799,0.559990169934535);
#1278=CIRCLE('',#3800,0.196850393700787);
#1279=CIRCLE('',#3802,0.469748801102505);
#1280=CIRCLE('',#3803,2.34245165601738);
#1281=CIRCLE('',#3805,0.078740157480315);
#1282=CIRCLE('',#3807,1.2007874015748);
#1283=CIRCLE('',#3808,0.375585819733376);
#1284=CIRCLE('',#3809,0.262181902762103);
#1285=CIRCLE('',#3812,0.459032296454179);
#1286=CIRCLE('',#3813,0.459032296454186);
#1287=CIRCLE('',#3814,0.459032296454178);
#1288=CIRCLE('',#3816,0.262181902762103);
#1289=CIRCLE('',#3817,0.558314347996204);
#1290=CIRCLE('',#3818,0.196850393700787);
#1291=CIRCLE('',#3819,0.196850393700787);
#1292=CIRCLE('',#3820,0.559990169934535);
#1293=CIRCLE('',#3821,0.196850393700787);
#1294=CIRCLE('',#3822,0.202755905521259);
#1295=CIRCLE('',#3823,0.202755905521747);
#1296=CIRCLE('',#3831,0.078740157480315);
#1297=CIRCLE('',#3832,0.0787401574803149);
#1298=CIRCLE('',#3837,0.078740157480315);
#1299=CIRCLE('',#3847,0.262181902762103);
#1300=CIRCLE('',#3848,0.262181902762103);
#1301=CIRCLE('',#3849,0.262181902762103);
#1302=CIRCLE('',#3850,0.262181902762103);
#1303=CIRCLE('',#3851,0.262181902762103);
#1304=CIRCLE('',#3854,0.239173228346457);
#1305=CIRCLE('',#3856,0.590551181102362);
#1306=CIRCLE('',#3858,0.196850393700787);
#1307=CIRCLE('',#3860,0.984251968503937);
#1308=CIRCLE('',#3862,0.984251968503937);
#1309=CIRCLE('',#3870,1.27952755905512);
#1310=CIRCLE('',#3871,0.0590551181102363);
#1311=CIRCLE('',#3872,0.312268486141875);
#1312=CIRCLE('',#3874,0.312268486141875);
#1313=CIRCLE('',#3876,1.27952755905512);
#1314=CIRCLE('',#3877,1.27952755905512);
#1315=CIRCLE('',#3879,0.0590551181102363);
#1316=CIRCLE('',#3880,0.0590551181102363);
#1317=CIRCLE('',#3882,0.0590551181102363);
#1318=CIRCLE('',#3899,0.0787401574803149);
#1319=CIRCLE('',#3901,0.078740157480315);
#1320=CIRCLE('',#3902,0.0787401574803149);
#1321=CIRCLE('',#3904,0.078740157480315);
#1322=CIRCLE('',#3907,0.078740157480315);
#1323=CIRCLE('',#3908,0.078740157480315);
#1324=CIRCLE('',#3911,0.285433070866142);
#1325=CIRCLE('',#3912,0.344488188976378);
#1326=CIRCLE('',#3914,0.344488188976378);
#1327=CIRCLE('',#3915,0.285433070866142);
#1328=CIRCLE('',#3917,0.344488188976378);
#1329=CIRCLE('',#3919,0.285433070866142);
#1330=CIRCLE('',#3921,0.285433070866142);
#1331=CIRCLE('',#3922,0.344488188976378);
#1332=CIRCLE('',#3924,0.236220472440945);
#1333=CIRCLE('',#3925,0.206692913385827);
#1334=CIRCLE('',#3926,0.301551981502261);
#1335=CIRCLE('',#3928,0.206692913385827);
#1336=CIRCLE('',#3929,0.236220472440945);
#1337=CIRCLE('',#3930,0.301551981502261);
#1338=CIRCLE('',#3932,0.206692913385827);
#1339=CIRCLE('',#3934,0.236220472440945);
#1340=CIRCLE('',#3935,0.419662217714021);
#1341=CIRCLE('',#3936,0.301551981502261);
#1342=CIRCLE('',#3939,0.206692913385827);
#1343=CIRCLE('',#3940,0.301551981502261);
#1344=CIRCLE('',#3941,0.419662217714021);
#1345=CIRCLE('',#3942,0.236220472440945);
#1346=CIRCLE('',#3944,0.0393700787401575);
#1347=CIRCLE('',#3946,0.0393700787401574);
#1348=CIRCLE('',#3948,0.0393700787401575);
#1349=CIRCLE('',#3949,0.0393700787401575);
#1350=CIRCLE('',#3951,0.0393700787401575);
#1351=CIRCLE('',#3952,0.0393700787401575);
#1352=CIRCLE('',#3954,0.0393700787401574);
#1353=CIRCLE('',#3956,0.0393700787401575);
#1354=CIRCLE('',#3957,0.0393700787401574);
#1355=CIRCLE('',#3959,0.0393700787401575);
#1356=CIRCLE('',#3960,0.0393700787401575);
#1357=CIRCLE('',#3961,0.0393700787401574);
#1358=CIRCLE('',#3963,0.0393700787401575);
#1359=CIRCLE('',#3964,0.0393700787401575);
#1360=CIRCLE('',#3965,0.0393700787401575);
#1361=CIRCLE('',#3967,0.0393700787401574);
#1362=CIRCLE('',#3968,0.0393700787401575);
#1363=CIRCLE('',#3969,0.0393700787401575);
#1364=CIRCLE('',#3971,0.0393700787401575);
#1365=CIRCLE('',#3972,0.0393700787401574);
#1366=CIRCLE('',#3973,0.0393700787401575);
#1367=CIRCLE('',#3975,0.0393700787401576);
#1368=CIRCLE('',#3976,0.0393700787401575);
#1369=CIRCLE('',#3977,0.0393700787401574);
#1370=CIRCLE('',#3979,0.0393700787401576);
#1371=CIRCLE('',#3981,0.0393700787401575);
#1372=CIRCLE('',#3982,0.0393700787401576);
#1373=CIRCLE('',#3983,0.0393700787401575);
#1374=CIRCLE('',#3985,0.0393700787401575);
#1375=CIRCLE('',#3987,0.0393700787401575);
#1376=VERTEX_POINT('',#5058);
#1377=VERTEX_POINT('',#5060);
#1378=VERTEX_POINT('',#5064);
#1379=VERTEX_POINT('',#5065);
#1380=VERTEX_POINT('',#5067);
#1381=VERTEX_POINT('',#5069);
#1382=VERTEX_POINT('',#5071);
#1383=VERTEX_POINT('',#5073);
#1384=VERTEX_POINT('',#5077);
#1385=VERTEX_POINT('',#5079);
#1386=VERTEX_POINT('',#5083);
#1387=VERTEX_POINT('',#5087);
#1388=VERTEX_POINT('',#5091);
#1389=VERTEX_POINT('',#5095);
#1390=VERTEX_POINT('',#5101);
#1391=VERTEX_POINT('',#5103);
#1392=VERTEX_POINT('',#5108);
#1393=VERTEX_POINT('',#5110);
#1394=VERTEX_POINT('',#5115);
#1395=VERTEX_POINT('',#5116);
#1396=VERTEX_POINT('',#5123);
#1397=VERTEX_POINT('',#5125);
#1398=VERTEX_POINT('',#5127);
#1399=VERTEX_POINT('',#5129);
#1400=VERTEX_POINT('',#5132);
#1401=VERTEX_POINT('',#5134);
#1402=VERTEX_POINT('',#5136);
#1403=VERTEX_POINT('',#5138);
#1404=VERTEX_POINT('',#5145);
#1405=VERTEX_POINT('',#5147);
#1406=VERTEX_POINT('',#5154);
#1407=VERTEX_POINT('',#5156);
#1408=VERTEX_POINT('',#5176);
#1409=VERTEX_POINT('',#5181);
#1410=VERTEX_POINT('',#5192);
#1411=VERTEX_POINT('',#5197);
#1412=VERTEX_POINT('',#5204);
#1413=VERTEX_POINT('',#5205);
#1414=VERTEX_POINT('',#5207);
#1415=VERTEX_POINT('',#5209);
#1416=VERTEX_POINT('',#5211);
#1417=VERTEX_POINT('',#5213);
#1418=VERTEX_POINT('',#5216);
#1419=VERTEX_POINT('',#5221);
#1420=VERTEX_POINT('',#5232);
#1421=VERTEX_POINT('',#5234);
#1422=VERTEX_POINT('',#5238);
#1423=VERTEX_POINT('',#5239);
#1424=VERTEX_POINT('',#5243);
#1425=VERTEX_POINT('',#5247);
#1426=VERTEX_POINT('',#5251);
#1427=VERTEX_POINT('',#5255);
#1428=VERTEX_POINT('',#5262);
#1429=VERTEX_POINT('',#5264);
#1430=VERTEX_POINT('',#5266);
#1431=VERTEX_POINT('',#5268);
#1432=VERTEX_POINT('',#5270);
#1433=VERTEX_POINT('',#5272);
#1434=VERTEX_POINT('',#5276);
#1435=VERTEX_POINT('',#5281);
#1436=VERTEX_POINT('',#5283);
#1437=VERTEX_POINT('',#5285);
#1438=VERTEX_POINT('',#5287);
#1439=VERTEX_POINT('',#5289);
#1440=VERTEX_POINT('',#5294);
#1441=VERTEX_POINT('',#5299);
#1442=VERTEX_POINT('',#5301);
#1443=VERTEX_POINT('',#5303);
#1444=VERTEX_POINT('',#5305);
#1445=VERTEX_POINT('',#5307);
#1446=VERTEX_POINT('',#5316);
#1447=VERTEX_POINT('',#5317);
#1448=VERTEX_POINT('',#5321);
#1449=VERTEX_POINT('',#5323);
#1450=VERTEX_POINT('',#5325);
#1451=VERTEX_POINT('',#5327);
#1452=VERTEX_POINT('',#5331);
#1453=VERTEX_POINT('',#5333);
#1454=VERTEX_POINT('',#5335);
#1455=VERTEX_POINT('',#5337);
#1456=VERTEX_POINT('',#5347);
#1457=VERTEX_POINT('',#5351);
#1458=VERTEX_POINT('',#5354);
#1459=VERTEX_POINT('',#5366);
#1460=VERTEX_POINT('',#5382);
#1461=VERTEX_POINT('',#5383);
#1462=VERTEX_POINT('',#5387);
#1463=VERTEX_POINT('',#5389);
#1464=VERTEX_POINT('',#5440);
#1465=VERTEX_POINT('',#5441);
#1466=VERTEX_POINT('',#5444);
#1467=VERTEX_POINT('',#5446);
#1468=VERTEX_POINT('',#5448);
#1469=VERTEX_POINT('',#5452);
#1470=VERTEX_POINT('',#5454);
#1471=VERTEX_POINT('',#5456);
#1472=VERTEX_POINT('',#5458);
#1473=VERTEX_POINT('',#5460);
#1474=VERTEX_POINT('',#5464);
#1475=VERTEX_POINT('',#5466);
#1476=VERTEX_POINT('',#5468);
#1477=VERTEX_POINT('',#5470);
#1478=VERTEX_POINT('',#5472);
#1479=VERTEX_POINT('',#5476);
#1480=VERTEX_POINT('',#5478);
#1481=VERTEX_POINT('',#5480);
#1482=VERTEX_POINT('',#5482);
#1483=VERTEX_POINT('',#5484);
#1484=VERTEX_POINT('',#5488);
#1485=VERTEX_POINT('',#5490);
#1486=VERTEX_POINT('',#5492);
#1487=VERTEX_POINT('',#5494);
#1488=VERTEX_POINT('',#5518);
#1489=VERTEX_POINT('',#5519);
#1490=VERTEX_POINT('',#5521);
#1491=VERTEX_POINT('',#5523);
#1492=VERTEX_POINT('',#5525);
#1493=VERTEX_POINT('',#5527);
#1494=VERTEX_POINT('',#5529);
#1495=VERTEX_POINT('',#5531);
#1496=VERTEX_POINT('',#5533);
#1497=VERTEX_POINT('',#5535);
#1498=VERTEX_POINT('',#5537);
#1499=VERTEX_POINT('',#5539);
#1500=VERTEX_POINT('',#5541);
#1501=VERTEX_POINT('',#5543);
#1502=VERTEX_POINT('',#5545);
#1503=VERTEX_POINT('',#5547);
#1504=VERTEX_POINT('',#5549);
#1505=VERTEX_POINT('',#5551);
#1506=VERTEX_POINT('',#5553);
#1507=VERTEX_POINT('',#5555);
#1508=VERTEX_POINT('',#5557);
#1509=VERTEX_POINT('',#5559);
#1510=VERTEX_POINT('',#5561);
#1511=VERTEX_POINT('',#5564);
#1512=VERTEX_POINT('',#5566);
#1513=VERTEX_POINT('',#5567);
#1514=VERTEX_POINT('',#5569);
#1515=VERTEX_POINT('',#5571);
#1516=VERTEX_POINT('',#5574);
#1517=VERTEX_POINT('',#5575);
#1518=VERTEX_POINT('',#5577);
#1519=VERTEX_POINT('',#5579);
#1520=VERTEX_POINT('',#5584);
#1521=VERTEX_POINT('',#5585);
#1522=VERTEX_POINT('',#5587);
#1523=VERTEX_POINT('',#5594);
#1524=VERTEX_POINT('',#5603);
#1525=VERTEX_POINT('',#5607);
#1526=VERTEX_POINT('',#5608);
#1527=VERTEX_POINT('',#5610);
#1528=VERTEX_POINT('',#5612);
#1529=VERTEX_POINT('',#5614);
#1530=VERTEX_POINT('',#5630);
#1531=VERTEX_POINT('',#5632);
#1532=VERTEX_POINT('',#5636);
#1533=VERTEX_POINT('',#5638);
#1534=VERTEX_POINT('',#5642);
#1535=VERTEX_POINT('',#5644);
#1536=VERTEX_POINT('',#5648);
#1537=VERTEX_POINT('',#5650);
#1538=VERTEX_POINT('',#5654);
#1539=VERTEX_POINT('',#5655);
#1540=VERTEX_POINT('',#5658);
#1541=VERTEX_POINT('',#5660);
#1542=VERTEX_POINT('',#5683);
#1543=VERTEX_POINT('',#5712);
#1544=VERTEX_POINT('',#5713);
#1545=VERTEX_POINT('',#5715);
#1546=VERTEX_POINT('',#5717);
#1547=VERTEX_POINT('',#5719);
#1548=VERTEX_POINT('',#5723);
#1549=VERTEX_POINT('',#5724);
#1550=VERTEX_POINT('',#5726);
#1551=VERTEX_POINT('',#5728);
#1552=VERTEX_POINT('',#5730);
#1553=VERTEX_POINT('',#5732);
#1554=VERTEX_POINT('',#5734);
#1555=VERTEX_POINT('',#5754);
#1556=VERTEX_POINT('',#5756);
#1557=VERTEX_POINT('',#5772);
#1558=VERTEX_POINT('',#5773);
#1559=VERTEX_POINT('',#5778);
#1560=VERTEX_POINT('',#5779);
#1561=VERTEX_POINT('',#5782);
#1562=VERTEX_POINT('',#5784);
#1563=VERTEX_POINT('',#5786);
#1564=VERTEX_POINT('',#5788);
#1565=VERTEX_POINT('',#5790);
#1566=VERTEX_POINT('',#5795);
#1567=VERTEX_POINT('',#5796);
#1568=VERTEX_POINT('',#5813);
#1569=VERTEX_POINT('',#5815);
#1570=VERTEX_POINT('',#5840);
#1571=VERTEX_POINT('',#5841);
#1572=VERTEX_POINT('',#5843);
#1573=VERTEX_POINT('',#5856);
#1574=VERTEX_POINT('',#5858);
#1575=VERTEX_POINT('',#5860);
#1576=VERTEX_POINT('',#5862);
#1577=VERTEX_POINT('',#5866);
#1578=VERTEX_POINT('',#5870);
#1579=VERTEX_POINT('',#5872);
#1580=VERTEX_POINT('',#5885);
#1581=VERTEX_POINT('',#5890);
#1582=VERTEX_POINT('',#5892);
#1583=VERTEX_POINT('',#5903);
#1584=VERTEX_POINT('',#5904);
#1585=VERTEX_POINT('',#5943);
#1586=VERTEX_POINT('',#5947);
#1587=VERTEX_POINT('',#5950);
#1588=VERTEX_POINT('',#5952);
#1589=VERTEX_POINT('',#5954);
#1590=VERTEX_POINT('',#5956);
#1591=VERTEX_POINT('',#5958);
#1592=VERTEX_POINT('',#5960);
#1593=VERTEX_POINT('',#5962);
#1594=VERTEX_POINT('',#5964);
#1595=VERTEX_POINT('',#5966);
#1596=VERTEX_POINT('',#5968);
#1597=VERTEX_POINT('',#5973);
#1598=VERTEX_POINT('',#5975);
#1599=VERTEX_POINT('',#5977);
#1600=VERTEX_POINT('',#5979);
#1601=VERTEX_POINT('',#5981);
#1602=VERTEX_POINT('',#5983);
#1603=VERTEX_POINT('',#5985);
#1604=VERTEX_POINT('',#5987);
#1605=VERTEX_POINT('',#5989);
#1606=VERTEX_POINT('',#5991);
#1607=VERTEX_POINT('',#5993);
#1608=VERTEX_POINT('',#5995);
#1609=VERTEX_POINT('',#5997);
#1610=VERTEX_POINT('',#5999);
#1611=VERTEX_POINT('',#6001);
#1612=VERTEX_POINT('',#6005);
#1613=VERTEX_POINT('',#6006);
#1614=VERTEX_POINT('',#6008);
#1615=VERTEX_POINT('',#6010);
#1616=VERTEX_POINT('',#6012);
#1617=VERTEX_POINT('',#6016);
#1618=VERTEX_POINT('',#6017);
#1619=VERTEX_POINT('',#6019);
#1620=VERTEX_POINT('',#6023);
#1621=VERTEX_POINT('',#6024);
#1622=VERTEX_POINT('',#6032);
#1623=VERTEX_POINT('',#6033);
#1624=VERTEX_POINT('',#6078);
#1625=VERTEX_POINT('',#6080);
#1626=VERTEX_POINT('',#6093);
#1627=VERTEX_POINT('',#6095);
#1628=VERTEX_POINT('',#6097);
#1629=VERTEX_POINT('',#6149);
#1630=VERTEX_POINT('',#6151);
#1631=VERTEX_POINT('',#6154);
#1632=VERTEX_POINT('',#6156);
#1633=VERTEX_POINT('',#6158);
#1634=VERTEX_POINT('',#6160);
#1635=VERTEX_POINT('',#6162);
#1636=VERTEX_POINT('',#6164);
#1637=VERTEX_POINT('',#6166);
#1638=VERTEX_POINT('',#6168);
#1639=VERTEX_POINT('',#6171);
#1640=VERTEX_POINT('',#6173);
#1641=VERTEX_POINT('',#6175);
#1642=VERTEX_POINT('',#6177);
#1643=VERTEX_POINT('',#6179);
#1644=VERTEX_POINT('',#6182);
#1645=VERTEX_POINT('',#6183);
#1646=VERTEX_POINT('',#6187);
#1647=VERTEX_POINT('',#6188);
#1648=VERTEX_POINT('',#6208);
#1649=VERTEX_POINT('',#6211);
#1650=VERTEX_POINT('',#6250);
#1651=VERTEX_POINT('',#6273);
#1652=VERTEX_POINT('',#6274);
#1653=VERTEX_POINT('',#6311);
#1654=VERTEX_POINT('',#6340);
#1655=VERTEX_POINT('',#6342);
#1656=VERTEX_POINT('',#6368);
#1657=VERTEX_POINT('',#6370);
#1658=VERTEX_POINT('',#6411);
#1659=VERTEX_POINT('',#6413);
#1660=VERTEX_POINT('',#6457);
#1661=VERTEX_POINT('',#6485);
#1662=VERTEX_POINT('',#6504);
#1663=VERTEX_POINT('',#6506);
#1664=VERTEX_POINT('',#6510);
#1665=VERTEX_POINT('',#6536);
#1666=VERTEX_POINT('',#6565);
#1667=VERTEX_POINT('',#6608);
#1668=VERTEX_POINT('',#6612);
#1669=VERTEX_POINT('',#6622);
#1670=VERTEX_POINT('',#6629);
#1671=VERTEX_POINT('',#6631);
#1672=VERTEX_POINT('',#6660);
#1673=VERTEX_POINT('',#6822);
#1674=VERTEX_POINT('',#6823);
#1675=VERTEX_POINT('',#6825);
#1676=VERTEX_POINT('',#6838);
#1677=VERTEX_POINT('',#6855);
#1678=VERTEX_POINT('',#6856);
#1679=VERTEX_POINT('',#6858);
#1680=VERTEX_POINT('',#6867);
#1681=VERTEX_POINT('',#6876);
#1682=VERTEX_POINT('',#6878);
#1683=VERTEX_POINT('',#6896);
#1684=VERTEX_POINT('',#6898);
#1685=VERTEX_POINT('',#6902);
#1686=VERTEX_POINT('',#6943);
#1687=VERTEX_POINT('',#6986);
#1688=VERTEX_POINT('',#6987);
#1689=VERTEX_POINT('',#6989);
#1690=VERTEX_POINT('',#7009);
#1691=VERTEX_POINT('',#7016);
#1692=VERTEX_POINT('',#7018);
#1693=VERTEX_POINT('',#7054);
#1694=VERTEX_POINT('',#7056);
#1695=VERTEX_POINT('',#7060);
#1696=VERTEX_POINT('',#7061);
#1697=VERTEX_POINT('',#7066);
#1698=VERTEX_POINT('',#7107);
#1699=VERTEX_POINT('',#7196);
#1700=VERTEX_POINT('',#7204);
#1701=VERTEX_POINT('',#7205);
#1702=VERTEX_POINT('',#7208);
#1703=EDGE_CURVE('',#1376,#1376,#1150,.T.);
#1704=EDGE_CURVE('',#1376,#1377,#666,.T.);
#1705=EDGE_CURVE('',#1377,#1377,#1151,.T.);
#1706=EDGE_CURVE('',#1378,#1379,#667,.T.);
#1707=EDGE_CURVE('',#1380,#1378,#668,.T.);
#1708=EDGE_CURVE('',#1381,#1380,#669,.T.);
#1709=EDGE_CURVE('',#1382,#1381,#670,.T.);
#1710=EDGE_CURVE('',#1383,#1382,#671,.T.);
#1711=EDGE_CURVE('',#1379,#1383,#672,.T.);
#1712=EDGE_CURVE('',#1384,#1381,#673,.T.);
#1713=EDGE_CURVE('',#1385,#1384,#674,.T.);
#1714=EDGE_CURVE('',#1385,#1382,#675,.T.);
#1715=EDGE_CURVE('',#1386,#1380,#676,.T.);
#1716=EDGE_CURVE('',#1384,#1386,#677,.T.);
#1717=EDGE_CURVE('',#1387,#1378,#678,.T.);
#1718=EDGE_CURVE('',#1386,#1387,#679,.T.);
#1719=EDGE_CURVE('',#1388,#1385,#680,.T.);
#1720=EDGE_CURVE('',#1388,#1383,#681,.T.);
#1721=EDGE_CURVE('',#1389,#1388,#682,.T.);
#1722=EDGE_CURVE('',#1389,#1379,#683,.T.);
#1723=EDGE_CURVE('',#1387,#1389,#684,.T.);
#1724=EDGE_CURVE('',#1390,#1390,#1152,.T.);
#1725=EDGE_CURVE('',#1390,#1391,#685,.T.);
#1726=EDGE_CURVE('',#1391,#1391,#1153,.T.);
#1727=EDGE_CURVE('',#1392,#1392,#1154,.T.);
#1728=EDGE_CURVE('',#1392,#1393,#686,.T.);
#1729=EDGE_CURVE('',#1393,#1393,#1155,.T.);
#1730=EDGE_CURVE('',#1394,#1395,#73,.T.);
#1731=EDGE_CURVE('',#1396,#1394,#1156,.T.);
#1732=EDGE_CURVE('',#1397,#1396,#687,.T.);
#1733=EDGE_CURVE('',#1398,#1397,#1157,.T.);
#1734=EDGE_CURVE('',#1398,#1399,#688,.T.);
#1735=EDGE_CURVE('',#1399,#1399,#1158,.T.);
#1736=EDGE_CURVE('',#1400,#1398,#1159,.T.);
#1737=EDGE_CURVE('',#1401,#1400,#689,.T.);
#1738=EDGE_CURVE('',#1402,#1401,#1160,.T.);
#1739=EDGE_CURVE('',#1403,#1402,#74,.T.);
#1740=EDGE_CURVE('',#1404,#1403,#1161,.T.);
#1741=EDGE_CURVE('',#1405,#1404,#75,.T.);
#1742=EDGE_CURVE('',#1406,#1405,#1162,.T.);
#1743=EDGE_CURVE('',#1407,#1406,#76,.T.);
#1744=EDGE_CURVE('',#1395,#1407,#1163,.T.);
#1745=EDGE_CURVE('',#1402,#1408,#77,.T.);
#1746=EDGE_CURVE('',#1408,#1409,#690,.T.);
#1747=EDGE_CURVE('',#1409,#1403,#78,.T.);
#1748=EDGE_CURVE('',#1400,#1397,#1164,.T.);
#1749=EDGE_CURVE('',#1396,#1401,#1165,.T.);
#1750=EDGE_CURVE('',#1410,#1407,#79,.T.);
#1751=EDGE_CURVE('',#1411,#1410,#691,.T.);
#1752=EDGE_CURVE('',#1395,#1411,#80,.T.);
#1753=EDGE_CURVE('',#1412,#1413,#692,.T.);
#1754=EDGE_CURVE('',#1414,#1413,#693,.T.);
#1755=EDGE_CURVE('',#1415,#1414,#694,.T.);
#1756=EDGE_CURVE('',#1416,#1415,#695,.T.);
#1757=EDGE_CURVE('',#1417,#1416,#696,.T.);
#1758=EDGE_CURVE('',#1412,#1417,#697,.T.);
#1759=EDGE_CURVE('',#1418,#1394,#81,.T.);
#1760=EDGE_CURVE('',#1419,#1418,#698,.T.);
#1761=EDGE_CURVE('',#1406,#1419,#82,.T.);
#1762=EDGE_CURVE('',#1408,#1405,#83,.T.);
#1763=EDGE_CURVE('',#1420,#1420,#1166,.T.);
#1764=EDGE_CURVE('',#1420,#1421,#699,.T.);
#1765=EDGE_CURVE('',#1421,#1421,#1167,.T.);
#1766=EDGE_CURVE('',#1422,#1423,#1168,.T.);
#1767=EDGE_CURVE('',#1423,#1422,#700,.T.);
#1768=EDGE_CURVE('',#1424,#1423,#701,.T.);
#1769=EDGE_CURVE('',#1423,#1424,#1169,.T.);
#1770=EDGE_CURVE('',#1425,#1424,#702,.T.);
#1771=EDGE_CURVE('',#1424,#1425,#1170,.T.);
#1772=EDGE_CURVE('',#1426,#1425,#703,.T.);
#1773=EDGE_CURVE('',#1425,#1426,#1171,.T.);
#1774=EDGE_CURVE('',#1427,#1426,#704,.T.);
#1775=EDGE_CURVE('',#1426,#1427,#1172,.T.);
#1776=EDGE_CURVE('',#1427,#1422,#1173,.T.);
#1777=EDGE_CURVE('',#1422,#1427,#705,.T.);
#1778=EDGE_CURVE('',#1423,#1428,#706,.T.);
#1779=EDGE_CURVE('',#1429,#1428,#707,.T.);
#1780=EDGE_CURVE('',#1430,#1429,#708,.T.);
#1781=EDGE_CURVE('',#1431,#1430,#709,.T.);
#1782=EDGE_CURVE('',#1432,#1431,#710,.T.);
#1783=EDGE_CURVE('',#1433,#1432,#711,.T.);
#1784=EDGE_CURVE('',#1424,#1433,#712,.T.);
#1785=EDGE_CURVE('',#1425,#1434,#713,.T.);
#1786=EDGE_CURVE('',#1433,#1434,#1174,.T.);
#1787=EDGE_CURVE('',#1424,#1433,#714,.T.);
#1788=EDGE_CURVE('',#1422,#1435,#715,.T.);
#1789=EDGE_CURVE('',#1436,#1435,#716,.T.);
#1790=EDGE_CURVE('',#1437,#1436,#717,.T.);
#1791=EDGE_CURVE('',#1438,#1437,#718,.T.);
#1792=EDGE_CURVE('',#1439,#1438,#719,.T.);
#1793=EDGE_CURVE('',#1428,#1439,#720,.T.);
#1794=EDGE_CURVE('',#1423,#1428,#721,.T.);
#1795=EDGE_CURVE('',#1426,#1440,#722,.T.);
#1796=EDGE_CURVE('',#1434,#1440,#1175,.T.);
#1797=EDGE_CURVE('',#1425,#1434,#723,.T.);
#1798=EDGE_CURVE('',#1427,#1441,#724,.T.);
#1799=EDGE_CURVE('',#1442,#1441,#725,.T.);
#1800=EDGE_CURVE('',#1443,#1442,#726,.T.);
#1801=EDGE_CURVE('',#1444,#1443,#727,.T.);
#1802=EDGE_CURVE('',#1445,#1444,#728,.T.);
#1803=EDGE_CURVE('',#1435,#1445,#729,.T.);
#1804=EDGE_CURVE('',#1422,#1435,#730,.T.);
#1805=EDGE_CURVE('',#1427,#1441,#731,.T.);
#1806=EDGE_CURVE('',#1440,#1441,#1176,.T.);
#1807=EDGE_CURVE('',#1426,#1440,#732,.T.);
#1808=EDGE_CURVE('',#1446,#1447,#1177,.T.);
#1809=EDGE_CURVE('',#1446,#1447,#733,.T.);
#1810=EDGE_CURVE('',#1448,#1440,#734,.T.);
#1811=EDGE_CURVE('',#1449,#1448,#735,.T.);
#1812=EDGE_CURVE('',#1450,#1449,#736,.T.);
#1813=EDGE_CURVE('',#1451,#1450,#737,.T.);
#1814=EDGE_CURVE('',#1441,#1451,#738,.T.);
#1815=EDGE_CURVE('',#1452,#1433,#739,.T.);
#1816=EDGE_CURVE('',#1453,#1452,#740,.T.);
#1817=EDGE_CURVE('',#1454,#1453,#741,.T.);
#1818=EDGE_CURVE('',#1455,#1454,#742,.T.);
#1819=EDGE_CURVE('',#1434,#1455,#743,.T.);
#1820=EDGE_CURVE('',#1444,#1443,#1178,.T.);
#1821=EDGE_CURVE('',#1438,#1437,#1179,.T.);
#1822=EDGE_CURVE('',#1428,#1433,#1180,.T.);
#1823=EDGE_CURVE('',#1454,#1456,#1181,.T.);
#1824=EDGE_CURVE('',#1456,#1453,#1182,.T.);
#1825=EDGE_CURVE('',#1457,#1434,#744,.T.);
#1826=EDGE_CURVE('',#1447,#1457,#745,.T.);
#1827=EDGE_CURVE('',#1458,#1446,#746,.T.);
#1828=EDGE_CURVE('',#1440,#1458,#747,.T.);
#1829=EDGE_CURVE('',#1450,#1449,#1183,.T.);
#1830=EDGE_CURVE('',#1441,#1435,#1184,.T.);
#1831=EDGE_CURVE('',#1435,#1428,#1185,.T.);
#1832=EDGE_CURVE('',#1431,#1430,#1186,.T.);
#1833=EDGE_CURVE('',#1456,#1459,#748,.T.);
#1834=EDGE_CURVE('',#1459,#1459,#1187,.T.);
#1835=EDGE_CURVE('',#1432,#1452,#1188,.T.);
#1836=EDGE_CURVE('',#1439,#1429,#1189,.T.);
#1837=EDGE_CURVE('',#1445,#1436,#1190,.T.);
#1838=EDGE_CURVE('',#1451,#1442,#1191,.T.);
#1839=EDGE_CURVE('',#1458,#1448,#1192,.T.);
#1840=EDGE_CURVE('',#1455,#1457,#1193,.T.);
#1841=EDGE_CURVE('',#1460,#1461,#749,.T.);
#1842=EDGE_CURVE('',#1461,#1460,#1194,.T.);
#1843=EDGE_CURVE('',#1460,#1462,#750,.T.);
#1844=EDGE_CURVE('',#1463,#1462,#1195,.T.);
#1845=EDGE_CURVE('',#1461,#1463,#751,.T.);
#1846=EDGE_CURVE('',#1463,#1413,#752,.T.);
#1847=EDGE_CURVE('',#1462,#1412,#753,.T.);
#1848=EDGE_CURVE('',#1404,#1409,#84,.T.);
#1849=EDGE_CURVE('',#1419,#1410,#754,.T.);
#1850=EDGE_CURVE('',#1418,#1411,#755,.T.);
#1851=EDGE_CURVE('',#1464,#1465,#756,.T.);
#1852=EDGE_CURVE('',#1464,#1414,#757,.T.);
#1853=EDGE_CURVE('',#1466,#1463,#758,.T.);
#1854=EDGE_CURVE('',#1467,#1466,#759,.T.);
#1855=EDGE_CURVE('',#1468,#1467,#760,.T.);
#1856=EDGE_CURVE('',#1465,#1468,#761,.T.);
#1857=EDGE_CURVE('',#1462,#1469,#762,.T.);
#1858=EDGE_CURVE('',#1470,#1417,#763,.T.);
#1859=EDGE_CURVE('',#1471,#1470,#764,.T.);
#1860=EDGE_CURVE('',#1472,#1471,#765,.T.);
#1861=EDGE_CURVE('',#1473,#1472,#766,.T.);
#1862=EDGE_CURVE('',#1469,#1473,#767,.T.);
#1863=EDGE_CURVE('',#1470,#1474,#768,.T.);
#1864=EDGE_CURVE('',#1475,#1416,#769,.T.);
#1865=EDGE_CURVE('',#1476,#1475,#770,.T.);
#1866=EDGE_CURVE('',#1477,#1476,#771,.T.);
#1867=EDGE_CURVE('',#1478,#1477,#772,.T.);
#1868=EDGE_CURVE('',#1474,#1478,#773,.T.);
#1869=EDGE_CURVE('',#1479,#1464,#774,.T.);
#1870=EDGE_CURVE('',#1480,#1479,#775,.T.);
#1871=EDGE_CURVE('',#1481,#1480,#776,.T.);
#1872=EDGE_CURVE('',#1482,#1481,#777,.T.);
#1873=EDGE_CURVE('',#1483,#1482,#778,.T.);
#1874=EDGE_CURVE('',#1483,#1415,#779,.T.);
#1875=EDGE_CURVE('',#1484,#1483,#780,.T.);
#1876=EDGE_CURVE('',#1485,#1484,#781,.T.);
#1877=EDGE_CURVE('',#1486,#1485,#782,.T.);
#1878=EDGE_CURVE('',#1487,#1486,#783,.T.);
#1879=EDGE_CURVE('',#1475,#1487,#784,.T.);
#1880=EDGE_CURVE('',#1477,#1478,#1196,.T.);
#1881=EDGE_CURVE('',#1474,#1476,#1197,.T.);
#1882=EDGE_CURVE('',#1487,#1484,#1198,.T.);
#1883=EDGE_CURVE('',#1485,#1486,#1199,.T.);
#1884=EDGE_CURVE('',#1472,#1473,#1200,.T.);
#1885=EDGE_CURVE('',#1469,#1471,#1201,.T.);
#1886=EDGE_CURVE('',#1482,#1479,#1202,.T.);
#1887=EDGE_CURVE('',#1480,#1481,#1203,.T.);
#1888=EDGE_CURVE('',#1467,#1468,#1204,.T.);
#1889=EDGE_CURVE('',#1465,#1466,#1205,.T.);
#1890=EDGE_CURVE('',#1488,#1489,#785,.T.);
#1891=EDGE_CURVE('',#1489,#1490,#1206,.T.);
#1892=EDGE_CURVE('',#1490,#1491,#786,.T.);
#1893=EDGE_CURVE('',#1491,#1492,#787,.T.);
#1894=EDGE_CURVE('',#1492,#1493,#788,.T.);
#1895=EDGE_CURVE('',#1493,#1494,#1207,.T.);
#1896=EDGE_CURVE('',#1495,#1494,#1208,.T.);
#1897=EDGE_CURVE('',#1496,#1495,#1209,.T.);
#1898=EDGE_CURVE('',#1496,#1497,#1210,.T.);
#1899=EDGE_CURVE('',#1498,#1497,#1211,.T.);
#1900=EDGE_CURVE('',#1499,#1498,#1212,.T.);
#1901=EDGE_CURVE('',#1500,#1499,#1213,.T.);
#1902=EDGE_CURVE('',#1501,#1500,#1214,.T.);
#1903=EDGE_CURVE('',#1501,#1502,#789,.T.);
#1904=EDGE_CURVE('',#1502,#1503,#1215,.T.);
#1905=EDGE_CURVE('',#1504,#1503,#1216,.T.);
#1906=EDGE_CURVE('',#1504,#1505,#1217,.T.);
#1907=EDGE_CURVE('',#1506,#1505,#790,.T.);
#1908=EDGE_CURVE('',#1507,#1506,#1218,.T.);
#1909=EDGE_CURVE('',#1508,#1507,#1219,.T.);
#1910=EDGE_CURVE('',#1509,#1508,#1220,.T.);
#1911=EDGE_CURVE('',#1509,#1510,#1221,.T.);
#1912=EDGE_CURVE('',#1488,#1510,#1222,.T.);
#1913=EDGE_CURVE('',#1511,#1511,#1223,.T.);
#1914=EDGE_CURVE('',#1512,#1513,#791,.T.);
#1915=EDGE_CURVE('',#1513,#1514,#1224,.T.);
#1916=EDGE_CURVE('',#1514,#1515,#792,.T.);
#1917=EDGE_CURVE('',#1515,#1512,#1225,.T.);
#1918=EDGE_CURVE('',#1516,#1517,#793,.T.);
#1919=EDGE_CURVE('',#1517,#1518,#1226,.T.);
#1920=EDGE_CURVE('',#1518,#1519,#794,.T.);
#1921=EDGE_CURVE('',#1519,#1516,#1227,.T.);
#1922=EDGE_CURVE('',#1520,#1521,#1228,.T.);
#1923=EDGE_CURVE('',#1522,#1520,#85,.T.);
#1924=EDGE_CURVE('',#1523,#1522,#86,.T.);
#1925=EDGE_CURVE('',#1524,#1523,#1229,.T.);
#1926=EDGE_CURVE('',#1524,#1521,#1230,.T.);
#1927=EDGE_CURVE('',#1525,#1526,#1231,.T.);
#1928=EDGE_CURVE('',#1527,#1525,#1232,.T.);
#1929=EDGE_CURVE('',#1528,#1527,#1233,.T.);
#1930=EDGE_CURVE('',#1529,#1528,#87,.T.);
#1931=EDGE_CURVE('',#1526,#1529,#88,.T.);
#1932=EDGE_CURVE('',#1519,#1530,#795,.T.);
#1933=EDGE_CURVE('',#1530,#1531,#1234,.T.);
#1934=EDGE_CURVE('',#1516,#1531,#796,.T.);
#1935=EDGE_CURVE('',#1515,#1532,#797,.T.);
#1936=EDGE_CURVE('',#1532,#1533,#1235,.T.);
#1937=EDGE_CURVE('',#1512,#1533,#798,.T.);
#1938=EDGE_CURVE('',#1534,#1534,#1236,.T.);
#1939=EDGE_CURVE('',#1534,#1535,#799,.T.);
#1940=EDGE_CURVE('',#1535,#1535,#1237,.T.);
#1941=EDGE_CURVE('',#1536,#1536,#1238,.T.);
#1942=EDGE_CURVE('',#1536,#1537,#800,.T.);
#1943=EDGE_CURVE('',#1537,#1537,#1239,.T.);
#1944=EDGE_CURVE('',#1538,#1539,#1240,.T.);
#1945=EDGE_CURVE('',#1538,#1521,#801,.T.);
#1946=EDGE_CURVE('',#1521,#1540,#1241,.T.);
#1947=EDGE_CURVE('',#1540,#1541,#89,.T.);
#1948=EDGE_CURVE('',#1541,#1542,#90,.T.);
#1949=EDGE_CURVE('',#1542,#1525,#1242,.T.);
#1950=EDGE_CURVE('',#1525,#1539,#802,.T.);
#1951=EDGE_CURVE('',#1543,#1544,#1243,.T.);
#1952=EDGE_CURVE('',#1543,#1545,#803,.T.);
#1953=EDGE_CURVE('',#1546,#1545,#804,.T.);
#1954=EDGE_CURVE('',#1546,#1547,#1244,.T.);
#1955=EDGE_CURVE('',#1544,#1547,#805,.T.);
#1956=EDGE_CURVE('',#1548,#1549,#1245,.T.);
#1957=EDGE_CURVE('',#1548,#1550,#43,.T.);
#1958=EDGE_CURVE('',#1551,#1550,#806,.T.);
#1959=EDGE_CURVE('',#1552,#1551,#1246,.T.);
#1960=EDGE_CURVE('',#1553,#1552,#807,.T.);
#1961=EDGE_CURVE('',#1553,#1554,#91,.T.);
#1962=EDGE_CURVE('',#1554,#1555,#808,.T.);
#1963=EDGE_CURVE('',#1555,#1556,#92,.T.);
#1964=EDGE_CURVE('',#1549,#1556,#809,.T.);
#1965=EDGE_CURVE('',#1557,#1558,#1247,.T.);
#1966=EDGE_CURVE('',#1557,#1509,#810,.T.);
#1967=EDGE_CURVE('',#1558,#1508,#811,.T.);
#1968=EDGE_CURVE('',#1559,#1560,#1248,.T.);
#1969=EDGE_CURVE('',#1560,#1499,#812,.T.);
#1970=EDGE_CURVE('',#1498,#1561,#813,.T.);
#1971=EDGE_CURVE('',#1562,#1561,#1249,.T.);
#1972=EDGE_CURVE('',#1562,#1563,#814,.T.);
#1973=EDGE_CURVE('',#1564,#1563,#1250,.T.);
#1974=EDGE_CURVE('',#1565,#1564,#815,.T.);
#1975=EDGE_CURVE('',#1561,#1565,#1251,.T.);
#1976=EDGE_CURVE('',#1559,#1497,#816,.T.);
#1977=EDGE_CURVE('',#1566,#1567,#93,.T.);
#1978=EDGE_CURVE('',#1567,#1559,#94,.T.);
#1979=EDGE_CURVE('',#1568,#1496,#817,.T.);
#1980=EDGE_CURVE('',#1568,#1569,#95,.T.);
#1981=EDGE_CURVE('',#1569,#1566,#1252,.T.);
#1982=EDGE_CURVE('',#1570,#1571,#1253,.T.);
#1983=EDGE_CURVE('',#1571,#1572,#96,.T.);
#1984=EDGE_CURVE('',#1572,#1573,#1254,.T.);
#1985=EDGE_CURVE('',#1573,#1574,#818,.T.);
#1986=EDGE_CURVE('',#1575,#1574,#1255,.T.);
#1987=EDGE_CURVE('',#1576,#1575,#819,.T.);
#1988=EDGE_CURVE('',#1576,#1570,#1256,.T.);
#1989=EDGE_CURVE('',#1577,#1577,#1257,.T.);
#1990=EDGE_CURVE('',#1577,#1511,#820,.T.);
#1991=EDGE_CURVE('',#1565,#1578,#1258,.T.);
#1992=EDGE_CURVE('',#1564,#1579,#97,.T.);
#1993=EDGE_CURVE('',#1579,#1580,#98,.T.);
#1994=EDGE_CURVE('',#1580,#1581,#1259,.T.);
#1995=EDGE_CURVE('',#1581,#1582,#99,.T.);
#1996=EDGE_CURVE('',#1578,#1582,#821,.T.);
#1997=EDGE_CURVE('',#1583,#1584,#1260,.T.);
#1998=EDGE_CURVE('',#1584,#1563,#100,.T.);
#1999=EDGE_CURVE('',#1585,#1562,#1261,.T.);
#2000=EDGE_CURVE('',#1585,#1583,#822,.T.);
#2001=EDGE_CURVE('',#1586,#1528,#1262,.T.);
#2002=EDGE_CURVE('',#1527,#1570,#1263,.T.);
#2003=EDGE_CURVE('',#1587,#1576,#823,.T.);
#2004=EDGE_CURVE('',#1587,#1588,#1264,.T.);
#2005=EDGE_CURVE('',#1589,#1588,#1265,.T.);
#2006=EDGE_CURVE('',#1590,#1589,#824,.T.);
#2007=EDGE_CURVE('',#1591,#1590,#825,.T.);
#2008=EDGE_CURVE('',#1591,#1592,#826,.T.);
#2009=EDGE_CURVE('',#1592,#1593,#827,.T.);
#2010=EDGE_CURVE('',#1593,#1594,#828,.T.);
#2011=EDGE_CURVE('',#1594,#1595,#829,.T.);
#2012=EDGE_CURVE('',#1595,#1596,#1266,.T.);
#2013=EDGE_CURVE('',#1596,#1586,#830,.T.);
#2014=EDGE_CURVE('',#1572,#1524,#1267,.T.);
#2015=EDGE_CURVE('',#1523,#1597,#1268,.T.);
#2016=EDGE_CURVE('',#1598,#1597,#831,.T.);
#2017=EDGE_CURVE('',#1598,#1599,#1269,.T.);
#2018=EDGE_CURVE('',#1599,#1600,#1270,.T.);
#2019=EDGE_CURVE('',#1600,#1601,#1271,.T.);
#2020=EDGE_CURVE('',#1601,#1602,#832,.T.);
#2021=EDGE_CURVE('',#1602,#1603,#1272,.T.);
#2022=EDGE_CURVE('',#1603,#1604,#1273,.T.);
#2023=EDGE_CURVE('',#1604,#1605,#1274,.T.);
#2024=EDGE_CURVE('',#1606,#1605,#1275,.T.);
#2025=EDGE_CURVE('',#1606,#1607,#833,.T.);
#2026=EDGE_CURVE('',#1607,#1608,#1276,.T.);
#2027=EDGE_CURVE('',#1609,#1608,#834,.T.);
#2028=EDGE_CURVE('',#1610,#1609,#1277,.T.);
#2029=EDGE_CURVE('',#1610,#1611,#1278,.T.);
#2030=EDGE_CURVE('',#1573,#1611,#835,.T.);
#2031=EDGE_CURVE('',#1612,#1613,#836,.T.);
#2032=EDGE_CURVE('',#1612,#1614,#1279,.T.);
#2033=EDGE_CURVE('',#1615,#1614,#1280,.T.);
#2034=EDGE_CURVE('',#1615,#1616,#837,.T.);
#2035=EDGE_CURVE('',#1613,#1616,#838,.T.);
#2036=EDGE_CURVE('',#1617,#1618,#839,.T.);
#2037=EDGE_CURVE('',#1619,#1617,#1281,.T.);
#2038=EDGE_CURVE('',#1618,#1619,#840,.T.);
#2039=EDGE_CURVE('',#1620,#1621,#1282,.T.);
#2040=EDGE_CURVE('',#1621,#1548,#1283,.T.);
#2041=EDGE_CURVE('',#1620,#1549,#1284,.T.);
#2042=EDGE_CURVE('',#1529,#1510,#841,.T.);
#2043=EDGE_CURVE('',#1586,#1488,#842,.T.);
#2044=EDGE_CURVE('',#1622,#1623,#101,.T.);
#2045=EDGE_CURVE('',#1623,#1583,#1285,.T.);
#2046=EDGE_CURVE('',#1624,#1585,#1286,.T.);
#2047=EDGE_CURVE('',#1624,#1625,#843,.T.);
#2048=EDGE_CURVE('',#1625,#1603,#102,.T.);
#2049=EDGE_CURVE('',#1602,#1501,#844,.T.);
#2050=EDGE_CURVE('',#1626,#1500,#845,.T.);
#2051=EDGE_CURVE('',#1626,#1627,#1287,.T.);
#2052=EDGE_CURVE('',#1627,#1628,#103,.T.);
#2053=EDGE_CURVE('',#1628,#1622,#846,.T.);
#2054=EDGE_CURVE('',#1629,#1552,#1288,.T.);
#2055=EDGE_CURVE('',#1630,#1551,#847,.T.);
#2056=EDGE_CURVE('',#1630,#1618,#848,.T.);
#2057=EDGE_CURVE('',#1619,#1631,#849,.T.);
#2058=EDGE_CURVE('',#1632,#1631,#850,.T.);
#2059=EDGE_CURVE('',#1633,#1632,#851,.T.);
#2060=EDGE_CURVE('',#1633,#1634,#852,.T.);
#2061=EDGE_CURVE('',#1634,#1635,#853,.T.);
#2062=EDGE_CURVE('',#1635,#1636,#854,.T.);
#2063=EDGE_CURVE('',#1636,#1637,#1289,.T.);
#2064=EDGE_CURVE('',#1637,#1638,#1290,.T.);
#2065=EDGE_CURVE('',#1638,#1575,#855,.T.);
#2066=EDGE_CURVE('',#1574,#1639,#856,.T.);
#2067=EDGE_CURVE('',#1639,#1640,#1291,.T.);
#2068=EDGE_CURVE('',#1640,#1641,#1292,.T.);
#2069=EDGE_CURVE('',#1641,#1642,#857,.T.);
#2070=EDGE_CURVE('',#1642,#1643,#1293,.T.);
#2071=EDGE_CURVE('',#1629,#1643,#858,.T.);
#2072=EDGE_CURVE('',#1644,#1645,#1294,.T.);
#2073=EDGE_CURVE('',#1531,#1644,#859,.T.);
#2074=EDGE_CURVE('',#1645,#1530,#860,.T.);
#2075=EDGE_CURVE('',#1646,#1647,#1295,.T.);
#2076=EDGE_CURVE('',#1533,#1646,#861,.T.);
#2077=EDGE_CURVE('',#1647,#1532,#862,.T.);
#2078=EDGE_CURVE('',#1490,#1595,#863,.T.);
#2079=EDGE_CURVE('',#1594,#1491,#864,.T.);
#2080=EDGE_CURVE('',#1596,#1489,#865,.T.);
#2081=EDGE_CURVE('',#1522,#1507,#866,.T.);
#2082=EDGE_CURVE('',#1597,#1506,#867,.T.);
#2083=EDGE_CURVE('',#1505,#1598,#868,.T.);
#2084=EDGE_CURVE('',#1503,#1600,#869,.T.);
#2085=EDGE_CURVE('',#1599,#1504,#870,.T.);
#2086=EDGE_CURVE('',#1601,#1502,#871,.T.);
#2087=EDGE_CURVE('',#1648,#1592,#872,.T.);
#2088=EDGE_CURVE('',#1632,#1648,#1296,.T.);
#2089=EDGE_CURVE('',#1631,#1649,#1297,.T.);
#2090=EDGE_CURVE('',#1649,#1616,#873,.T.);
#2091=EDGE_CURVE('',#1615,#1493,#874,.T.);
#2092=EDGE_CURVE('',#1593,#1492,#875,.T.);
#2093=EDGE_CURVE('',#1550,#1546,#104,.T.);
#2094=EDGE_CURVE('',#1546,#1630,#876,.T.);
#2095=EDGE_CURVE('',#1545,#1612,#105,.T.);
#2096=EDGE_CURVE('',#1613,#1617,#877,.T.);
#2097=EDGE_CURVE('',#1633,#1650,#1298,.T.);
#2098=EDGE_CURVE('',#1650,#1634,#878,.T.);
#2099=EDGE_CURVE('',#1591,#1650,#879,.T.);
#2100=EDGE_CURVE('',#1590,#1635,#880,.T.);
#2101=EDGE_CURVE('',#1589,#1636,#881,.T.);
#2102=EDGE_CURVE('',#1588,#1637,#882,.T.);
#2103=EDGE_CURVE('',#1638,#1587,#883,.T.);
#2104=EDGE_CURVE('',#1611,#1639,#884,.T.);
#2105=EDGE_CURVE('',#1640,#1610,#885,.T.);
#2106=EDGE_CURVE('',#1609,#1641,#886,.T.);
#2107=EDGE_CURVE('',#1608,#1642,#887,.T.);
#2108=EDGE_CURVE('',#1643,#1607,#888,.T.);
#2109=EDGE_CURVE('',#1606,#1629,#889,.T.);
#2110=EDGE_CURVE('',#1651,#1652,#1299,.T.);
#2111=EDGE_CURVE('',#1652,#1553,#106,.T.);
#2112=EDGE_CURVE('',#1605,#1620,#1300,.T.);
#2113=EDGE_CURVE('',#1556,#1653,#107,.T.);
#2114=EDGE_CURVE('',#1653,#1654,#1301,.T.);
#2115=EDGE_CURVE('',#1654,#1655,#108,.T.);
#2116=EDGE_CURVE('',#1655,#1656,#1302,.T.);
#2117=EDGE_CURVE('',#1656,#1657,#109,.T.);
#2118=EDGE_CURVE('',#1657,#1658,#890,.T.);
#2119=EDGE_CURVE('',#1658,#1659,#110,.T.);
#2120=EDGE_CURVE('',#1659,#1660,#1303,.T.);
#2121=EDGE_CURVE('',#1660,#1651,#111,.T.);
#2122=EDGE_CURVE('',#1614,#1661,#112,.T.);
#2123=EDGE_CURVE('',#1661,#1494,#891,.T.);
#2124=EDGE_CURVE('',#1662,#1661,#892,.T.);
#2125=EDGE_CURVE('',#1663,#1662,#1304,.T.);
#2126=EDGE_CURVE('',#1663,#1495,#893,.T.);
#2127=EDGE_CURVE('',#1582,#1664,#113,.T.);
#2128=EDGE_CURVE('',#1664,#1665,#894,.T.);
#2129=EDGE_CURVE('',#1665,#1568,#114,.T.);
#2130=EDGE_CURVE('',#1578,#1663,#1305,.T.);
#2131=EDGE_CURVE('',#1560,#1666,#115,.T.);
#2132=EDGE_CURVE('',#1666,#1626,#1306,.T.);
#2133=EDGE_CURVE('',#1520,#1667,#895,.T.);
#2134=EDGE_CURVE('',#1558,#1667,#1307,.T.);
#2135=EDGE_CURVE('',#1668,#1557,#1308,.T.);
#2136=EDGE_CURVE('',#1668,#1526,#896,.T.);
#2137=EDGE_CURVE('',#1544,#1669,#1309,.T.);
#2138=EDGE_CURVE('',#1669,#1624,#1310,.T.);
#2139=EDGE_CURVE('',#1662,#1543,#1311,.T.);
#2140=EDGE_CURVE('',#1661,#1545,#1312,.T.);
#2141=EDGE_CURVE('',#1547,#1670,#1313,.T.);
#2142=EDGE_CURVE('',#1670,#1671,#116,.T.);
#2143=EDGE_CURVE('',#1671,#1672,#1314,.T.);
#2144=EDGE_CURVE('',#1672,#1669,#897,.T.);
#2145=EDGE_CURVE('',#1667,#1538,#1315,.T.);
#2146=EDGE_CURVE('',#1539,#1668,#1316,.T.);
#2147=EDGE_CURVE('',#1672,#1625,#1317,.T.);
#2148=EDGE_CURVE('',#1514,#1647,#898,.T.);
#2149=EDGE_CURVE('',#1513,#1646,#899,.T.);
#2150=EDGE_CURVE('',#1518,#1645,#900,.T.);
#2151=EDGE_CURVE('',#1517,#1644,#901,.T.);
#2152=EDGE_CURVE('',#1650,#1648,#902,.T.);
#2153=EDGE_CURVE('',#1617,#1649,#903,.T.);
#2154=EDGE_CURVE('',#1604,#1672,#1318,.T.);
#2155=EDGE_CURVE('',#1605,#1671,#1319,.T.);
#2156=EDGE_CURVE('',#1620,#1670,#1320,.T.);
#2157=EDGE_CURVE('',#1621,#1547,#1321,.T.);
#2158=EDGE_CURVE('',#1570,#1542,#1322,.T.);
#2159=EDGE_CURVE('',#1572,#1540,#1323,.T.);
#2160=EDGE_CURVE('',#1673,#1674,#1324,.T.);
#2161=EDGE_CURVE('',#1674,#1675,#117,.T.);
#2162=EDGE_CURVE('',#1676,#1675,#1325,.T.);
#2163=EDGE_CURVE('',#1676,#1673,#118,.T.);
#2164=EDGE_CURVE('',#1677,#1678,#1326,.T.);
#2165=EDGE_CURVE('',#1677,#1679,#119,.T.);
#2166=EDGE_CURVE('',#1679,#1680,#120,.T.);
#2167=EDGE_CURVE('',#1680,#1681,#1327,.T.);
#2168=EDGE_CURVE('',#1681,#1682,#121,.T.);
#2169=EDGE_CURVE('',#1682,#1678,#122,.T.);
#2170=EDGE_CURVE('',#1675,#1683,#904,.T.);
#2171=EDGE_CURVE('',#1684,#1683,#1328,.T.);
#2172=EDGE_CURVE('',#1684,#1676,#905,.T.);
#2173=EDGE_CURVE('',#1683,#1685,#123,.T.);
#2174=EDGE_CURVE('',#1686,#1685,#1329,.T.);
#2175=EDGE_CURVE('',#1686,#1684,#124,.T.);
#2176=EDGE_CURVE('',#1687,#1688,#1330,.T.);
#2177=EDGE_CURVE('',#1687,#1689,#125,.T.);
#2178=EDGE_CURVE('',#1689,#1690,#126,.T.);
#2179=EDGE_CURVE('',#1690,#1691,#1331,.T.);
#2180=EDGE_CURVE('',#1691,#1692,#127,.T.);
#2181=EDGE_CURVE('',#1692,#1688,#128,.T.);
#2182=EDGE_CURVE('',#1680,#1693,#1332,.T.);
#2183=EDGE_CURVE('',#1693,#1694,#1333,.T.);
#2184=EDGE_CURVE('',#1694,#1681,#1334,.T.);
#2185=EDGE_CURVE('',#1695,#1696,#1335,.T.);
#2186=EDGE_CURVE('',#1695,#1687,#1336,.T.);
#2187=EDGE_CURVE('',#1688,#1696,#1337,.T.);
#2188=EDGE_CURVE('',#1563,#1697,#129,.T.);
#2189=EDGE_CURVE('',#1698,#1697,#1338,.T.);
#2190=EDGE_CURVE('',#1698,#1694,#130,.T.);
#2191=EDGE_CURVE('',#1693,#1564,#131,.T.);
#2192=EDGE_CURVE('',#1697,#1699,#1339,.T.);
#2193=EDGE_CURVE('',#1699,#1674,#1340,.T.);
#2194=EDGE_CURVE('',#1673,#1698,#1341,.T.);
#2195=EDGE_CURVE('',#1690,#1677,#906,.T.);
#2196=EDGE_CURVE('',#1678,#1691,#907,.T.);
#2197=EDGE_CURVE('',#1700,#1701,#1342,.T.);
#2198=EDGE_CURVE('',#1700,#1686,#1343,.T.);
#2199=EDGE_CURVE('',#1685,#1702,#1344,.T.);
#2200=EDGE_CURVE('',#1702,#1701,#1345,.T.);
#2201=EDGE_CURVE('',#1701,#1560,#132,.T.);
#2202=EDGE_CURVE('',#1559,#1695,#133,.T.);
#2203=EDGE_CURVE('',#1696,#1700,#134,.T.);
#2204=EDGE_CURVE('',#1697,#1584,#1346,.T.);
#2205=EDGE_CURVE('',#1699,#1583,#1347,.T.);
#2206=EDGE_CURVE('',#1674,#1623,#1348,.T.);
#2207=EDGE_CURVE('',#1675,#1622,#1349,.T.);
#2208=EDGE_CURVE('',#1683,#1628,#1350,.T.);
#2209=EDGE_CURVE('',#1685,#1627,#1351,.T.);
#2210=EDGE_CURVE('',#1702,#1626,#1352,.T.);
#2211=EDGE_CURVE('',#1701,#1666,#1353,.T.);
#2212=EDGE_CURVE('',#1695,#1566,#1354,.T.);
#2213=EDGE_CURVE('',#1687,#1569,#1355,.T.);
#2214=EDGE_CURVE('',#1689,#1568,#1356,.T.);
#2215=EDGE_CURVE('',#1690,#1665,#1357,.T.);
#2216=EDGE_CURVE('',#1677,#1664,#1358,.T.);
#2217=EDGE_CURVE('',#1679,#1582,#1359,.T.);
#2218=EDGE_CURVE('',#1680,#1581,#1360,.T.);
#2219=EDGE_CURVE('',#1693,#1580,#1361,.T.);
#2220=EDGE_CURVE('',#1556,#1682,#1362,.T.);
#2221=EDGE_CURVE('',#1678,#1555,#1363,.T.);
#2222=EDGE_CURVE('',#1691,#1554,#1364,.T.);
#2223=EDGE_CURVE('',#1653,#1681,#1365,.T.);
#2224=EDGE_CURVE('',#1692,#1553,#1366,.T.);
#2225=EDGE_CURVE('',#1654,#1694,#1367,.T.);
#2226=EDGE_CURVE('',#1688,#1652,#1368,.T.);
#2227=EDGE_CURVE('',#1655,#1698,#1369,.T.);
#2228=EDGE_CURVE('',#1696,#1651,#1370,.T.);
#2229=EDGE_CURVE('',#1656,#1673,#1371,.T.);
#2230=EDGE_CURVE('',#1700,#1660,#1372,.T.);
#2231=EDGE_CURVE('',#1657,#1676,#1373,.T.);
#2232=EDGE_CURVE('',#1686,#1659,#1374,.T.);
#2233=EDGE_CURVE('',#1658,#1684,#1375,.T.);
#2234=ORIENTED_EDGE('',*,*,#1703,.T.);
#2235=ORIENTED_EDGE('',*,*,#1704,.T.);
#2236=ORIENTED_EDGE('',*,*,#1705,.F.);
#2237=ORIENTED_EDGE('',*,*,#1704,.F.);
#2238=ORIENTED_EDGE('',*,*,#1703,.F.);
#2239=ORIENTED_EDGE('',*,*,#1706,.F.);
#2240=ORIENTED_EDGE('',*,*,#1707,.F.);
#2241=ORIENTED_EDGE('',*,*,#1708,.F.);
#2242=ORIENTED_EDGE('',*,*,#1709,.F.);
#2243=ORIENTED_EDGE('',*,*,#1710,.F.);
#2244=ORIENTED_EDGE('',*,*,#1711,.F.);
#2245=ORIENTED_EDGE('',*,*,#1709,.T.);
#2246=ORIENTED_EDGE('',*,*,#1712,.F.);
#2247=ORIENTED_EDGE('',*,*,#1713,.F.);
#2248=ORIENTED_EDGE('',*,*,#1714,.T.);
#2249=ORIENTED_EDGE('',*,*,#1708,.T.);
#2250=ORIENTED_EDGE('',*,*,#1715,.F.);
#2251=ORIENTED_EDGE('',*,*,#1716,.F.);
#2252=ORIENTED_EDGE('',*,*,#1712,.T.);
#2253=ORIENTED_EDGE('',*,*,#1707,.T.);
#2254=ORIENTED_EDGE('',*,*,#1717,.F.);
#2255=ORIENTED_EDGE('',*,*,#1718,.F.);
#2256=ORIENTED_EDGE('',*,*,#1715,.T.);
#2257=ORIENTED_EDGE('',*,*,#1710,.T.);
#2258=ORIENTED_EDGE('',*,*,#1714,.F.);
#2259=ORIENTED_EDGE('',*,*,#1719,.F.);
#2260=ORIENTED_EDGE('',*,*,#1720,.T.);
#2261=ORIENTED_EDGE('',*,*,#1711,.T.);
#2262=ORIENTED_EDGE('',*,*,#1720,.F.);
#2263=ORIENTED_EDGE('',*,*,#1721,.F.);
#2264=ORIENTED_EDGE('',*,*,#1722,.T.);
#2265=ORIENTED_EDGE('',*,*,#1706,.T.);
#2266=ORIENTED_EDGE('',*,*,#1722,.F.);
#2267=ORIENTED_EDGE('',*,*,#1723,.F.);
#2268=ORIENTED_EDGE('',*,*,#1717,.T.);
#2269=ORIENTED_EDGE('',*,*,#1724,.F.);
#2270=ORIENTED_EDGE('',*,*,#1725,.T.);
#2271=ORIENTED_EDGE('',*,*,#1726,.F.);
#2272=ORIENTED_EDGE('',*,*,#1725,.F.);
#2273=ORIENTED_EDGE('',*,*,#1724,.T.);
#2274=ORIENTED_EDGE('',*,*,#1723,.T.);
#2275=ORIENTED_EDGE('',*,*,#1721,.T.);
#2276=ORIENTED_EDGE('',*,*,#1719,.T.);
#2277=ORIENTED_EDGE('',*,*,#1713,.T.);
#2278=ORIENTED_EDGE('',*,*,#1716,.T.);
#2279=ORIENTED_EDGE('',*,*,#1718,.T.);
#2280=ORIENTED_EDGE('',*,*,#1727,.F.);
#2281=ORIENTED_EDGE('',*,*,#1728,.T.);
#2282=ORIENTED_EDGE('',*,*,#1729,.F.);
#2283=ORIENTED_EDGE('',*,*,#1728,.F.);
#2284=ORIENTED_EDGE('',*,*,#1727,.T.);
#2285=ORIENTED_EDGE('',*,*,#1705,.T.);
#2286=ORIENTED_EDGE('',*,*,#1730,.F.);
#2287=ORIENTED_EDGE('',*,*,#1731,.F.);
#2288=ORIENTED_EDGE('',*,*,#1732,.F.);
#2289=ORIENTED_EDGE('',*,*,#1733,.F.);
#2290=ORIENTED_EDGE('',*,*,#1734,.T.);
#2291=ORIENTED_EDGE('',*,*,#1735,.F.);
#2292=ORIENTED_EDGE('',*,*,#1734,.F.);
#2293=ORIENTED_EDGE('',*,*,#1736,.F.);
#2294=ORIENTED_EDGE('',*,*,#1737,.F.);
#2295=ORIENTED_EDGE('',*,*,#1738,.F.);
#2296=ORIENTED_EDGE('',*,*,#1739,.F.);
#2297=ORIENTED_EDGE('',*,*,#1740,.F.);
#2298=ORIENTED_EDGE('',*,*,#1741,.F.);
#2299=ORIENTED_EDGE('',*,*,#1742,.F.);
#2300=ORIENTED_EDGE('',*,*,#1743,.F.);
#2301=ORIENTED_EDGE('',*,*,#1744,.F.);
#2302=ORIENTED_EDGE('',*,*,#1739,.T.);
#2303=ORIENTED_EDGE('',*,*,#1745,.T.);
#2304=ORIENTED_EDGE('',*,*,#1746,.T.);
#2305=ORIENTED_EDGE('',*,*,#1747,.T.);
#2306=ORIENTED_EDGE('',*,*,#1737,.T.);
#2307=ORIENTED_EDGE('',*,*,#1748,.T.);
#2308=ORIENTED_EDGE('',*,*,#1732,.T.);
#2309=ORIENTED_EDGE('',*,*,#1749,.T.);
#2310=ORIENTED_EDGE('',*,*,#1736,.T.);
#2311=ORIENTED_EDGE('',*,*,#1733,.T.);
#2312=ORIENTED_EDGE('',*,*,#1748,.F.);
#2313=ORIENTED_EDGE('',*,*,#1744,.T.);
#2314=ORIENTED_EDGE('',*,*,#1750,.F.);
#2315=ORIENTED_EDGE('',*,*,#1751,.F.);
#2316=ORIENTED_EDGE('',*,*,#1752,.F.);
#2317=ORIENTED_EDGE('',*,*,#1753,.T.);
#2318=ORIENTED_EDGE('',*,*,#1754,.F.);
#2319=ORIENTED_EDGE('',*,*,#1755,.F.);
#2320=ORIENTED_EDGE('',*,*,#1756,.F.);
#2321=ORIENTED_EDGE('',*,*,#1757,.F.);
#2322=ORIENTED_EDGE('',*,*,#1758,.F.);
#2323=ORIENTED_EDGE('',*,*,#1738,.T.);
#2324=ORIENTED_EDGE('',*,*,#1749,.F.);
#2325=ORIENTED_EDGE('',*,*,#1731,.T.);
#2326=ORIENTED_EDGE('',*,*,#1759,.F.);
#2327=ORIENTED_EDGE('',*,*,#1760,.F.);
#2328=ORIENTED_EDGE('',*,*,#1761,.F.);
#2329=ORIENTED_EDGE('',*,*,#1742,.T.);
#2330=ORIENTED_EDGE('',*,*,#1762,.F.);
#2331=ORIENTED_EDGE('',*,*,#1745,.F.);
#2332=ORIENTED_EDGE('',*,*,#1763,.F.);
#2333=ORIENTED_EDGE('',*,*,#1764,.T.);
#2334=ORIENTED_EDGE('',*,*,#1765,.F.);
#2335=ORIENTED_EDGE('',*,*,#1764,.F.);
#2336=ORIENTED_EDGE('',*,*,#1766,.F.);
#2337=ORIENTED_EDGE('',*,*,#1767,.F.);
#2338=ORIENTED_EDGE('',*,*,#1768,.F.);
#2339=ORIENTED_EDGE('',*,*,#1769,.F.);
#2340=ORIENTED_EDGE('',*,*,#1770,.F.);
#2341=ORIENTED_EDGE('',*,*,#1771,.F.);
#2342=ORIENTED_EDGE('',*,*,#1772,.F.);
#2343=ORIENTED_EDGE('',*,*,#1773,.F.);
#2344=ORIENTED_EDGE('',*,*,#1774,.F.);
#2345=ORIENTED_EDGE('',*,*,#1775,.F.);
#2346=ORIENTED_EDGE('',*,*,#1776,.F.);
#2347=ORIENTED_EDGE('',*,*,#1777,.F.);
#2348=ORIENTED_EDGE('',*,*,#1768,.T.);
#2349=ORIENTED_EDGE('',*,*,#1778,.T.);
#2350=ORIENTED_EDGE('',*,*,#1779,.F.);
#2351=ORIENTED_EDGE('',*,*,#1780,.F.);
#2352=ORIENTED_EDGE('',*,*,#1781,.F.);
#2353=ORIENTED_EDGE('',*,*,#1782,.F.);
#2354=ORIENTED_EDGE('',*,*,#1783,.F.);
#2355=ORIENTED_EDGE('',*,*,#1784,.F.);
#2356=ORIENTED_EDGE('',*,*,#1771,.T.);
#2357=ORIENTED_EDGE('',*,*,#1785,.T.);
#2358=ORIENTED_EDGE('',*,*,#1786,.F.);
#2359=ORIENTED_EDGE('',*,*,#1787,.F.);
#2360=ORIENTED_EDGE('',*,*,#1767,.T.);
#2361=ORIENTED_EDGE('',*,*,#1788,.T.);
#2362=ORIENTED_EDGE('',*,*,#1789,.F.);
#2363=ORIENTED_EDGE('',*,*,#1790,.F.);
#2364=ORIENTED_EDGE('',*,*,#1791,.F.);
#2365=ORIENTED_EDGE('',*,*,#1792,.F.);
#2366=ORIENTED_EDGE('',*,*,#1793,.F.);
#2367=ORIENTED_EDGE('',*,*,#1794,.F.);
#2368=ORIENTED_EDGE('',*,*,#1773,.T.);
#2369=ORIENTED_EDGE('',*,*,#1795,.T.);
#2370=ORIENTED_EDGE('',*,*,#1796,.F.);
#2371=ORIENTED_EDGE('',*,*,#1797,.F.);
#2372=ORIENTED_EDGE('',*,*,#1777,.T.);
#2373=ORIENTED_EDGE('',*,*,#1798,.T.);
#2374=ORIENTED_EDGE('',*,*,#1799,.F.);
#2375=ORIENTED_EDGE('',*,*,#1800,.F.);
#2376=ORIENTED_EDGE('',*,*,#1801,.F.);
#2377=ORIENTED_EDGE('',*,*,#1802,.F.);
#2378=ORIENTED_EDGE('',*,*,#1803,.F.);
#2379=ORIENTED_EDGE('',*,*,#1804,.F.);
#2380=ORIENTED_EDGE('',*,*,#1775,.T.);
#2381=ORIENTED_EDGE('',*,*,#1805,.T.);
#2382=ORIENTED_EDGE('',*,*,#1806,.F.);
#2383=ORIENTED_EDGE('',*,*,#1807,.F.);
#2384=ORIENTED_EDGE('',*,*,#1808,.F.);
#2385=ORIENTED_EDGE('',*,*,#1809,.T.);
#2386=ORIENTED_EDGE('',*,*,#1774,.T.);
#2387=ORIENTED_EDGE('',*,*,#1807,.T.);
#2388=ORIENTED_EDGE('',*,*,#1810,.F.);
#2389=ORIENTED_EDGE('',*,*,#1811,.F.);
#2390=ORIENTED_EDGE('',*,*,#1812,.F.);
#2391=ORIENTED_EDGE('',*,*,#1813,.F.);
#2392=ORIENTED_EDGE('',*,*,#1814,.F.);
#2393=ORIENTED_EDGE('',*,*,#1805,.F.);
#2394=ORIENTED_EDGE('',*,*,#1770,.T.);
#2395=ORIENTED_EDGE('',*,*,#1787,.T.);
#2396=ORIENTED_EDGE('',*,*,#1815,.F.);
#2397=ORIENTED_EDGE('',*,*,#1816,.F.);
#2398=ORIENTED_EDGE('',*,*,#1817,.F.);
#2399=ORIENTED_EDGE('',*,*,#1818,.F.);
#2400=ORIENTED_EDGE('',*,*,#1819,.F.);
#2401=ORIENTED_EDGE('',*,*,#1785,.F.);
#2402=ORIENTED_EDGE('',*,*,#1820,.F.);
#2403=ORIENTED_EDGE('',*,*,#1801,.T.);
#2404=ORIENTED_EDGE('',*,*,#1821,.F.);
#2405=ORIENTED_EDGE('',*,*,#1791,.T.);
#2406=ORIENTED_EDGE('',*,*,#1769,.T.);
#2407=ORIENTED_EDGE('',*,*,#1784,.T.);
#2408=ORIENTED_EDGE('',*,*,#1822,.F.);
#2409=ORIENTED_EDGE('',*,*,#1778,.F.);
#2410=ORIENTED_EDGE('',*,*,#1823,.F.);
#2411=ORIENTED_EDGE('',*,*,#1817,.T.);
#2412=ORIENTED_EDGE('',*,*,#1824,.F.);
#2413=ORIENTED_EDGE('',*,*,#1772,.T.);
#2414=ORIENTED_EDGE('',*,*,#1797,.T.);
#2415=ORIENTED_EDGE('',*,*,#1825,.F.);
#2416=ORIENTED_EDGE('',*,*,#1826,.F.);
#2417=ORIENTED_EDGE('',*,*,#1809,.F.);
#2418=ORIENTED_EDGE('',*,*,#1827,.F.);
#2419=ORIENTED_EDGE('',*,*,#1828,.F.);
#2420=ORIENTED_EDGE('',*,*,#1795,.F.);
#2421=ORIENTED_EDGE('',*,*,#1829,.F.);
#2422=ORIENTED_EDGE('',*,*,#1812,.T.);
#2423=ORIENTED_EDGE('',*,*,#1776,.T.);
#2424=ORIENTED_EDGE('',*,*,#1804,.T.);
#2425=ORIENTED_EDGE('',*,*,#1830,.F.);
#2426=ORIENTED_EDGE('',*,*,#1798,.F.);
#2427=ORIENTED_EDGE('',*,*,#1766,.T.);
#2428=ORIENTED_EDGE('',*,*,#1794,.T.);
#2429=ORIENTED_EDGE('',*,*,#1831,.F.);
#2430=ORIENTED_EDGE('',*,*,#1788,.F.);
#2431=ORIENTED_EDGE('',*,*,#1832,.F.);
#2432=ORIENTED_EDGE('',*,*,#1781,.T.);
#2433=ORIENTED_EDGE('',*,*,#1818,.T.);
#2434=ORIENTED_EDGE('',*,*,#1823,.T.);
#2435=ORIENTED_EDGE('',*,*,#1833,.T.);
#2436=ORIENTED_EDGE('',*,*,#1834,.T.);
#2437=ORIENTED_EDGE('',*,*,#1833,.F.);
#2438=ORIENTED_EDGE('',*,*,#1824,.T.);
#2439=ORIENTED_EDGE('',*,*,#1816,.T.);
#2440=ORIENTED_EDGE('',*,*,#1835,.F.);
#2441=ORIENTED_EDGE('',*,*,#1782,.T.);
#2442=ORIENTED_EDGE('',*,*,#1832,.T.);
#2443=ORIENTED_EDGE('',*,*,#1780,.T.);
#2444=ORIENTED_EDGE('',*,*,#1836,.F.);
#2445=ORIENTED_EDGE('',*,*,#1792,.T.);
#2446=ORIENTED_EDGE('',*,*,#1821,.T.);
#2447=ORIENTED_EDGE('',*,*,#1790,.T.);
#2448=ORIENTED_EDGE('',*,*,#1837,.F.);
#2449=ORIENTED_EDGE('',*,*,#1802,.T.);
#2450=ORIENTED_EDGE('',*,*,#1820,.T.);
#2451=ORIENTED_EDGE('',*,*,#1800,.T.);
#2452=ORIENTED_EDGE('',*,*,#1838,.F.);
#2453=ORIENTED_EDGE('',*,*,#1813,.T.);
#2454=ORIENTED_EDGE('',*,*,#1829,.T.);
#2455=ORIENTED_EDGE('',*,*,#1811,.T.);
#2456=ORIENTED_EDGE('',*,*,#1839,.F.);
#2457=ORIENTED_EDGE('',*,*,#1827,.T.);
#2458=ORIENTED_EDGE('',*,*,#1808,.T.);
#2459=ORIENTED_EDGE('',*,*,#1826,.T.);
#2460=ORIENTED_EDGE('',*,*,#1840,.F.);
#2461=ORIENTED_EDGE('',*,*,#1779,.T.);
#2462=ORIENTED_EDGE('',*,*,#1793,.T.);
#2463=ORIENTED_EDGE('',*,*,#1836,.T.);
#2464=ORIENTED_EDGE('',*,*,#1789,.T.);
#2465=ORIENTED_EDGE('',*,*,#1803,.T.);
#2466=ORIENTED_EDGE('',*,*,#1837,.T.);
#2467=ORIENTED_EDGE('',*,*,#1783,.T.);
#2468=ORIENTED_EDGE('',*,*,#1835,.T.);
#2469=ORIENTED_EDGE('',*,*,#1815,.T.);
#2470=ORIENTED_EDGE('',*,*,#1828,.T.);
#2471=ORIENTED_EDGE('',*,*,#1839,.T.);
#2472=ORIENTED_EDGE('',*,*,#1810,.T.);
#2473=ORIENTED_EDGE('',*,*,#1814,.T.);
#2474=ORIENTED_EDGE('',*,*,#1838,.T.);
#2475=ORIENTED_EDGE('',*,*,#1799,.T.);
#2476=ORIENTED_EDGE('',*,*,#1819,.T.);
#2477=ORIENTED_EDGE('',*,*,#1840,.T.);
#2478=ORIENTED_EDGE('',*,*,#1825,.T.);
#2479=ORIENTED_EDGE('',*,*,#1841,.F.);
#2480=ORIENTED_EDGE('',*,*,#1842,.F.);
#2481=ORIENTED_EDGE('',*,*,#1842,.T.);
#2482=ORIENTED_EDGE('',*,*,#1843,.T.);
#2483=ORIENTED_EDGE('',*,*,#1844,.F.);
#2484=ORIENTED_EDGE('',*,*,#1845,.F.);
#2485=ORIENTED_EDGE('',*,*,#1841,.T.);
#2486=ORIENTED_EDGE('',*,*,#1845,.T.);
#2487=ORIENTED_EDGE('',*,*,#1846,.T.);
#2488=ORIENTED_EDGE('',*,*,#1753,.F.);
#2489=ORIENTED_EDGE('',*,*,#1847,.F.);
#2490=ORIENTED_EDGE('',*,*,#1843,.F.);
#2491=ORIENTED_EDGE('',*,*,#1741,.T.);
#2492=ORIENTED_EDGE('',*,*,#1848,.T.);
#2493=ORIENTED_EDGE('',*,*,#1746,.F.);
#2494=ORIENTED_EDGE('',*,*,#1762,.T.);
#2495=ORIENTED_EDGE('',*,*,#1743,.T.);
#2496=ORIENTED_EDGE('',*,*,#1761,.T.);
#2497=ORIENTED_EDGE('',*,*,#1849,.T.);
#2498=ORIENTED_EDGE('',*,*,#1750,.T.);
#2499=ORIENTED_EDGE('',*,*,#1760,.T.);
#2500=ORIENTED_EDGE('',*,*,#1850,.T.);
#2501=ORIENTED_EDGE('',*,*,#1751,.T.);
#2502=ORIENTED_EDGE('',*,*,#1849,.F.);
#2503=ORIENTED_EDGE('',*,*,#1730,.T.);
#2504=ORIENTED_EDGE('',*,*,#1752,.T.);
#2505=ORIENTED_EDGE('',*,*,#1850,.F.);
#2506=ORIENTED_EDGE('',*,*,#1759,.T.);
#2507=ORIENTED_EDGE('',*,*,#1740,.T.);
#2508=ORIENTED_EDGE('',*,*,#1747,.F.);
#2509=ORIENTED_EDGE('',*,*,#1848,.F.);
#2510=ORIENTED_EDGE('',*,*,#1851,.F.);
#2511=ORIENTED_EDGE('',*,*,#1852,.T.);
#2512=ORIENTED_EDGE('',*,*,#1754,.T.);
#2513=ORIENTED_EDGE('',*,*,#1846,.F.);
#2514=ORIENTED_EDGE('',*,*,#1853,.F.);
#2515=ORIENTED_EDGE('',*,*,#1854,.F.);
#2516=ORIENTED_EDGE('',*,*,#1855,.F.);
#2517=ORIENTED_EDGE('',*,*,#1856,.F.);
#2518=ORIENTED_EDGE('',*,*,#1857,.F.);
#2519=ORIENTED_EDGE('',*,*,#1847,.T.);
#2520=ORIENTED_EDGE('',*,*,#1758,.T.);
#2521=ORIENTED_EDGE('',*,*,#1858,.F.);
#2522=ORIENTED_EDGE('',*,*,#1859,.F.);
#2523=ORIENTED_EDGE('',*,*,#1860,.F.);
#2524=ORIENTED_EDGE('',*,*,#1861,.F.);
#2525=ORIENTED_EDGE('',*,*,#1862,.F.);
#2526=ORIENTED_EDGE('',*,*,#1863,.F.);
#2527=ORIENTED_EDGE('',*,*,#1858,.T.);
#2528=ORIENTED_EDGE('',*,*,#1757,.T.);
#2529=ORIENTED_EDGE('',*,*,#1864,.F.);
#2530=ORIENTED_EDGE('',*,*,#1865,.F.);
#2531=ORIENTED_EDGE('',*,*,#1866,.F.);
#2532=ORIENTED_EDGE('',*,*,#1867,.F.);
#2533=ORIENTED_EDGE('',*,*,#1868,.F.);
#2534=ORIENTED_EDGE('',*,*,#1869,.F.);
#2535=ORIENTED_EDGE('',*,*,#1870,.F.);
#2536=ORIENTED_EDGE('',*,*,#1871,.F.);
#2537=ORIENTED_EDGE('',*,*,#1872,.F.);
#2538=ORIENTED_EDGE('',*,*,#1873,.F.);
#2539=ORIENTED_EDGE('',*,*,#1874,.T.);
#2540=ORIENTED_EDGE('',*,*,#1755,.T.);
#2541=ORIENTED_EDGE('',*,*,#1852,.F.);
#2542=ORIENTED_EDGE('',*,*,#1875,.F.);
#2543=ORIENTED_EDGE('',*,*,#1876,.F.);
#2544=ORIENTED_EDGE('',*,*,#1877,.F.);
#2545=ORIENTED_EDGE('',*,*,#1878,.F.);
#2546=ORIENTED_EDGE('',*,*,#1879,.F.);
#2547=ORIENTED_EDGE('',*,*,#1864,.T.);
#2548=ORIENTED_EDGE('',*,*,#1756,.T.);
#2549=ORIENTED_EDGE('',*,*,#1874,.F.);
#2550=ORIENTED_EDGE('',*,*,#1868,.T.);
#2551=ORIENTED_EDGE('',*,*,#1880,.F.);
#2552=ORIENTED_EDGE('',*,*,#1866,.T.);
#2553=ORIENTED_EDGE('',*,*,#1881,.F.);
#2554=ORIENTED_EDGE('',*,*,#1876,.T.);
#2555=ORIENTED_EDGE('',*,*,#1882,.F.);
#2556=ORIENTED_EDGE('',*,*,#1878,.T.);
#2557=ORIENTED_EDGE('',*,*,#1883,.F.);
#2558=ORIENTED_EDGE('',*,*,#1862,.T.);
#2559=ORIENTED_EDGE('',*,*,#1884,.F.);
#2560=ORIENTED_EDGE('',*,*,#1860,.T.);
#2561=ORIENTED_EDGE('',*,*,#1885,.F.);
#2562=ORIENTED_EDGE('',*,*,#1870,.T.);
#2563=ORIENTED_EDGE('',*,*,#1886,.F.);
#2564=ORIENTED_EDGE('',*,*,#1872,.T.);
#2565=ORIENTED_EDGE('',*,*,#1887,.F.);
#2566=ORIENTED_EDGE('',*,*,#1856,.T.);
#2567=ORIENTED_EDGE('',*,*,#1888,.F.);
#2568=ORIENTED_EDGE('',*,*,#1854,.T.);
#2569=ORIENTED_EDGE('',*,*,#1889,.F.);
#2570=ORIENTED_EDGE('',*,*,#1861,.T.);
#2571=ORIENTED_EDGE('',*,*,#1884,.T.);
#2572=ORIENTED_EDGE('',*,*,#1867,.T.);
#2573=ORIENTED_EDGE('',*,*,#1880,.T.);
#2574=ORIENTED_EDGE('',*,*,#1877,.T.);
#2575=ORIENTED_EDGE('',*,*,#1883,.T.);
#2576=ORIENTED_EDGE('',*,*,#1871,.T.);
#2577=ORIENTED_EDGE('',*,*,#1887,.T.);
#2578=ORIENTED_EDGE('',*,*,#1855,.T.);
#2579=ORIENTED_EDGE('',*,*,#1888,.T.);
#2580=ORIENTED_EDGE('',*,*,#1890,.T.);
#2581=ORIENTED_EDGE('',*,*,#1891,.T.);
#2582=ORIENTED_EDGE('',*,*,#1892,.T.);
#2583=ORIENTED_EDGE('',*,*,#1893,.T.);
#2584=ORIENTED_EDGE('',*,*,#1894,.T.);
#2585=ORIENTED_EDGE('',*,*,#1895,.T.);
#2586=ORIENTED_EDGE('',*,*,#1896,.F.);
#2587=ORIENTED_EDGE('',*,*,#1897,.F.);
#2588=ORIENTED_EDGE('',*,*,#1898,.T.);
#2589=ORIENTED_EDGE('',*,*,#1899,.F.);
#2590=ORIENTED_EDGE('',*,*,#1900,.F.);
#2591=ORIENTED_EDGE('',*,*,#1901,.F.);
#2592=ORIENTED_EDGE('',*,*,#1902,.F.);
#2593=ORIENTED_EDGE('',*,*,#1903,.T.);
#2594=ORIENTED_EDGE('',*,*,#1904,.T.);
#2595=ORIENTED_EDGE('',*,*,#1905,.F.);
#2596=ORIENTED_EDGE('',*,*,#1906,.T.);
#2597=ORIENTED_EDGE('',*,*,#1907,.F.);
#2598=ORIENTED_EDGE('',*,*,#1908,.F.);
#2599=ORIENTED_EDGE('',*,*,#1909,.F.);
#2600=ORIENTED_EDGE('',*,*,#1910,.F.);
#2601=ORIENTED_EDGE('',*,*,#1911,.T.);
#2602=ORIENTED_EDGE('',*,*,#1912,.F.);
#2603=ORIENTED_EDGE('',*,*,#1726,.T.);
#2604=ORIENTED_EDGE('',*,*,#1822,.T.);
#2605=ORIENTED_EDGE('',*,*,#1786,.T.);
#2606=ORIENTED_EDGE('',*,*,#1796,.T.);
#2607=ORIENTED_EDGE('',*,*,#1806,.T.);
#2608=ORIENTED_EDGE('',*,*,#1830,.T.);
#2609=ORIENTED_EDGE('',*,*,#1831,.T.);
#2610=ORIENTED_EDGE('',*,*,#1851,.T.);
#2611=ORIENTED_EDGE('',*,*,#1889,.T.);
#2612=ORIENTED_EDGE('',*,*,#1853,.T.);
#2613=ORIENTED_EDGE('',*,*,#1844,.T.);
#2614=ORIENTED_EDGE('',*,*,#1857,.T.);
#2615=ORIENTED_EDGE('',*,*,#1885,.T.);
#2616=ORIENTED_EDGE('',*,*,#1859,.T.);
#2617=ORIENTED_EDGE('',*,*,#1863,.T.);
#2618=ORIENTED_EDGE('',*,*,#1881,.T.);
#2619=ORIENTED_EDGE('',*,*,#1865,.T.);
#2620=ORIENTED_EDGE('',*,*,#1879,.T.);
#2621=ORIENTED_EDGE('',*,*,#1882,.T.);
#2622=ORIENTED_EDGE('',*,*,#1875,.T.);
#2623=ORIENTED_EDGE('',*,*,#1873,.T.);
#2624=ORIENTED_EDGE('',*,*,#1886,.T.);
#2625=ORIENTED_EDGE('',*,*,#1869,.T.);
#2626=ORIENTED_EDGE('',*,*,#1913,.T.);
#2627=ORIENTED_EDGE('',*,*,#1914,.T.);
#2628=ORIENTED_EDGE('',*,*,#1915,.T.);
#2629=ORIENTED_EDGE('',*,*,#1916,.T.);
#2630=ORIENTED_EDGE('',*,*,#1917,.T.);
#2631=ORIENTED_EDGE('',*,*,#1918,.T.);
#2632=ORIENTED_EDGE('',*,*,#1919,.T.);
#2633=ORIENTED_EDGE('',*,*,#1920,.T.);
#2634=ORIENTED_EDGE('',*,*,#1921,.T.);
#2635=ORIENTED_EDGE('',*,*,#1834,.F.);
#2636=ORIENTED_EDGE('',*,*,#1763,.T.);
#2637=ORIENTED_EDGE('',*,*,#1922,.F.);
#2638=ORIENTED_EDGE('',*,*,#1923,.F.);
#2639=ORIENTED_EDGE('',*,*,#1924,.F.);
#2640=ORIENTED_EDGE('',*,*,#1925,.F.);
#2641=ORIENTED_EDGE('',*,*,#1926,.T.);
#2642=ORIENTED_EDGE('',*,*,#1927,.F.);
#2643=ORIENTED_EDGE('',*,*,#1928,.F.);
#2644=ORIENTED_EDGE('',*,*,#1929,.F.);
#2645=ORIENTED_EDGE('',*,*,#1930,.F.);
#2646=ORIENTED_EDGE('',*,*,#1931,.F.);
#2647=ORIENTED_EDGE('',*,*,#1921,.F.);
#2648=ORIENTED_EDGE('',*,*,#1932,.T.);
#2649=ORIENTED_EDGE('',*,*,#1933,.T.);
#2650=ORIENTED_EDGE('',*,*,#1934,.F.);
#2651=ORIENTED_EDGE('',*,*,#1917,.F.);
#2652=ORIENTED_EDGE('',*,*,#1935,.T.);
#2653=ORIENTED_EDGE('',*,*,#1936,.T.);
#2654=ORIENTED_EDGE('',*,*,#1937,.F.);
#2655=ORIENTED_EDGE('',*,*,#1938,.F.);
#2656=ORIENTED_EDGE('',*,*,#1939,.T.);
#2657=ORIENTED_EDGE('',*,*,#1940,.T.);
#2658=ORIENTED_EDGE('',*,*,#1939,.F.);
#2659=ORIENTED_EDGE('',*,*,#1941,.F.);
#2660=ORIENTED_EDGE('',*,*,#1942,.T.);
#2661=ORIENTED_EDGE('',*,*,#1943,.T.);
#2662=ORIENTED_EDGE('',*,*,#1942,.F.);
#2663=ORIENTED_EDGE('',*,*,#1944,.F.);
#2664=ORIENTED_EDGE('',*,*,#1945,.T.);
#2665=ORIENTED_EDGE('',*,*,#1946,.T.);
#2666=ORIENTED_EDGE('',*,*,#1947,.T.);
#2667=ORIENTED_EDGE('',*,*,#1948,.T.);
#2668=ORIENTED_EDGE('',*,*,#1949,.T.);
#2669=ORIENTED_EDGE('',*,*,#1950,.T.);
#2670=ORIENTED_EDGE('',*,*,#1951,.F.);
#2671=ORIENTED_EDGE('',*,*,#1952,.T.);
#2672=ORIENTED_EDGE('',*,*,#1953,.F.);
#2673=ORIENTED_EDGE('',*,*,#1954,.T.);
#2674=ORIENTED_EDGE('',*,*,#1955,.F.);
#2675=ORIENTED_EDGE('',*,*,#1956,.F.);
#2676=ORIENTED_EDGE('',*,*,#1957,.T.);
#2677=ORIENTED_EDGE('',*,*,#1958,.F.);
#2678=ORIENTED_EDGE('',*,*,#1959,.F.);
#2679=ORIENTED_EDGE('',*,*,#1960,.F.);
#2680=ORIENTED_EDGE('',*,*,#1961,.T.);
#2681=ORIENTED_EDGE('',*,*,#1962,.T.);
#2682=ORIENTED_EDGE('',*,*,#1963,.T.);
#2683=ORIENTED_EDGE('',*,*,#1964,.F.);
#2684=ORIENTED_EDGE('',*,*,#1965,.F.);
#2685=ORIENTED_EDGE('',*,*,#1966,.T.);
#2686=ORIENTED_EDGE('',*,*,#1910,.T.);
#2687=ORIENTED_EDGE('',*,*,#1967,.F.);
#2688=ORIENTED_EDGE('',*,*,#1968,.T.);
#2689=ORIENTED_EDGE('',*,*,#1969,.T.);
#2690=ORIENTED_EDGE('',*,*,#1900,.T.);
#2691=ORIENTED_EDGE('',*,*,#1970,.T.);
#2692=ORIENTED_EDGE('',*,*,#1971,.F.);
#2693=ORIENTED_EDGE('',*,*,#1972,.T.);
#2694=ORIENTED_EDGE('',*,*,#1973,.F.);
#2695=ORIENTED_EDGE('',*,*,#1974,.F.);
#2696=ORIENTED_EDGE('',*,*,#1975,.F.);
#2697=ORIENTED_EDGE('',*,*,#1970,.F.);
#2698=ORIENTED_EDGE('',*,*,#1899,.T.);
#2699=ORIENTED_EDGE('',*,*,#1976,.F.);
#2700=ORIENTED_EDGE('',*,*,#1977,.T.);
#2701=ORIENTED_EDGE('',*,*,#1978,.T.);
#2702=ORIENTED_EDGE('',*,*,#1976,.T.);
#2703=ORIENTED_EDGE('',*,*,#1898,.F.);
#2704=ORIENTED_EDGE('',*,*,#1979,.F.);
#2705=ORIENTED_EDGE('',*,*,#1980,.T.);
#2706=ORIENTED_EDGE('',*,*,#1981,.T.);
#2707=ORIENTED_EDGE('',*,*,#1982,.T.);
#2708=ORIENTED_EDGE('',*,*,#1983,.T.);
#2709=ORIENTED_EDGE('',*,*,#1984,.T.);
#2710=ORIENTED_EDGE('',*,*,#1985,.T.);
#2711=ORIENTED_EDGE('',*,*,#1986,.F.);
#2712=ORIENTED_EDGE('',*,*,#1987,.F.);
#2713=ORIENTED_EDGE('',*,*,#1988,.T.);
#2714=ORIENTED_EDGE('',*,*,#1989,.T.);
#2715=ORIENTED_EDGE('',*,*,#1990,.T.);
#2716=ORIENTED_EDGE('',*,*,#1913,.F.);
#2717=ORIENTED_EDGE('',*,*,#1990,.F.);
#2718=ORIENTED_EDGE('',*,*,#1991,.F.);
#2719=ORIENTED_EDGE('',*,*,#1974,.T.);
#2720=ORIENTED_EDGE('',*,*,#1992,.T.);
#2721=ORIENTED_EDGE('',*,*,#1993,.T.);
#2722=ORIENTED_EDGE('',*,*,#1994,.T.);
#2723=ORIENTED_EDGE('',*,*,#1995,.T.);
#2724=ORIENTED_EDGE('',*,*,#1996,.F.);
#2725=ORIENTED_EDGE('',*,*,#1997,.T.);
#2726=ORIENTED_EDGE('',*,*,#1998,.T.);
#2727=ORIENTED_EDGE('',*,*,#1972,.F.);
#2728=ORIENTED_EDGE('',*,*,#1999,.F.);
#2729=ORIENTED_EDGE('',*,*,#2000,.T.);
#2730=ORIENTED_EDGE('',*,*,#2001,.T.);
#2731=ORIENTED_EDGE('',*,*,#1929,.T.);
#2732=ORIENTED_EDGE('',*,*,#2002,.T.);
#2733=ORIENTED_EDGE('',*,*,#1988,.F.);
#2734=ORIENTED_EDGE('',*,*,#2003,.F.);
#2735=ORIENTED_EDGE('',*,*,#2004,.T.);
#2736=ORIENTED_EDGE('',*,*,#2005,.F.);
#2737=ORIENTED_EDGE('',*,*,#2006,.F.);
#2738=ORIENTED_EDGE('',*,*,#2007,.F.);
#2739=ORIENTED_EDGE('',*,*,#2008,.T.);
#2740=ORIENTED_EDGE('',*,*,#2009,.T.);
#2741=ORIENTED_EDGE('',*,*,#2010,.T.);
#2742=ORIENTED_EDGE('',*,*,#2011,.T.);
#2743=ORIENTED_EDGE('',*,*,#2012,.T.);
#2744=ORIENTED_EDGE('',*,*,#2013,.T.);
#2745=ORIENTED_EDGE('',*,*,#2014,.T.);
#2746=ORIENTED_EDGE('',*,*,#1925,.T.);
#2747=ORIENTED_EDGE('',*,*,#2015,.T.);
#2748=ORIENTED_EDGE('',*,*,#2016,.F.);
#2749=ORIENTED_EDGE('',*,*,#2017,.T.);
#2750=ORIENTED_EDGE('',*,*,#2018,.T.);
#2751=ORIENTED_EDGE('',*,*,#2019,.T.);
#2752=ORIENTED_EDGE('',*,*,#2020,.T.);
#2753=ORIENTED_EDGE('',*,*,#2021,.T.);
#2754=ORIENTED_EDGE('',*,*,#2022,.T.);
#2755=ORIENTED_EDGE('',*,*,#2023,.T.);
#2756=ORIENTED_EDGE('',*,*,#2024,.F.);
#2757=ORIENTED_EDGE('',*,*,#2025,.T.);
#2758=ORIENTED_EDGE('',*,*,#2026,.T.);
#2759=ORIENTED_EDGE('',*,*,#2027,.F.);
#2760=ORIENTED_EDGE('',*,*,#2028,.F.);
#2761=ORIENTED_EDGE('',*,*,#2029,.T.);
#2762=ORIENTED_EDGE('',*,*,#2030,.F.);
#2763=ORIENTED_EDGE('',*,*,#1984,.F.);
#2764=ORIENTED_EDGE('',*,*,#2031,.F.);
#2765=ORIENTED_EDGE('',*,*,#2032,.T.);
#2766=ORIENTED_EDGE('',*,*,#2033,.F.);
#2767=ORIENTED_EDGE('',*,*,#2034,.T.);
#2768=ORIENTED_EDGE('',*,*,#2035,.F.);
#2769=ORIENTED_EDGE('',*,*,#2036,.F.);
#2770=ORIENTED_EDGE('',*,*,#2037,.F.);
#2771=ORIENTED_EDGE('',*,*,#2038,.F.);
#2772=ORIENTED_EDGE('',*,*,#2039,.T.);
#2773=ORIENTED_EDGE('',*,*,#2040,.T.);
#2774=ORIENTED_EDGE('',*,*,#1956,.T.);
#2775=ORIENTED_EDGE('',*,*,#2041,.F.);
#2776=ORIENTED_EDGE('',*,*,#2042,.F.);
#2777=ORIENTED_EDGE('',*,*,#1930,.T.);
#2778=ORIENTED_EDGE('',*,*,#2001,.F.);
#2779=ORIENTED_EDGE('',*,*,#2043,.T.);
#2780=ORIENTED_EDGE('',*,*,#1912,.T.);
#2781=ORIENTED_EDGE('',*,*,#2044,.T.);
#2782=ORIENTED_EDGE('',*,*,#2045,.T.);
#2783=ORIENTED_EDGE('',*,*,#2000,.F.);
#2784=ORIENTED_EDGE('',*,*,#2046,.F.);
#2785=ORIENTED_EDGE('',*,*,#2047,.T.);
#2786=ORIENTED_EDGE('',*,*,#2048,.T.);
#2787=ORIENTED_EDGE('',*,*,#2021,.F.);
#2788=ORIENTED_EDGE('',*,*,#2049,.T.);
#2789=ORIENTED_EDGE('',*,*,#1902,.T.);
#2790=ORIENTED_EDGE('',*,*,#2050,.F.);
#2791=ORIENTED_EDGE('',*,*,#2051,.T.);
#2792=ORIENTED_EDGE('',*,*,#2052,.T.);
#2793=ORIENTED_EDGE('',*,*,#2053,.T.);
#2794=ORIENTED_EDGE('',*,*,#2054,.T.);
#2795=ORIENTED_EDGE('',*,*,#1959,.T.);
#2796=ORIENTED_EDGE('',*,*,#2055,.F.);
#2797=ORIENTED_EDGE('',*,*,#2056,.T.);
#2798=ORIENTED_EDGE('',*,*,#2038,.T.);
#2799=ORIENTED_EDGE('',*,*,#2057,.T.);
#2800=ORIENTED_EDGE('',*,*,#2058,.F.);
#2801=ORIENTED_EDGE('',*,*,#2059,.F.);
#2802=ORIENTED_EDGE('',*,*,#2060,.T.);
#2803=ORIENTED_EDGE('',*,*,#2061,.T.);
#2804=ORIENTED_EDGE('',*,*,#2062,.T.);
#2805=ORIENTED_EDGE('',*,*,#2063,.T.);
#2806=ORIENTED_EDGE('',*,*,#2064,.T.);
#2807=ORIENTED_EDGE('',*,*,#2065,.T.);
#2808=ORIENTED_EDGE('',*,*,#1986,.T.);
#2809=ORIENTED_EDGE('',*,*,#2066,.T.);
#2810=ORIENTED_EDGE('',*,*,#2067,.T.);
#2811=ORIENTED_EDGE('',*,*,#2068,.T.);
#2812=ORIENTED_EDGE('',*,*,#2069,.T.);
#2813=ORIENTED_EDGE('',*,*,#2070,.T.);
#2814=ORIENTED_EDGE('',*,*,#2071,.F.);
#2815=ORIENTED_EDGE('',*,*,#2072,.F.);
#2816=ORIENTED_EDGE('',*,*,#2073,.F.);
#2817=ORIENTED_EDGE('',*,*,#1933,.F.);
#2818=ORIENTED_EDGE('',*,*,#2074,.F.);
#2819=ORIENTED_EDGE('',*,*,#2075,.F.);
#2820=ORIENTED_EDGE('',*,*,#2076,.F.);
#2821=ORIENTED_EDGE('',*,*,#1936,.F.);
#2822=ORIENTED_EDGE('',*,*,#2077,.F.);
#2823=ORIENTED_EDGE('',*,*,#1989,.F.);
#2824=ORIENTED_EDGE('',*,*,#1892,.F.);
#2825=ORIENTED_EDGE('',*,*,#2078,.T.);
#2826=ORIENTED_EDGE('',*,*,#2011,.F.);
#2827=ORIENTED_EDGE('',*,*,#2079,.T.);
#2828=ORIENTED_EDGE('',*,*,#2013,.F.);
#2829=ORIENTED_EDGE('',*,*,#2080,.T.);
#2830=ORIENTED_EDGE('',*,*,#1890,.F.);
#2831=ORIENTED_EDGE('',*,*,#2043,.F.);
#2832=ORIENTED_EDGE('',*,*,#2015,.F.);
#2833=ORIENTED_EDGE('',*,*,#1924,.T.);
#2834=ORIENTED_EDGE('',*,*,#2081,.T.);
#2835=ORIENTED_EDGE('',*,*,#1908,.T.);
#2836=ORIENTED_EDGE('',*,*,#2082,.F.);
#2837=ORIENTED_EDGE('',*,*,#1907,.T.);
#2838=ORIENTED_EDGE('',*,*,#2083,.T.);
#2839=ORIENTED_EDGE('',*,*,#2016,.T.);
#2840=ORIENTED_EDGE('',*,*,#2082,.T.);
#2841=ORIENTED_EDGE('',*,*,#1905,.T.);
#2842=ORIENTED_EDGE('',*,*,#2084,.T.);
#2843=ORIENTED_EDGE('',*,*,#2018,.F.);
#2844=ORIENTED_EDGE('',*,*,#2085,.T.);
#2845=ORIENTED_EDGE('',*,*,#2020,.F.);
#2846=ORIENTED_EDGE('',*,*,#2086,.T.);
#2847=ORIENTED_EDGE('',*,*,#1903,.F.);
#2848=ORIENTED_EDGE('',*,*,#2049,.F.);
#2849=ORIENTED_EDGE('',*,*,#2087,.F.);
#2850=ORIENTED_EDGE('',*,*,#2088,.F.);
#2851=ORIENTED_EDGE('',*,*,#2058,.T.);
#2852=ORIENTED_EDGE('',*,*,#2089,.T.);
#2853=ORIENTED_EDGE('',*,*,#2090,.T.);
#2854=ORIENTED_EDGE('',*,*,#2034,.F.);
#2855=ORIENTED_EDGE('',*,*,#2091,.T.);
#2856=ORIENTED_EDGE('',*,*,#1894,.F.);
#2857=ORIENTED_EDGE('',*,*,#2092,.F.);
#2858=ORIENTED_EDGE('',*,*,#2009,.F.);
#2859=ORIENTED_EDGE('',*,*,#1893,.F.);
#2860=ORIENTED_EDGE('',*,*,#2079,.F.);
#2861=ORIENTED_EDGE('',*,*,#2010,.F.);
#2862=ORIENTED_EDGE('',*,*,#2092,.T.);
#2863=ORIENTED_EDGE('',*,*,#2055,.T.);
#2864=ORIENTED_EDGE('',*,*,#1958,.T.);
#2865=ORIENTED_EDGE('',*,*,#2093,.T.);
#2866=ORIENTED_EDGE('',*,*,#2094,.T.);
#2867=ORIENTED_EDGE('',*,*,#2056,.F.);
#2868=ORIENTED_EDGE('',*,*,#2094,.F.);
#2869=ORIENTED_EDGE('',*,*,#1953,.T.);
#2870=ORIENTED_EDGE('',*,*,#2095,.T.);
#2871=ORIENTED_EDGE('',*,*,#2031,.T.);
#2872=ORIENTED_EDGE('',*,*,#2096,.T.);
#2873=ORIENTED_EDGE('',*,*,#2036,.T.);
#2874=ORIENTED_EDGE('',*,*,#2097,.T.);
#2875=ORIENTED_EDGE('',*,*,#2098,.T.);
#2876=ORIENTED_EDGE('',*,*,#2060,.F.);
#2877=ORIENTED_EDGE('',*,*,#2061,.F.);
#2878=ORIENTED_EDGE('',*,*,#2098,.F.);
#2879=ORIENTED_EDGE('',*,*,#2099,.F.);
#2880=ORIENTED_EDGE('',*,*,#2007,.T.);
#2881=ORIENTED_EDGE('',*,*,#2100,.T.);
#2882=ORIENTED_EDGE('',*,*,#2062,.F.);
#2883=ORIENTED_EDGE('',*,*,#2100,.F.);
#2884=ORIENTED_EDGE('',*,*,#2006,.T.);
#2885=ORIENTED_EDGE('',*,*,#2101,.T.);
#2886=ORIENTED_EDGE('',*,*,#2005,.T.);
#2887=ORIENTED_EDGE('',*,*,#2102,.T.);
#2888=ORIENTED_EDGE('',*,*,#2063,.F.);
#2889=ORIENTED_EDGE('',*,*,#2101,.F.);
#2890=ORIENTED_EDGE('',*,*,#2065,.F.);
#2891=ORIENTED_EDGE('',*,*,#2103,.T.);
#2892=ORIENTED_EDGE('',*,*,#2003,.T.);
#2893=ORIENTED_EDGE('',*,*,#1987,.T.);
#2894=ORIENTED_EDGE('',*,*,#2030,.T.);
#2895=ORIENTED_EDGE('',*,*,#2104,.T.);
#2896=ORIENTED_EDGE('',*,*,#2066,.F.);
#2897=ORIENTED_EDGE('',*,*,#1985,.F.);
#2898=ORIENTED_EDGE('',*,*,#2068,.F.);
#2899=ORIENTED_EDGE('',*,*,#2105,.T.);
#2900=ORIENTED_EDGE('',*,*,#2028,.T.);
#2901=ORIENTED_EDGE('',*,*,#2106,.T.);
#2902=ORIENTED_EDGE('',*,*,#2027,.T.);
#2903=ORIENTED_EDGE('',*,*,#2107,.T.);
#2904=ORIENTED_EDGE('',*,*,#2069,.F.);
#2905=ORIENTED_EDGE('',*,*,#2106,.F.);
#2906=ORIENTED_EDGE('',*,*,#2071,.T.);
#2907=ORIENTED_EDGE('',*,*,#2108,.T.);
#2908=ORIENTED_EDGE('',*,*,#2025,.F.);
#2909=ORIENTED_EDGE('',*,*,#2109,.T.);
#2910=ORIENTED_EDGE('',*,*,#2110,.T.);
#2911=ORIENTED_EDGE('',*,*,#2111,.T.);
#2912=ORIENTED_EDGE('',*,*,#1960,.T.);
#2913=ORIENTED_EDGE('',*,*,#2054,.F.);
#2914=ORIENTED_EDGE('',*,*,#2109,.F.);
#2915=ORIENTED_EDGE('',*,*,#2024,.T.);
#2916=ORIENTED_EDGE('',*,*,#2112,.T.);
#2917=ORIENTED_EDGE('',*,*,#2041,.T.);
#2918=ORIENTED_EDGE('',*,*,#1964,.T.);
#2919=ORIENTED_EDGE('',*,*,#2113,.T.);
#2920=ORIENTED_EDGE('',*,*,#2114,.T.);
#2921=ORIENTED_EDGE('',*,*,#2115,.T.);
#2922=ORIENTED_EDGE('',*,*,#2116,.T.);
#2923=ORIENTED_EDGE('',*,*,#2117,.T.);
#2924=ORIENTED_EDGE('',*,*,#2118,.T.);
#2925=ORIENTED_EDGE('',*,*,#2119,.T.);
#2926=ORIENTED_EDGE('',*,*,#2120,.T.);
#2927=ORIENTED_EDGE('',*,*,#2121,.T.);
#2928=ORIENTED_EDGE('',*,*,#2091,.F.);
#2929=ORIENTED_EDGE('',*,*,#2033,.T.);
#2930=ORIENTED_EDGE('',*,*,#2122,.T.);
#2931=ORIENTED_EDGE('',*,*,#2123,.T.);
#2932=ORIENTED_EDGE('',*,*,#1895,.F.);
#2933=ORIENTED_EDGE('',*,*,#2123,.F.);
#2934=ORIENTED_EDGE('',*,*,#2124,.F.);
#2935=ORIENTED_EDGE('',*,*,#2125,.F.);
#2936=ORIENTED_EDGE('',*,*,#2126,.T.);
#2937=ORIENTED_EDGE('',*,*,#1896,.T.);
#2938=ORIENTED_EDGE('',*,*,#1996,.T.);
#2939=ORIENTED_EDGE('',*,*,#2127,.T.);
#2940=ORIENTED_EDGE('',*,*,#2128,.T.);
#2941=ORIENTED_EDGE('',*,*,#2129,.T.);
#2942=ORIENTED_EDGE('',*,*,#1979,.T.);
#2943=ORIENTED_EDGE('',*,*,#1897,.T.);
#2944=ORIENTED_EDGE('',*,*,#2126,.F.);
#2945=ORIENTED_EDGE('',*,*,#2130,.F.);
#2946=ORIENTED_EDGE('',*,*,#1969,.F.);
#2947=ORIENTED_EDGE('',*,*,#2131,.T.);
#2948=ORIENTED_EDGE('',*,*,#2132,.T.);
#2949=ORIENTED_EDGE('',*,*,#2050,.T.);
#2950=ORIENTED_EDGE('',*,*,#1901,.T.);
#2951=ORIENTED_EDGE('',*,*,#2081,.F.);
#2952=ORIENTED_EDGE('',*,*,#1923,.T.);
#2953=ORIENTED_EDGE('',*,*,#2133,.T.);
#2954=ORIENTED_EDGE('',*,*,#2134,.F.);
#2955=ORIENTED_EDGE('',*,*,#1967,.T.);
#2956=ORIENTED_EDGE('',*,*,#1909,.T.);
#2957=ORIENTED_EDGE('',*,*,#2135,.F.);
#2958=ORIENTED_EDGE('',*,*,#2136,.T.);
#2959=ORIENTED_EDGE('',*,*,#1931,.T.);
#2960=ORIENTED_EDGE('',*,*,#2042,.T.);
#2961=ORIENTED_EDGE('',*,*,#1911,.F.);
#2962=ORIENTED_EDGE('',*,*,#1966,.F.);
#2963=ORIENTED_EDGE('',*,*,#2026,.F.);
#2964=ORIENTED_EDGE('',*,*,#2108,.F.);
#2965=ORIENTED_EDGE('',*,*,#2070,.F.);
#2966=ORIENTED_EDGE('',*,*,#2107,.F.);
#2967=ORIENTED_EDGE('',*,*,#2029,.F.);
#2968=ORIENTED_EDGE('',*,*,#2105,.F.);
#2969=ORIENTED_EDGE('',*,*,#2067,.F.);
#2970=ORIENTED_EDGE('',*,*,#2104,.F.);
#2971=ORIENTED_EDGE('',*,*,#2004,.F.);
#2972=ORIENTED_EDGE('',*,*,#2103,.F.);
#2973=ORIENTED_EDGE('',*,*,#2064,.F.);
#2974=ORIENTED_EDGE('',*,*,#2102,.F.);
#2975=ORIENTED_EDGE('',*,*,#2019,.F.);
#2976=ORIENTED_EDGE('',*,*,#2084,.F.);
#2977=ORIENTED_EDGE('',*,*,#1904,.F.);
#2978=ORIENTED_EDGE('',*,*,#2086,.F.);
#2979=ORIENTED_EDGE('',*,*,#2017,.F.);
#2980=ORIENTED_EDGE('',*,*,#2083,.F.);
#2981=ORIENTED_EDGE('',*,*,#1906,.F.);
#2982=ORIENTED_EDGE('',*,*,#2085,.F.);
#2983=ORIENTED_EDGE('',*,*,#2012,.F.);
#2984=ORIENTED_EDGE('',*,*,#2078,.F.);
#2985=ORIENTED_EDGE('',*,*,#1891,.F.);
#2986=ORIENTED_EDGE('',*,*,#2080,.F.);
#2987=ORIENTED_EDGE('',*,*,#2137,.T.);
#2988=ORIENTED_EDGE('',*,*,#2138,.T.);
#2989=ORIENTED_EDGE('',*,*,#2046,.T.);
#2990=ORIENTED_EDGE('',*,*,#1999,.T.);
#2991=ORIENTED_EDGE('',*,*,#1971,.T.);
#2992=ORIENTED_EDGE('',*,*,#1975,.T.);
#2993=ORIENTED_EDGE('',*,*,#1991,.T.);
#2994=ORIENTED_EDGE('',*,*,#2130,.T.);
#2995=ORIENTED_EDGE('',*,*,#2125,.T.);
#2996=ORIENTED_EDGE('',*,*,#2139,.T.);
#2997=ORIENTED_EDGE('',*,*,#1951,.T.);
#2998=ORIENTED_EDGE('',*,*,#1729,.T.);
#2999=ORIENTED_EDGE('',*,*,#1940,.F.);
#3000=ORIENTED_EDGE('',*,*,#2124,.T.);
#3001=ORIENTED_EDGE('',*,*,#2140,.T.);
#3002=ORIENTED_EDGE('',*,*,#1952,.F.);
#3003=ORIENTED_EDGE('',*,*,#2139,.F.);
#3004=ORIENTED_EDGE('',*,*,#1955,.T.);
#3005=ORIENTED_EDGE('',*,*,#2141,.T.);
#3006=ORIENTED_EDGE('',*,*,#2142,.T.);
#3007=ORIENTED_EDGE('',*,*,#2143,.T.);
#3008=ORIENTED_EDGE('',*,*,#2144,.T.);
#3009=ORIENTED_EDGE('',*,*,#2137,.F.);
#3010=ORIENTED_EDGE('',*,*,#2134,.T.);
#3011=ORIENTED_EDGE('',*,*,#2145,.T.);
#3012=ORIENTED_EDGE('',*,*,#1944,.T.);
#3013=ORIENTED_EDGE('',*,*,#2146,.T.);
#3014=ORIENTED_EDGE('',*,*,#2135,.T.);
#3015=ORIENTED_EDGE('',*,*,#1965,.T.);
#3016=ORIENTED_EDGE('',*,*,#1943,.F.);
#3017=ORIENTED_EDGE('',*,*,#2144,.F.);
#3018=ORIENTED_EDGE('',*,*,#2147,.T.);
#3019=ORIENTED_EDGE('',*,*,#2047,.F.);
#3020=ORIENTED_EDGE('',*,*,#2138,.F.);
#3021=ORIENTED_EDGE('',*,*,#2133,.F.);
#3022=ORIENTED_EDGE('',*,*,#1922,.T.);
#3023=ORIENTED_EDGE('',*,*,#1945,.F.);
#3024=ORIENTED_EDGE('',*,*,#2145,.F.);
#3025=ORIENTED_EDGE('',*,*,#1950,.F.);
#3026=ORIENTED_EDGE('',*,*,#1927,.T.);
#3027=ORIENTED_EDGE('',*,*,#2136,.F.);
#3028=ORIENTED_EDGE('',*,*,#2146,.F.);
#3029=ORIENTED_EDGE('',*,*,#1941,.T.);
#3030=ORIENTED_EDGE('',*,*,#1765,.T.);
#3031=ORIENTED_EDGE('',*,*,#1938,.T.);
#3032=ORIENTED_EDGE('',*,*,#1735,.T.);
#3033=ORIENTED_EDGE('',*,*,#2075,.T.);
#3034=ORIENTED_EDGE('',*,*,#2148,.F.);
#3035=ORIENTED_EDGE('',*,*,#1915,.F.);
#3036=ORIENTED_EDGE('',*,*,#2149,.T.);
#3037=ORIENTED_EDGE('',*,*,#2076,.T.);
#3038=ORIENTED_EDGE('',*,*,#2149,.F.);
#3039=ORIENTED_EDGE('',*,*,#1914,.F.);
#3040=ORIENTED_EDGE('',*,*,#1937,.T.);
#3041=ORIENTED_EDGE('',*,*,#2077,.T.);
#3042=ORIENTED_EDGE('',*,*,#1935,.F.);
#3043=ORIENTED_EDGE('',*,*,#1916,.F.);
#3044=ORIENTED_EDGE('',*,*,#2148,.T.);
#3045=ORIENTED_EDGE('',*,*,#2072,.T.);
#3046=ORIENTED_EDGE('',*,*,#2150,.F.);
#3047=ORIENTED_EDGE('',*,*,#1919,.F.);
#3048=ORIENTED_EDGE('',*,*,#2151,.T.);
#3049=ORIENTED_EDGE('',*,*,#2073,.T.);
#3050=ORIENTED_EDGE('',*,*,#2151,.F.);
#3051=ORIENTED_EDGE('',*,*,#1918,.F.);
#3052=ORIENTED_EDGE('',*,*,#1934,.T.);
#3053=ORIENTED_EDGE('',*,*,#2074,.T.);
#3054=ORIENTED_EDGE('',*,*,#1932,.F.);
#3055=ORIENTED_EDGE('',*,*,#1920,.F.);
#3056=ORIENTED_EDGE('',*,*,#2150,.T.);
#3057=ORIENTED_EDGE('',*,*,#2152,.T.);
#3058=ORIENTED_EDGE('',*,*,#2087,.T.);
#3059=ORIENTED_EDGE('',*,*,#2008,.F.);
#3060=ORIENTED_EDGE('',*,*,#2099,.T.);
#3061=ORIENTED_EDGE('',*,*,#2059,.T.);
#3062=ORIENTED_EDGE('',*,*,#2088,.T.);
#3063=ORIENTED_EDGE('',*,*,#2152,.F.);
#3064=ORIENTED_EDGE('',*,*,#2097,.F.);
#3065=ORIENTED_EDGE('',*,*,#2037,.T.);
#3066=ORIENTED_EDGE('',*,*,#2153,.T.);
#3067=ORIENTED_EDGE('',*,*,#2089,.F.);
#3068=ORIENTED_EDGE('',*,*,#2057,.F.);
#3069=ORIENTED_EDGE('',*,*,#2096,.F.);
#3070=ORIENTED_EDGE('',*,*,#2035,.T.);
#3071=ORIENTED_EDGE('',*,*,#2090,.F.);
#3072=ORIENTED_EDGE('',*,*,#2153,.F.);
#3073=ORIENTED_EDGE('',*,*,#2122,.F.);
#3074=ORIENTED_EDGE('',*,*,#2032,.F.);
#3075=ORIENTED_EDGE('',*,*,#2095,.F.);
#3076=ORIENTED_EDGE('',*,*,#2140,.F.);
#3077=ORIENTED_EDGE('',*,*,#2048,.F.);
#3078=ORIENTED_EDGE('',*,*,#2147,.F.);
#3079=ORIENTED_EDGE('',*,*,#2154,.F.);
#3080=ORIENTED_EDGE('',*,*,#2022,.F.);
#3081=ORIENTED_EDGE('',*,*,#2154,.T.);
#3082=ORIENTED_EDGE('',*,*,#2143,.F.);
#3083=ORIENTED_EDGE('',*,*,#2155,.F.);
#3084=ORIENTED_EDGE('',*,*,#2023,.F.);
#3085=ORIENTED_EDGE('',*,*,#2155,.T.);
#3086=ORIENTED_EDGE('',*,*,#2142,.F.);
#3087=ORIENTED_EDGE('',*,*,#2156,.F.);
#3088=ORIENTED_EDGE('',*,*,#2112,.F.);
#3089=ORIENTED_EDGE('',*,*,#2156,.T.);
#3090=ORIENTED_EDGE('',*,*,#2141,.F.);
#3091=ORIENTED_EDGE('',*,*,#2157,.F.);
#3092=ORIENTED_EDGE('',*,*,#2039,.F.);
#3093=ORIENTED_EDGE('',*,*,#1957,.F.);
#3094=ORIENTED_EDGE('',*,*,#2040,.F.);
#3095=ORIENTED_EDGE('',*,*,#2157,.T.);
#3096=ORIENTED_EDGE('',*,*,#1954,.F.);
#3097=ORIENTED_EDGE('',*,*,#2093,.F.);
#3098=ORIENTED_EDGE('',*,*,#1928,.T.);
#3099=ORIENTED_EDGE('',*,*,#1949,.F.);
#3100=ORIENTED_EDGE('',*,*,#2158,.F.);
#3101=ORIENTED_EDGE('',*,*,#2002,.F.);
#3102=ORIENTED_EDGE('',*,*,#2158,.T.);
#3103=ORIENTED_EDGE('',*,*,#1948,.F.);
#3104=ORIENTED_EDGE('',*,*,#1947,.F.);
#3105=ORIENTED_EDGE('',*,*,#2159,.F.);
#3106=ORIENTED_EDGE('',*,*,#1983,.F.);
#3107=ORIENTED_EDGE('',*,*,#1982,.F.);
#3108=ORIENTED_EDGE('',*,*,#2159,.T.);
#3109=ORIENTED_EDGE('',*,*,#1946,.F.);
#3110=ORIENTED_EDGE('',*,*,#1926,.F.);
#3111=ORIENTED_EDGE('',*,*,#2014,.F.);
#3112=ORIENTED_EDGE('',*,*,#2160,.T.);
#3113=ORIENTED_EDGE('',*,*,#2161,.T.);
#3114=ORIENTED_EDGE('',*,*,#2162,.F.);
#3115=ORIENTED_EDGE('',*,*,#2163,.T.);
#3116=ORIENTED_EDGE('',*,*,#2164,.F.);
#3117=ORIENTED_EDGE('',*,*,#2165,.T.);
#3118=ORIENTED_EDGE('',*,*,#2166,.T.);
#3119=ORIENTED_EDGE('',*,*,#2167,.T.);
#3120=ORIENTED_EDGE('',*,*,#2168,.T.);
#3121=ORIENTED_EDGE('',*,*,#2169,.T.);
#3122=ORIENTED_EDGE('',*,*,#2162,.T.);
#3123=ORIENTED_EDGE('',*,*,#2170,.T.);
#3124=ORIENTED_EDGE('',*,*,#2171,.F.);
#3125=ORIENTED_EDGE('',*,*,#2172,.T.);
#3126=ORIENTED_EDGE('',*,*,#2171,.T.);
#3127=ORIENTED_EDGE('',*,*,#2173,.T.);
#3128=ORIENTED_EDGE('',*,*,#2174,.F.);
#3129=ORIENTED_EDGE('',*,*,#2175,.T.);
#3130=ORIENTED_EDGE('',*,*,#2176,.F.);
#3131=ORIENTED_EDGE('',*,*,#2177,.T.);
#3132=ORIENTED_EDGE('',*,*,#2178,.T.);
#3133=ORIENTED_EDGE('',*,*,#2179,.T.);
#3134=ORIENTED_EDGE('',*,*,#2180,.T.);
#3135=ORIENTED_EDGE('',*,*,#2181,.T.);
#3136=ORIENTED_EDGE('',*,*,#2167,.F.);
#3137=ORIENTED_EDGE('',*,*,#2182,.T.);
#3138=ORIENTED_EDGE('',*,*,#2183,.T.);
#3139=ORIENTED_EDGE('',*,*,#2184,.T.);
#3140=ORIENTED_EDGE('',*,*,#2185,.F.);
#3141=ORIENTED_EDGE('',*,*,#2186,.T.);
#3142=ORIENTED_EDGE('',*,*,#2176,.T.);
#3143=ORIENTED_EDGE('',*,*,#2187,.T.);
#3144=ORIENTED_EDGE('',*,*,#1973,.T.);
#3145=ORIENTED_EDGE('',*,*,#2188,.T.);
#3146=ORIENTED_EDGE('',*,*,#2189,.F.);
#3147=ORIENTED_EDGE('',*,*,#2190,.T.);
#3148=ORIENTED_EDGE('',*,*,#2183,.F.);
#3149=ORIENTED_EDGE('',*,*,#2191,.T.);
#3150=ORIENTED_EDGE('',*,*,#2189,.T.);
#3151=ORIENTED_EDGE('',*,*,#2192,.T.);
#3152=ORIENTED_EDGE('',*,*,#2193,.T.);
#3153=ORIENTED_EDGE('',*,*,#2160,.F.);
#3154=ORIENTED_EDGE('',*,*,#2194,.T.);
#3155=ORIENTED_EDGE('',*,*,#2179,.F.);
#3156=ORIENTED_EDGE('',*,*,#2195,.T.);
#3157=ORIENTED_EDGE('',*,*,#2164,.T.);
#3158=ORIENTED_EDGE('',*,*,#2196,.T.);
#3159=ORIENTED_EDGE('',*,*,#2197,.F.);
#3160=ORIENTED_EDGE('',*,*,#2198,.T.);
#3161=ORIENTED_EDGE('',*,*,#2174,.T.);
#3162=ORIENTED_EDGE('',*,*,#2199,.T.);
#3163=ORIENTED_EDGE('',*,*,#2200,.T.);
#3164=ORIENTED_EDGE('',*,*,#2197,.T.);
#3165=ORIENTED_EDGE('',*,*,#2201,.T.);
#3166=ORIENTED_EDGE('',*,*,#1968,.F.);
#3167=ORIENTED_EDGE('',*,*,#2202,.T.);
#3168=ORIENTED_EDGE('',*,*,#2185,.T.);
#3169=ORIENTED_EDGE('',*,*,#2203,.T.);
#3170=ORIENTED_EDGE('',*,*,#2188,.F.);
#3171=ORIENTED_EDGE('',*,*,#1998,.F.);
#3172=ORIENTED_EDGE('',*,*,#2204,.F.);
#3173=ORIENTED_EDGE('',*,*,#2204,.T.);
#3174=ORIENTED_EDGE('',*,*,#1997,.F.);
#3175=ORIENTED_EDGE('',*,*,#2205,.F.);
#3176=ORIENTED_EDGE('',*,*,#2192,.F.);
#3177=ORIENTED_EDGE('',*,*,#2205,.T.);
#3178=ORIENTED_EDGE('',*,*,#2045,.F.);
#3179=ORIENTED_EDGE('',*,*,#2206,.F.);
#3180=ORIENTED_EDGE('',*,*,#2193,.F.);
#3181=ORIENTED_EDGE('',*,*,#2206,.T.);
#3182=ORIENTED_EDGE('',*,*,#2044,.F.);
#3183=ORIENTED_EDGE('',*,*,#2207,.F.);
#3184=ORIENTED_EDGE('',*,*,#2161,.F.);
#3185=ORIENTED_EDGE('',*,*,#2207,.T.);
#3186=ORIENTED_EDGE('',*,*,#2053,.F.);
#3187=ORIENTED_EDGE('',*,*,#2208,.F.);
#3188=ORIENTED_EDGE('',*,*,#2170,.F.);
#3189=ORIENTED_EDGE('',*,*,#2208,.T.);
#3190=ORIENTED_EDGE('',*,*,#2052,.F.);
#3191=ORIENTED_EDGE('',*,*,#2209,.F.);
#3192=ORIENTED_EDGE('',*,*,#2173,.F.);
#3193=ORIENTED_EDGE('',*,*,#2209,.T.);
#3194=ORIENTED_EDGE('',*,*,#2051,.F.);
#3195=ORIENTED_EDGE('',*,*,#2210,.F.);
#3196=ORIENTED_EDGE('',*,*,#2199,.F.);
#3197=ORIENTED_EDGE('',*,*,#2210,.T.);
#3198=ORIENTED_EDGE('',*,*,#2132,.F.);
#3199=ORIENTED_EDGE('',*,*,#2211,.F.);
#3200=ORIENTED_EDGE('',*,*,#2200,.F.);
#3201=ORIENTED_EDGE('',*,*,#2131,.F.);
#3202=ORIENTED_EDGE('',*,*,#2201,.F.);
#3203=ORIENTED_EDGE('',*,*,#2211,.T.);
#3204=ORIENTED_EDGE('',*,*,#2202,.F.);
#3205=ORIENTED_EDGE('',*,*,#1978,.F.);
#3206=ORIENTED_EDGE('',*,*,#1977,.F.);
#3207=ORIENTED_EDGE('',*,*,#2212,.F.);
#3208=ORIENTED_EDGE('',*,*,#2212,.T.);
#3209=ORIENTED_EDGE('',*,*,#1981,.F.);
#3210=ORIENTED_EDGE('',*,*,#2213,.F.);
#3211=ORIENTED_EDGE('',*,*,#2186,.F.);
#3212=ORIENTED_EDGE('',*,*,#2213,.T.);
#3213=ORIENTED_EDGE('',*,*,#1980,.F.);
#3214=ORIENTED_EDGE('',*,*,#2214,.F.);
#3215=ORIENTED_EDGE('',*,*,#2177,.F.);
#3216=ORIENTED_EDGE('',*,*,#2214,.T.);
#3217=ORIENTED_EDGE('',*,*,#2129,.F.);
#3218=ORIENTED_EDGE('',*,*,#2215,.F.);
#3219=ORIENTED_EDGE('',*,*,#2178,.F.);
#3220=ORIENTED_EDGE('',*,*,#2215,.T.);
#3221=ORIENTED_EDGE('',*,*,#2128,.F.);
#3222=ORIENTED_EDGE('',*,*,#2216,.F.);
#3223=ORIENTED_EDGE('',*,*,#2195,.F.);
#3224=ORIENTED_EDGE('',*,*,#2216,.T.);
#3225=ORIENTED_EDGE('',*,*,#2127,.F.);
#3226=ORIENTED_EDGE('',*,*,#2217,.F.);
#3227=ORIENTED_EDGE('',*,*,#2165,.F.);
#3228=ORIENTED_EDGE('',*,*,#2217,.T.);
#3229=ORIENTED_EDGE('',*,*,#1995,.F.);
#3230=ORIENTED_EDGE('',*,*,#2218,.F.);
#3231=ORIENTED_EDGE('',*,*,#2166,.F.);
#3232=ORIENTED_EDGE('',*,*,#2218,.T.);
#3233=ORIENTED_EDGE('',*,*,#1994,.F.);
#3234=ORIENTED_EDGE('',*,*,#2219,.F.);
#3235=ORIENTED_EDGE('',*,*,#2182,.F.);
#3236=ORIENTED_EDGE('',*,*,#2219,.T.);
#3237=ORIENTED_EDGE('',*,*,#1993,.F.);
#3238=ORIENTED_EDGE('',*,*,#1992,.F.);
#3239=ORIENTED_EDGE('',*,*,#2191,.F.);
#3240=ORIENTED_EDGE('',*,*,#2220,.F.);
#3241=ORIENTED_EDGE('',*,*,#1963,.F.);
#3242=ORIENTED_EDGE('',*,*,#2221,.F.);
#3243=ORIENTED_EDGE('',*,*,#2169,.F.);
#3244=ORIENTED_EDGE('',*,*,#2221,.T.);
#3245=ORIENTED_EDGE('',*,*,#1962,.F.);
#3246=ORIENTED_EDGE('',*,*,#2222,.F.);
#3247=ORIENTED_EDGE('',*,*,#2196,.F.);
#3248=ORIENTED_EDGE('',*,*,#2220,.T.);
#3249=ORIENTED_EDGE('',*,*,#2168,.F.);
#3250=ORIENTED_EDGE('',*,*,#2223,.F.);
#3251=ORIENTED_EDGE('',*,*,#2113,.F.);
#3252=ORIENTED_EDGE('',*,*,#2222,.T.);
#3253=ORIENTED_EDGE('',*,*,#1961,.F.);
#3254=ORIENTED_EDGE('',*,*,#2224,.F.);
#3255=ORIENTED_EDGE('',*,*,#2180,.F.);
#3256=ORIENTED_EDGE('',*,*,#2223,.T.);
#3257=ORIENTED_EDGE('',*,*,#2184,.F.);
#3258=ORIENTED_EDGE('',*,*,#2225,.F.);
#3259=ORIENTED_EDGE('',*,*,#2114,.F.);
#3260=ORIENTED_EDGE('',*,*,#2224,.T.);
#3261=ORIENTED_EDGE('',*,*,#2111,.F.);
#3262=ORIENTED_EDGE('',*,*,#2226,.F.);
#3263=ORIENTED_EDGE('',*,*,#2181,.F.);
#3264=ORIENTED_EDGE('',*,*,#2225,.T.);
#3265=ORIENTED_EDGE('',*,*,#2190,.F.);
#3266=ORIENTED_EDGE('',*,*,#2227,.F.);
#3267=ORIENTED_EDGE('',*,*,#2115,.F.);
#3268=ORIENTED_EDGE('',*,*,#2226,.T.);
#3269=ORIENTED_EDGE('',*,*,#2110,.F.);
#3270=ORIENTED_EDGE('',*,*,#2228,.F.);
#3271=ORIENTED_EDGE('',*,*,#2187,.F.);
#3272=ORIENTED_EDGE('',*,*,#2227,.T.);
#3273=ORIENTED_EDGE('',*,*,#2194,.F.);
#3274=ORIENTED_EDGE('',*,*,#2229,.F.);
#3275=ORIENTED_EDGE('',*,*,#2116,.F.);
#3276=ORIENTED_EDGE('',*,*,#2228,.T.);
#3277=ORIENTED_EDGE('',*,*,#2121,.F.);
#3278=ORIENTED_EDGE('',*,*,#2230,.F.);
#3279=ORIENTED_EDGE('',*,*,#2203,.F.);
#3280=ORIENTED_EDGE('',*,*,#2229,.T.);
#3281=ORIENTED_EDGE('',*,*,#2163,.F.);
#3282=ORIENTED_EDGE('',*,*,#2231,.F.);
#3283=ORIENTED_EDGE('',*,*,#2117,.F.);
#3284=ORIENTED_EDGE('',*,*,#2230,.T.);
#3285=ORIENTED_EDGE('',*,*,#2120,.F.);
#3286=ORIENTED_EDGE('',*,*,#2232,.F.);
#3287=ORIENTED_EDGE('',*,*,#2198,.F.);
#3288=ORIENTED_EDGE('',*,*,#2231,.T.);
#3289=ORIENTED_EDGE('',*,*,#2172,.F.);
#3290=ORIENTED_EDGE('',*,*,#2233,.F.);
#3291=ORIENTED_EDGE('',*,*,#2118,.F.);
#3292=ORIENTED_EDGE('',*,*,#2232,.T.);
#3293=ORIENTED_EDGE('',*,*,#2119,.F.);
#3294=ORIENTED_EDGE('',*,*,#2233,.T.);
#3295=ORIENTED_EDGE('',*,*,#2175,.F.);
#3296=CYLINDRICAL_SURFACE('',#3582,0.140748031496063);
#3297=CYLINDRICAL_SURFACE('',#3592,0.176193716451049);
#3298=CYLINDRICAL_SURFACE('',#3596,0.176193716451049);
#3299=CYLINDRICAL_SURFACE('',#3600,0.0590551181102362);
#3300=CYLINDRICAL_SURFACE('',#3609,0.0584650378622047);
#3301=CYLINDRICAL_SURFACE('',#3615,0.059055118110236);
#3302=CYLINDRICAL_SURFACE('',#3631,0.1235);
#3303=CYLINDRICAL_SURFACE('',#3634,0.1235);
#3304=CYLINDRICAL_SURFACE('',#3637,0.1235);
#3305=CYLINDRICAL_SURFACE('',#3647,0.1235);
#3306=CYLINDRICAL_SURFACE('',#3655,0.1235);
#3307=CYLINDRICAL_SURFACE('',#3657,0.1235);
#3308=CYLINDRICAL_SURFACE('',#3661,0.118110236220473);
#3309=CYLINDRICAL_SURFACE('',#3677,0.1235);
#3310=CYLINDRICAL_SURFACE('',#3687,0.118110236220472);
#3311=CYLINDRICAL_SURFACE('',#3690,0.118110236220472);
#3312=CYLINDRICAL_SURFACE('',#3693,0.118110236220472);
#3313=CYLINDRICAL_SURFACE('',#3696,0.118110236220472);
#3314=CYLINDRICAL_SURFACE('',#3699,0.118110236220472);
#3315=CYLINDRICAL_SURFACE('',#3739,0.202755905521259);
#3316=CYLINDRICAL_SURFACE('',#3741,0.202755905521747);
#3317=CYLINDRICAL_SURFACE('',#3743,0.108267716535433);
#3318=CYLINDRICAL_SURFACE('',#3746,0.108267716535433);
#3319=CYLINDRICAL_SURFACE('',#3749,1.27952755905512);
#3320=CYLINDRICAL_SURFACE('',#3753,0.296845662253061);
#3321=CYLINDRICAL_SURFACE('',#3756,0.196850393700787);
#3322=CYLINDRICAL_SURFACE('',#3760,0.14763779527559);
#3323=CYLINDRICAL_SURFACE('',#3762,0.147637795275591);
#3324=CYLINDRICAL_SURFACE('',#3767,0.196850393700788);
#3325=CYLINDRICAL_SURFACE('',#3769,0.262181902753166);
#3326=CYLINDRICAL_SURFACE('',#3774,0.423228346456692);
#3327=CYLINDRICAL_SURFACE('',#3776,0.196850393700788);
#3328=CYLINDRICAL_SURFACE('',#3779,0.196850393700787);
#3329=CYLINDRICAL_SURFACE('',#3810,0.459032296463604);
#3330=CYLINDRICAL_SURFACE('',#3811,0.459032296454178);
#3331=CYLINDRICAL_SURFACE('',#3826,0.459032296463604);
#3332=CYLINDRICAL_SURFACE('',#3828,0.756840563635322);
#3333=CYLINDRICAL_SURFACE('',#3840,0.558314347996204);
#3334=CYLINDRICAL_SURFACE('',#3843,0.559990169934535);
#3335=CYLINDRICAL_SURFACE('',#3846,0.262181902762103);
#3336=CYLINDRICAL_SURFACE('',#3852,2.34245165601738);
#3337=CYLINDRICAL_SURFACE('',#3853,0.239173228346457);
#3338=CYLINDRICAL_SURFACE('',#3855,0.590551181102362);
#3339=CYLINDRICAL_SURFACE('',#3857,0.196850393700787);
#3340=CYLINDRICAL_SURFACE('',#3859,0.984251968503937);
#3341=CYLINDRICAL_SURFACE('',#3861,0.984251968503937);
#3342=CYLINDRICAL_SURFACE('',#3863,0.196850393700787);
#3343=CYLINDRICAL_SURFACE('',#3864,0.196850393700787);
#3344=CYLINDRICAL_SURFACE('',#3865,0.196850393700787);
#3345=CYLINDRICAL_SURFACE('',#3866,0.590551181102362);
#3346=CYLINDRICAL_SURFACE('',#3867,0.590551181102362);
#3347=CYLINDRICAL_SURFACE('',#3868,0.590551181102362);
#3348=CYLINDRICAL_SURFACE('',#3873,0.312268486141875);
#3349=CYLINDRICAL_SURFACE('',#3875,1.27952755905512);
#3350=CYLINDRICAL_SURFACE('',#3881,0.0590551181102363);
#3351=CYLINDRICAL_SURFACE('',#3883,0.0590551181102363);
#3352=CYLINDRICAL_SURFACE('',#3884,0.0590551181102363);
#3353=CYLINDRICAL_SURFACE('',#3887,0.202755905521747);
#3354=CYLINDRICAL_SURFACE('',#3890,0.202755905521259);
#3355=CYLINDRICAL_SURFACE('',#3894,0.0787401574803149);
#3356=CYLINDRICAL_SURFACE('',#3895,0.078740157480315);
#3357=CYLINDRICAL_SURFACE('',#3916,0.344488188976378);
#3358=CYLINDRICAL_SURFACE('',#3937,0.344488188976378);
#3359=CYLINDRICAL_SURFACE('',#3950,0.0393700787401575);
#3360=CYLINDRICAL_SURFACE('',#3962,0.0393700787401575);
#3361=CYLINDRICAL_SURFACE('',#3970,0.0393700787401575);
#3362=CYLINDRICAL_SURFACE('',#3986,0.0393700787401575);
#3363=ADVANCED_FACE('',(#241),#3296,.F.);
#3364=ADVANCED_FACE('',(#242,#135),#154,.F.);
#3365=ADVANCED_FACE('',(#243),#155,.F.);
#3366=ADVANCED_FACE('',(#244),#156,.F.);
#3367=ADVANCED_FACE('',(#245),#157,.F.);
#3368=ADVANCED_FACE('',(#246),#158,.F.);
#3369=ADVANCED_FACE('',(#247),#159,.F.);
#3370=ADVANCED_FACE('',(#248),#160,.F.);
#3371=ADVANCED_FACE('',(#249),#3297,.T.);
#3372=ADVANCED_FACE('',(#250,#136),#161,.T.);
#3373=ADVANCED_FACE('',(#251),#3298,.T.);
#3374=ADVANCED_FACE('',(#252,#137),#162,.F.);
#3375=ADVANCED_FACE('',(#253),#3299,.F.);
#3376=ADVANCED_FACE('',(#254),#69,.F.);
#3377=ADVANCED_FACE('',(#255),#3300,.F.);
#3378=ADVANCED_FACE('',(#256),#163,.T.);
#3379=ADVANCED_FACE('',(#257),#164,.T.);
#3380=ADVANCED_FACE('',(#258,#138),#165,.T.);
#3381=ADVANCED_FACE('',(#259),#3301,.F.);
#3382=ADVANCED_FACE('',(#260),#166,.T.);
#3383=ADVANCED_FACE('',(#261),#167,.T.);
#3384=ADVANCED_FACE('',(#262),#168,.T.);
#3385=ADVANCED_FACE('',(#263),#169,.T.);
#3386=ADVANCED_FACE('',(#264),#170,.T.);
#3387=ADVANCED_FACE('',(#265),#171,.T.);
#3388=ADVANCED_FACE('',(#266),#172,.T.);
#3389=ADVANCED_FACE('',(#267),#3302,.T.);
#3390=ADVANCED_FACE('',(#268),#173,.T.);
#3391=ADVANCED_FACE('',(#269),#3303,.T.);
#3392=ADVANCED_FACE('',(#270),#174,.T.);
#3393=ADVANCED_FACE('',(#271),#3304,.T.);
#3394=ADVANCED_FACE('',(#272),#175,.F.);
#3395=ADVANCED_FACE('',(#273),#176,.T.);
#3396=ADVANCED_FACE('',(#274),#177,.T.);
#3397=ADVANCED_FACE('',(#275),#178,.F.);
#3398=ADVANCED_FACE('',(#276),#179,.F.);
#3399=ADVANCED_FACE('',(#277),#3305,.T.);
#3400=ADVANCED_FACE('',(#278),#180,.F.);
#3401=ADVANCED_FACE('',(#279),#181,.T.);
#3402=ADVANCED_FACE('',(#280),#182,.F.);
#3403=ADVANCED_FACE('',(#281),#3306,.T.);
#3404=ADVANCED_FACE('',(#282),#3307,.T.);
#3405=ADVANCED_FACE('',(#283),#183,.F.);
#3406=ADVANCED_FACE('',(#284),#3308,.F.);
#3407=ADVANCED_FACE('',(#285),#184,.F.);
#3408=ADVANCED_FACE('',(#286),#185,.F.);
#3409=ADVANCED_FACE('',(#287),#186,.F.);
#3410=ADVANCED_FACE('',(#288),#187,.F.);
#3411=ADVANCED_FACE('',(#289),#188,.F.);
#3412=ADVANCED_FACE('',(#290),#189,.F.);
#3413=ADVANCED_FACE('',(#291),#190,.T.);
#3414=ADVANCED_FACE('',(#292),#3309,.T.);
#3415=ADVANCED_FACE('',(#293),#191,.T.);
#3416=ADVANCED_FACE('',(#294),#70,.F.);
#3417=ADVANCED_FACE('',(#295),#71,.F.);
#3418=ADVANCED_FACE('',(#296),#192,.F.);
#3419=ADVANCED_FACE('',(#297),#72,.F.);
#3420=ADVANCED_FACE('',(#298),#193,.T.);
#3421=ADVANCED_FACE('',(#299),#194,.F.);
#3422=ADVANCED_FACE('',(#300),#195,.F.);
#3423=ADVANCED_FACE('',(#301),#196,.F.);
#3424=ADVANCED_FACE('',(#302),#197,.F.);
#3425=ADVANCED_FACE('',(#303),#198,.F.);
#3426=ADVANCED_FACE('',(#304),#3310,.T.);
#3427=ADVANCED_FACE('',(#305),#3311,.T.);
#3428=ADVANCED_FACE('',(#306),#3312,.T.);
#3429=ADVANCED_FACE('',(#307),#3313,.T.);
#3430=ADVANCED_FACE('',(#308),#3314,.T.);
#3431=ADVANCED_FACE('',(#309),#199,.T.);
#3432=ADVANCED_FACE('',(#310),#200,.T.);
#3433=ADVANCED_FACE('',(#311),#201,.T.);
#3434=ADVANCED_FACE('',(#312),#202,.T.);
#3435=ADVANCED_FACE('',(#313),#203,.T.);
#3436=ADVANCED_FACE('',(#314,#139,#140,#141,#142,#143,#144),#204,.F.);
#3437=ADVANCED_FACE('',(#315,#145),#205,.T.);
#3438=ADVANCED_FACE('',(#316),#44,.F.);
#3439=ADVANCED_FACE('',(#317),#45,.F.);
#3440=ADVANCED_FACE('',(#318),#3315,.F.);
#3441=ADVANCED_FACE('',(#319),#3316,.F.);
#3442=ADVANCED_FACE('',(#320),#3317,.F.);
#3443=ADVANCED_FACE('',(#321),#3318,.F.);
#3444=ADVANCED_FACE('',(#322),#3319,.F.);
#3445=ADVANCED_FACE('',(#323),#3320,.T.);
#3446=ADVANCED_FACE('',(#324),#3321,.T.);
#3447=ADVANCED_FACE('',(#325),#3322,.T.);
#3448=ADVANCED_FACE('',(#326),#3323,.T.);
#3449=ADVANCED_FACE('',(#327),#3324,.F.);
#3450=ADVANCED_FACE('',(#328),#3325,.F.);
#3451=ADVANCED_FACE('',(#329),#3326,.F.);
#3452=ADVANCED_FACE('',(#330),#3327,.F.);
#3453=ADVANCED_FACE('',(#331),#3328,.F.);
#3454=ADVANCED_FACE('',(#332),#206,.T.);
#3455=ADVANCED_FACE('',(#333),#207,.T.);
#3456=ADVANCED_FACE('',(#334),#208,.T.);
#3457=ADVANCED_FACE('',(#335),#209,.T.);
#3458=ADVANCED_FACE('',(#336),#210,.T.);
#3459=ADVANCED_FACE('',(#337),#3329,.T.);
#3460=ADVANCED_FACE('',(#338),#3330,.T.);
#3461=ADVANCED_FACE('',(#339,#146,#147,#148),#211,.T.);
#3462=ADVANCED_FACE('',(#340),#212,.T.);
#3463=ADVANCED_FACE('',(#341),#213,.T.);
#3464=ADVANCED_FACE('',(#342),#3331,.T.);
#3465=ADVANCED_FACE('',(#343),#214,.F.);
#3466=ADVANCED_FACE('',(#344),#3332,.T.);
#3467=ADVANCED_FACE('',(#345),#215,.T.);
#3468=ADVANCED_FACE('',(#346),#216,.T.);
#3469=ADVANCED_FACE('',(#347),#217,.T.);
#3470=ADVANCED_FACE('',(#348),#218,.F.);
#3471=ADVANCED_FACE('',(#349),#219,.T.);
#3472=ADVANCED_FACE('',(#350),#220,.T.);
#3473=ADVANCED_FACE('',(#351),#221,.T.);
#3474=ADVANCED_FACE('',(#352),#222,.T.);
#3475=ADVANCED_FACE('',(#353),#3333,.F.);
#3476=ADVANCED_FACE('',(#354),#223,.T.);
#3477=ADVANCED_FACE('',(#355),#224,.T.);
#3478=ADVANCED_FACE('',(#356),#3334,.F.);
#3479=ADVANCED_FACE('',(#357),#225,.T.);
#3480=ADVANCED_FACE('',(#358),#226,.F.);
#3481=ADVANCED_FACE('',(#359),#3335,.F.);
#3482=ADVANCED_FACE('',(#360),#3336,.F.);
#3483=ADVANCED_FACE('',(#361),#3337,.T.);
#3484=ADVANCED_FACE('',(#362),#3338,.F.);
#3485=ADVANCED_FACE('',(#363),#3339,.F.);
#3486=ADVANCED_FACE('',(#364),#3340,.F.);
#3487=ADVANCED_FACE('',(#365),#3341,.F.);
#3488=ADVANCED_FACE('',(#366),#3342,.T.);
#3489=ADVANCED_FACE('',(#367),#3343,.T.);
#3490=ADVANCED_FACE('',(#368),#3344,.T.);
#3491=ADVANCED_FACE('',(#369),#3345,.F.);
#3492=ADVANCED_FACE('',(#370),#3346,.F.);
#3493=ADVANCED_FACE('',(#371),#3347,.F.);
#3494=ADVANCED_FACE('',(#372,#149,#150),#227,.T.);
#3495=ADVANCED_FACE('',(#373),#3348,.T.);
#3496=ADVANCED_FACE('',(#374),#3349,.F.);
#3497=ADVANCED_FACE('',(#375,#151),#228,.T.);
#3498=ADVANCED_FACE('',(#376),#3350,.T.);
#3499=ADVANCED_FACE('',(#377),#3351,.T.);
#3500=ADVANCED_FACE('',(#378),#3352,.T.);
#3501=ADVANCED_FACE('',(#379,#152),#229,.T.);
#3502=ADVANCED_FACE('',(#380,#153),#230,.T.);
#3503=ADVANCED_FACE('',(#381),#3353,.F.);
#3504=ADVANCED_FACE('',(#382),#231,.F.);
#3505=ADVANCED_FACE('',(#383),#232,.F.);
#3506=ADVANCED_FACE('',(#384),#3354,.F.);
#3507=ADVANCED_FACE('',(#385),#233,.F.);
#3508=ADVANCED_FACE('',(#386),#234,.F.);
#3509=ADVANCED_FACE('',(#387),#235,.F.);
#3510=ADVANCED_FACE('',(#388),#3355,.F.);
#3511=ADVANCED_FACE('',(#389),#3356,.F.);
#3512=ADVANCED_FACE('',(#390),#236,.T.);
#3513=ADVANCED_FACE('',(#391),#46,.F.);
#3514=ADVANCED_FACE('',(#392),#47,.F.);
#3515=ADVANCED_FACE('',(#393),#48,.F.);
#3516=ADVANCED_FACE('',(#394),#23,.F.);
#3517=ADVANCED_FACE('',(#395),#49,.F.);
#3518=ADVANCED_FACE('',(#396),#50,.F.);
#3519=ADVANCED_FACE('',(#397),#51,.F.);
#3520=ADVANCED_FACE('',(#398),#24,.F.);
#3521=ADVANCED_FACE('',(#399),#52,.F.);
#3522=ADVANCED_FACE('',(#400),#53,.F.);
#3523=ADVANCED_FACE('',(#401),#54,.F.);
#3524=ADVANCED_FACE('',(#402),#3357,.F.);
#3525=ADVANCED_FACE('',(#403),#55,.F.);
#3526=ADVANCED_FACE('',(#404),#56,.F.);
#3527=ADVANCED_FACE('',(#405),#237,.F.);
#3528=ADVANCED_FACE('',(#406),#238,.F.);
#3529=ADVANCED_FACE('',(#407),#57,.F.);
#3530=ADVANCED_FACE('',(#408),#239,.F.);
#3531=ADVANCED_FACE('',(#409),#3358,.F.);
#3532=ADVANCED_FACE('',(#410),#240,.F.);
#3533=ADVANCED_FACE('',(#411),#58,.F.);
#3534=ADVANCED_FACE('',(#412),#25,.T.);
#3535=ADVANCED_FACE('',(#413),#59,.T.);
#3536=ADVANCED_FACE('',(#414),#60,.T.);
#3537=ADVANCED_FACE('',(#415),#26,.T.);
#3538=ADVANCED_FACE('',(#416),#3359,.T.);
#3539=ADVANCED_FACE('',(#417),#27,.T.);
#3540=ADVANCED_FACE('',(#418),#61,.T.);
#3541=ADVANCED_FACE('',(#419),#62,.T.);
#3542=ADVANCED_FACE('',(#420),#28,.T.);
#3543=ADVANCED_FACE('',(#421),#29,.T.);
#3544=ADVANCED_FACE('',(#422),#63,.T.);
#3545=ADVANCED_FACE('',(#423),#30,.T.);
#3546=ADVANCED_FACE('',(#424),#31,.T.);
#3547=ADVANCED_FACE('',(#425),#3360,.T.);
#3548=ADVANCED_FACE('',(#426),#32,.T.);
#3549=ADVANCED_FACE('',(#427),#33,.T.);
#3550=ADVANCED_FACE('',(#428),#64,.T.);
#3551=ADVANCED_FACE('',(#429),#34,.T.);
#3552=ADVANCED_FACE('',(#430),#35,.T.);
#3553=ADVANCED_FACE('',(#431),#3361,.T.);
#3554=ADVANCED_FACE('',(#432),#36,.T.);
#3555=ADVANCED_FACE('',(#433),#37,.T.);
#3556=ADVANCED_FACE('',(#434),#65,.T.);
#3557=ADVANCED_FACE('',(#435),#38,.T.);
#3558=ADVANCED_FACE('',(#436),#39,.T.);
#3559=ADVANCED_FACE('',(#437),#66,.T.);
#3560=ADVANCED_FACE('',(#438),#67,.T.);
#3561=ADVANCED_FACE('',(#439),#40,.T.);
#3562=ADVANCED_FACE('',(#440),#41,.T.);
#3563=ADVANCED_FACE('',(#441),#68,.T.);
#3564=ADVANCED_FACE('',(#442),#3362,.T.);
#3565=ADVANCED_FACE('',(#443),#42,.T.);
#3566=CLOSED_SHELL('',(#3363,#3364,#3365,#3366,#3367,#3368,#3369,#3370,
#3371,#3372,#3373,#3374,#3375,#3376,#3377,#3378,#3379,#3380,#3381,#3382,
#3383,#3384,#3385,#3386,#3387,#3388,#3389,#3390,#3391,#3392,#3393,#3394,
#3395,#3396,#3397,#3398,#3399,#3400,#3401,#3402,#3403,#3404,#3405,#3406,
#3407,#3408,#3409,#3410,#3411,#3412,#3413,#3414,#3415,#3416,#3417,#3418,
#3419,#3420,#3421,#3422,#3423,#3424,#3425,#3426,#3427,#3428,#3429,#3430,
#3431,#3432,#3433,#3434,#3435,#3436,#3437,#3438,#3439,#3440,#3441,#3442,
#3443,#3444,#3445,#3446,#3447,#3448,#3449,#3450,#3451,#3452,#3453,#3454,
#3455,#3456,#3457,#3458,#3459,#3460,#3461,#3462,#3463,#3464,#3465,#3466,
#3467,#3468,#3469,#3470,#3471,#3472,#3473,#3474,#3475,#3476,#3477,#3478,
#3479,#3480,#3481,#3482,#3483,#3484,#3485,#3486,#3487,#3488,#3489,#3490,
#3491,#3492,#3493,#3494,#3495,#3496,#3497,#3498,#3499,#3500,#3501,#3502,
#3503,#3504,#3505,#3506,#3507,#3508,#3509,#3510,#3511,#3512,#3513,#3514,
#3515,#3516,#3517,#3518,#3519,#3520,#3521,#3522,#3523,#3524,#3525,#3526,
#3527,#3528,#3529,#3530,#3531,#3532,#3533,#3534,#3535,#3536,#3537,#3538,
#3539,#3540,#3541,#3542,#3543,#3544,#3545,#3546,#3547,#3548,#3549,#3550,
#3551,#3552,#3553,#3554,#3555,#3556,#3557,#3558,#3559,#3560,#3561,#3562,
#3563,#3564,#3565));
#3567=DERIVED_UNIT_ELEMENT(#3569,1.);
#3568=DERIVED_UNIT_ELEMENT(#8031,-3.);
#3569=(
MASS_UNIT()
NAMED_UNIT(*)
SI_UNIT(.KILO.,.GRAM.)
);
#3570=DERIVED_UNIT((#3567,#3568));
#3571=MEASURE_REPRESENTATION_ITEM('density measure',
POSITIVE_RATIO_MEASURE(7850.),#3570);
#3572=PROPERTY_DEFINITION_REPRESENTATION(#3577,#3574);
#3573=PROPERTY_DEFINITION_REPRESENTATION(#3578,#3575);
#3574=REPRESENTATION('material name',(#3576),#8026);
#3575=REPRESENTATION('density',(#3571),#8026);
#3576=DESCRIPTIVE_REPRESENTATION_ITEM('Steel','Steel');
#3577=PROPERTY_DEFINITION('material property','material name',#8049);
#3578=PROPERTY_DEFINITION('material property','density of part',#8049);
#3579=AXIS2_PLACEMENT_3D('',#5054,#3990,#3991);
#3580=AXIS2_PLACEMENT_3D('',#5055,#3992,#3993);
#3581=AXIS2_PLACEMENT_3D('',#5056,#3994,#3995);
#3582=AXIS2_PLACEMENT_3D('',#5057,#3996,#3997);
#3583=AXIS2_PLACEMENT_3D('',#5059,#3998,#3999);
#3584=AXIS2_PLACEMENT_3D('',#5062,#4001,#4002);
#3585=AXIS2_PLACEMENT_3D('',#5063,#4003,#4004);
#3586=AXIS2_PLACEMENT_3D('',#5076,#4011,#4012);
#3587=AXIS2_PLACEMENT_3D('',#5082,#4016,#4017);
#3588=AXIS2_PLACEMENT_3D('',#5086,#4020,#4021);
#3589=AXIS2_PLACEMENT_3D('',#5090,#4024,#4025);
#3590=AXIS2_PLACEMENT_3D('',#5094,#4028,#4029);
#3591=AXIS2_PLACEMENT_3D('',#5098,#4032,#4033);
#3592=AXIS2_PLACEMENT_3D('',#5100,#4035,#4036);
#3593=AXIS2_PLACEMENT_3D('',#5102,#4037,#4038);
#3594=AXIS2_PLACEMENT_3D('',#5105,#4040,#4041);
#3595=AXIS2_PLACEMENT_3D('',#5106,#4042,#4043);
#3596=AXIS2_PLACEMENT_3D('',#5107,#4044,#4045);
#3597=AXIS2_PLACEMENT_3D('',#5109,#4046,#4047);
#3598=AXIS2_PLACEMENT_3D('',#5112,#4049,#4050);
#3599=AXIS2_PLACEMENT_3D('',#5113,#4051,#4052);
#3600=AXIS2_PLACEMENT_3D('',#5114,#4053,#4054);
#3601=AXIS2_PLACEMENT_3D('',#5124,#4055,#4056);
#3602=AXIS2_PLACEMENT_3D('',#5128,#4058,#4059);
#3603=AXIS2_PLACEMENT_3D('',#5131,#4061,#4062);
#3604=AXIS2_PLACEMENT_3D('',#5133,#4063,#4064);
#3605=AXIS2_PLACEMENT_3D('',#5137,#4066,#4067);
#3606=AXIS2_PLACEMENT_3D('',#5146,#4068,#4069);
#3607=AXIS2_PLACEMENT_3D('',#5155,#4070,#4071);
#3608=AXIS2_PLACEMENT_3D('',#5163,#4072,#4073);
#3609=AXIS2_PLACEMENT_3D('',#5187,#4075,#4076);
#3610=AXIS2_PLACEMENT_3D('',#5188,#4077,#4078);
#3611=AXIS2_PLACEMENT_3D('',#5189,#4079,#4080);
#3612=AXIS2_PLACEMENT_3D('',#5190,#4081,#4082);
#3613=AXIS2_PLACEMENT_3D('',#5191,#4083,#4084);
#3614=AXIS2_PLACEMENT_3D('',#5203,#4086,#4087);
#3615=AXIS2_PLACEMENT_3D('',#5231,#4095,#4096);
#3616=AXIS2_PLACEMENT_3D('',#5233,#4097,#4098);
#3617=AXIS2_PLACEMENT_3D('',#5236,#4100,#4101);
#3618=AXIS2_PLACEMENT_3D('',#5237,#4102,#4103);
#3619=AXIS2_PLACEMENT_3D('',#5240,#4104,#4105);
#3620=AXIS2_PLACEMENT_3D('',#5242,#4107,#4108);
#3621=AXIS2_PLACEMENT_3D('',#5245,#4110,#4111);
#3622=AXIS2_PLACEMENT_3D('',#5246,#4112,#4113);
#3623=AXIS2_PLACEMENT_3D('',#5249,#4115,#4116);
#3624=AXIS2_PLACEMENT_3D('',#5250,#4117,#4118);
#3625=AXIS2_PLACEMENT_3D('',#5253,#4120,#4121);
#3626=AXIS2_PLACEMENT_3D('',#5254,#4122,#4123);
#3627=AXIS2_PLACEMENT_3D('',#5257,#4125,#4126);
#3628=AXIS2_PLACEMENT_3D('',#5258,#4127,#4128);
#3629=AXIS2_PLACEMENT_3D('',#5259,#4129,#4130);
#3630=AXIS2_PLACEMENT_3D('',#5261,#4132,#4133);
#3631=AXIS2_PLACEMENT_3D('',#5275,#4141,#4142);
#3632=AXIS2_PLACEMENT_3D('',#5278,#4144,#4145);
#3633=AXIS2_PLACEMENT_3D('',#5280,#4147,#4148);
#3634=AXIS2_PLACEMENT_3D('',#5293,#4156,#4157);
#3635=AXIS2_PLACEMENT_3D('',#5296,#4159,#4160);
#3636=AXIS2_PLACEMENT_3D('',#5298,#4162,#4163);
#3637=AXIS2_PLACEMENT_3D('',#5311,#4171,#4172);
#3638=AXIS2_PLACEMENT_3D('',#5313,#4174,#4175);
#3639=AXIS2_PLACEMENT_3D('',#5315,#4177,#4178);
#3640=AXIS2_PLACEMENT_3D('',#5318,#4179,#4180);
#3641=AXIS2_PLACEMENT_3D('',#5320,#4182,#4183);
#3642=AXIS2_PLACEMENT_3D('',#5330,#4189,#4190);
#3643=AXIS2_PLACEMENT_3D('',#5340,#4196,#4197);
#3644=AXIS2_PLACEMENT_3D('',#5341,#4198,#4199);
#3645=AXIS2_PLACEMENT_3D('',#5342,#4200,#4201);
#3646=AXIS2_PLACEMENT_3D('',#5343,#4202,#4203);
#3647=AXIS2_PLACEMENT_3D('',#5344,#4204,#4205);
#3648=AXIS2_PLACEMENT_3D('',#5345,#4206,#4207);
#3649=AXIS2_PLACEMENT_3D('',#5346,#4208,#4209);
#3650=AXIS2_PLACEMENT_3D('',#5348,#4210,#4211);
#3651=AXIS2_PLACEMENT_3D('',#5349,#4212,#4213);
#3652=AXIS2_PLACEMENT_3D('',#5350,#4214,#4215);
#3653=AXIS2_PLACEMENT_3D('',#5357,#4220,#4221);
#3654=AXIS2_PLACEMENT_3D('',#5358,#4222,#4223);
#3655=AXIS2_PLACEMENT_3D('',#5359,#4224,#4225);
#3656=AXIS2_PLACEMENT_3D('',#5360,#4226,#4227);
#3657=AXIS2_PLACEMENT_3D('',#5361,#4228,#4229);
#3658=AXIS2_PLACEMENT_3D('',#5362,#4230,#4231);
#3659=AXIS2_PLACEMENT_3D('',#5363,#4232,#4233);
#3660=AXIS2_PLACEMENT_3D('',#5364,#4234,#4235);
#3661=AXIS2_PLACEMENT_3D('',#5365,#4236,#4237);
#3662=AXIS2_PLACEMENT_3D('',#5368,#4239,#4240);
#3663=AXIS2_PLACEMENT_3D('',#5369,#4241,#4242);
#3664=AXIS2_PLACEMENT_3D('',#5370,#4243,#4244);
#3665=AXIS2_PLACEMENT_3D('',#5371,#4245,#4246);
#3666=AXIS2_PLACEMENT_3D('',#5372,#4247,#4248);
#3667=AXIS2_PLACEMENT_3D('',#5373,#4249,#4250);
#3668=AXIS2_PLACEMENT_3D('',#5374,#4251,#4252);
#3669=AXIS2_PLACEMENT_3D('',#5375,#4253,#4254);
#3670=AXIS2_PLACEMENT_3D('',#5376,#4255,#4256);
#3671=AXIS2_PLACEMENT_3D('',#5377,#4257,#4258);
#3672=AXIS2_PLACEMENT_3D('',#5378,#4259,#4260);
#3673=AXIS2_PLACEMENT_3D('',#5379,#4261,#4262);
#3674=AXIS2_PLACEMENT_3D('',#5380,#4263,#4264);
#3675=AXIS2_PLACEMENT_3D('',#5381,#4265,#4266);
#3676=AXIS2_PLACEMENT_3D('',#5385,#4268,#4269);
#3677=AXIS2_PLACEMENT_3D('',#5386,#4270,#4271);
#3678=AXIS2_PLACEMENT_3D('',#5390,#4273,#4274);
#3679=AXIS2_PLACEMENT_3D('',#5392,#4276,#4277);
#3680=AXIS2_PLACEMENT_3D('',#5424,#4281,#4282);
#3681=AXIS2_PLACEMENT_3D('',#5438,#4284,#4285);
#3682=AXIS2_PLACEMENT_3D('',#5439,#4286,#4287);
#3683=AXIS2_PLACEMENT_3D('',#5451,#4294,#4295);
#3684=AXIS2_PLACEMENT_3D('',#5463,#4302,#4303);
#3685=AXIS2_PLACEMENT_3D('',#5475,#4310,#4311);
#3686=AXIS2_PLACEMENT_3D('',#5487,#4318,#4319);
#3687=AXIS2_PLACEMENT_3D('',#5497,#4325,#4326);
#3688=AXIS2_PLACEMENT_3D('',#5498,#4327,#4328);
#3689=AXIS2_PLACEMENT_3D('',#5499,#4329,#4330);
#3690=AXIS2_PLACEMENT_3D('',#5500,#4331,#4332);
#3691=AXIS2_PLACEMENT_3D('',#5501,#4333,#4334);
#3692=AXIS2_PLACEMENT_3D('',#5502,#4335,#4336);
#3693=AXIS2_PLACEMENT_3D('',#5503,#4337,#4338);
#3694=AXIS2_PLACEMENT_3D('',#5504,#4339,#4340);
#3695=AXIS2_PLACEMENT_3D('',#5505,#4341,#4342);
#3696=AXIS2_PLACEMENT_3D('',#5506,#4343,#4344);
#3697=AXIS2_PLACEMENT_3D('',#5507,#4345,#4346);
#3698=AXIS2_PLACEMENT_3D('',#5508,#4347,#4348);
#3699=AXIS2_PLACEMENT_3D('',#5509,#4349,#4350);
#3700=AXIS2_PLACEMENT_3D('',#5510,#4351,#4352);
#3701=AXIS2_PLACEMENT_3D('',#5511,#4353,#4354);
#3702=AXIS2_PLACEMENT_3D('',#5512,#4355,#4356);
#3703=AXIS2_PLACEMENT_3D('',#5513,#4357,#4358);
#3704=AXIS2_PLACEMENT_3D('',#5514,#4359,#4360);
#3705=AXIS2_PLACEMENT_3D('',#5515,#4361,#4362);
#3706=AXIS2_PLACEMENT_3D('',#5516,#4363,#4364);
#3707=AXIS2_PLACEMENT_3D('',#5517,#4365,#4366);
#3708=AXIS2_PLACEMENT_3D('',#5522,#4368,#4369);
#3709=AXIS2_PLACEMENT_3D('',#5530,#4373,#4374);
#3710=AXIS2_PLACEMENT_3D('',#5532,#4375,#4376);
#3711=AXIS2_PLACEMENT_3D('',#5534,#4377,#4378);
#3712=AXIS2_PLACEMENT_3D('',#5536,#4379,#4380);
#3713=AXIS2_PLACEMENT_3D('',#5538,#4381,#4382);
#3714=AXIS2_PLACEMENT_3D('',#5540,#4383,#4384);
#3715=AXIS2_PLACEMENT_3D('',#5542,#4385,#4386);
#3716=AXIS2_PLACEMENT_3D('',#5544,#4387,#4388);
#3717=AXIS2_PLACEMENT_3D('',#5548,#4390,#4391);
#3718=AXIS2_PLACEMENT_3D('',#5550,#4392,#4393);
#3719=AXIS2_PLACEMENT_3D('',#5552,#4394,#4395);
#3720=AXIS2_PLACEMENT_3D('',#5556,#4397,#4398);
#3721=AXIS2_PLACEMENT_3D('',#5558,#4399,#4400);
#3722=AXIS2_PLACEMENT_3D('',#5560,#4401,#4402);
#3723=AXIS2_PLACEMENT_3D('',#5562,#4403,#4404);
#3724=AXIS2_PLACEMENT_3D('',#5563,#4405,#4406);
#3725=AXIS2_PLACEMENT_3D('',#5565,#4407,#4408);
#3726=AXIS2_PLACEMENT_3D('',#5570,#4410,#4411);
#3727=AXIS2_PLACEMENT_3D('',#5573,#4413,#4414);
#3728=AXIS2_PLACEMENT_3D('',#5578,#4416,#4417);
#3729=AXIS2_PLACEMENT_3D('',#5581,#4419,#4420);
#3730=AXIS2_PLACEMENT_3D('',#5582,#4421,#4422);
#3731=AXIS2_PLACEMENT_3D('',#5583,#4423,#4424);
#3732=AXIS2_PLACEMENT_3D('',#5586,#4425,#4426);
#3733=AXIS2_PLACEMENT_3D('',#5604,#4427,#4428);
#3734=AXIS2_PLACEMENT_3D('',#5605,#4429,#4430);
#3735=AXIS2_PLACEMENT_3D('',#5606,#4431,#4432);
#3736=AXIS2_PLACEMENT_3D('',#5609,#4433,#4434);
#3737=AXIS2_PLACEMENT_3D('',#5611,#4435,#4436);
#3738=AXIS2_PLACEMENT_3D('',#5613,#4437,#4438);
#3739=AXIS2_PLACEMENT_3D('',#5629,#4439,#4440);
#3740=AXIS2_PLACEMENT_3D('',#5633,#4442,#4443);
#3741=AXIS2_PLACEMENT_3D('',#5635,#4445,#4446);
#3742=AXIS2_PLACEMENT_3D('',#5639,#4448,#4449);
#3743=AXIS2_PLACEMENT_3D('',#5641,#4451,#4452);
#3744=AXIS2_PLACEMENT_3D('',#5643,#4453,#4454);
#3745=AXIS2_PLACEMENT_3D('',#5646,#4456,#4457);
#3746=AXIS2_PLACEMENT_3D('',#5647,#4458,#4459);
#3747=AXIS2_PLACEMENT_3D('',#5649,#4460,#4461);
#3748=AXIS2_PLACEMENT_3D('',#5652,#4463,#4464);
#3749=AXIS2_PLACEMENT_3D('',#5653,#4465,#4466);
#3750=AXIS2_PLACEMENT_3D('',#5656,#4467,#4468);
#3751=AXIS2_PLACEMENT_3D('',#5659,#4470,#4471);
#3752=AXIS2_PLACEMENT_3D('',#5709,#4472,#4473);
#3753=AXIS2_PLACEMENT_3D('',#5711,#4475,#4476);
#3754=AXIS2_PLACEMENT_3D('',#5714,#4477,#4478);
#3755=AXIS2_PLACEMENT_3D('',#5720,#4481,#4482);
#3756=AXIS2_PLACEMENT_3D('',#5722,#4484,#4485);
#3757=AXIS2_PLACEMENT_3D('',#5725,#4486,#4487);
#3758=AXIS2_PLACEMENT_3D('',#5727,#4488,#4489);
#3759=AXIS2_PLACEMENT_3D('',#5731,#4491,#4492);
#3760=AXIS2_PLACEMENT_3D('',#5771,#4496,#4497);
#3761=AXIS2_PLACEMENT_3D('',#5774,#4498,#4499);
#3762=AXIS2_PLACEMENT_3D('',#5777,#4502,#4503);
#3763=AXIS2_PLACEMENT_3D('',#5780,#4504,#4505);
#3764=AXIS2_PLACEMENT_3D('',#5785,#4508,#4509);
#3765=AXIS2_PLACEMENT_3D('',#5789,#4511,#4512);
#3766=AXIS2_PLACEMENT_3D('',#5792,#4514,#4515);
#3767=AXIS2_PLACEMENT_3D('',#5794,#4517,#4518);
#3768=AXIS2_PLACEMENT_3D('',#5838,#4520,#4521);
#3769=AXIS2_PLACEMENT_3D('',#5839,#4522,#4523);
#3770=AXIS2_PLACEMENT_3D('',#5842,#4524,#4525);
#3771=AXIS2_PLACEMENT_3D('',#5857,#4526,#4527);
#3772=AXIS2_PLACEMENT_3D('',#5861,#4529,#4530);
#3773=AXIS2_PLACEMENT_3D('',#5864,#4532,#4533);
#3774=AXIS2_PLACEMENT_3D('',#5865,#4534,#4535);
#3775=AXIS2_PLACEMENT_3D('',#5867,#4536,#4537);
#3776=AXIS2_PLACEMENT_3D('',#5869,#4539,#4540);
#3777=AXIS2_PLACEMENT_3D('',#5871,#4541,#4542);
#3778=AXIS2_PLACEMENT_3D('',#5891,#4543,#4544);
#3779=AXIS2_PLACEMENT_3D('',#5902,#4546,#4547);
#3780=AXIS2_PLACEMENT_3D('',#5905,#4548,#4549);
#3781=AXIS2_PLACEMENT_3D('',#5944,#4550,#4551);
#3782=AXIS2_PLACEMENT_3D('',#5946,#4553,#4554);
#3783=AXIS2_PLACEMENT_3D('',#5948,#4555,#4556);
#3784=AXIS2_PLACEMENT_3D('',#5949,#4557,#4558);
#3785=AXIS2_PLACEMENT_3D('',#5953,#4560,#4561);
#3786=AXIS2_PLACEMENT_3D('',#5955,#4562,#4563);
#3787=AXIS2_PLACEMENT_3D('',#5969,#4570,#4571);
#3788=AXIS2_PLACEMENT_3D('',#5971,#4573,#4574);
#3789=AXIS2_PLACEMENT_3D('',#5972,#4575,#4576);
#3790=AXIS2_PLACEMENT_3D('',#5974,#4577,#4578);
#3791=AXIS2_PLACEMENT_3D('',#5978,#4580,#4581);
#3792=AXIS2_PLACEMENT_3D('',#5980,#4582,#4583);
#3793=AXIS2_PLACEMENT_3D('',#5982,#4584,#4585);
#3794=AXIS2_PLACEMENT_3D('',#5986,#4587,#4588);
#3795=AXIS2_PLACEMENT_3D('',#5988,#4589,#4590);
#3796=AXIS2_PLACEMENT_3D('',#5990,#4591,#4592);
#3797=AXIS2_PLACEMENT_3D('',#5992,#4593,#4594);
#3798=AXIS2_PLACEMENT_3D('',#5996,#4596,#4597);
#3799=AXIS2_PLACEMENT_3D('',#6000,#4599,#4600);
#3800=AXIS2_PLACEMENT_3D('',#6002,#4601,#4602);
#3801=AXIS2_PLACEMENT_3D('',#6004,#4604,#4605);
#3802=AXIS2_PLACEMENT_3D('',#6009,#4607,#4608);
#3803=AXIS2_PLACEMENT_3D('',#6011,#4609,#4610);
#3804=AXIS2_PLACEMENT_3D('',#6015,#4613,#4614);
#3805=AXIS2_PLACEMENT_3D('',#6020,#4616,#4617);
#3806=AXIS2_PLACEMENT_3D('',#6022,#4619,#4620);
#3807=AXIS2_PLACEMENT_3D('',#6025,#4621,#4622);
#3808=AXIS2_PLACEMENT_3D('',#6026,#4623,#4624);
#3809=AXIS2_PLACEMENT_3D('',#6027,#4625,#4626);
#3810=AXIS2_PLACEMENT_3D('',#6028,#4627,#4628);
#3811=AXIS2_PLACEMENT_3D('',#6031,#4631,#4632);
#3812=AXIS2_PLACEMENT_3D('',#6077,#4633,#4634);
#3813=AXIS2_PLACEMENT_3D('',#6079,#4635,#4636);
#3814=AXIS2_PLACEMENT_3D('',#6096,#4640,#4641);
#3815=AXIS2_PLACEMENT_3D('',#6148,#4643,#4644);
#3816=AXIS2_PLACEMENT_3D('',#6150,#4645,#4646);
#3817=AXIS2_PLACEMENT_3D('',#6167,#4655,#4656);
#3818=AXIS2_PLACEMENT_3D('',#6169,#4657,#4658);
#3819=AXIS2_PLACEMENT_3D('',#6174,#4661,#4662);
#3820=AXIS2_PLACEMENT_3D('',#6176,#4663,#4664);
#3821=AXIS2_PLACEMENT_3D('',#6180,#4666,#4667);
#3822=AXIS2_PLACEMENT_3D('',#6184,#4669,#4670);
#3823=AXIS2_PLACEMENT_3D('',#6189,#4673,#4674);
#3824=AXIS2_PLACEMENT_3D('',#6192,#4677,#4678);
#3825=AXIS2_PLACEMENT_3D('',#6195,#4681,#4682);
#3826=AXIS2_PLACEMENT_3D('',#6197,#4684,#4685);
#3827=AXIS2_PLACEMENT_3D('',#6200,#4688,#4689);
#3828=AXIS2_PLACEMENT_3D('',#6202,#4691,#4692);
#3829=AXIS2_PLACEMENT_3D('',#6205,#4695,#4696);
#3830=AXIS2_PLACEMENT_3D('',#6207,#4698,#4699);
#3831=AXIS2_PLACEMENT_3D('',#6210,#4701,#4702);
#3832=AXIS2_PLACEMENT_3D('',#6212,#4703,#4704);
#3833=AXIS2_PLACEMENT_3D('',#6216,#4708,#4709);
#3834=AXIS2_PLACEMENT_3D('',#6217,#4710,#4711);
#3835=AXIS2_PLACEMENT_3D('',#6231,#4713,#4714);
#3836=AXIS2_PLACEMENT_3D('',#6249,#4716,#4717);
#3837=AXIS2_PLACEMENT_3D('',#6251,#4718,#4719);
#3838=AXIS2_PLACEMENT_3D('',#6253,#4721,#4722);
#3839=AXIS2_PLACEMENT_3D('',#6256,#4725,#4726);
#3840=AXIS2_PLACEMENT_3D('',#6258,#4728,#4729);
#3841=AXIS2_PLACEMENT_3D('',#6260,#4731,#4732);
#3842=AXIS2_PLACEMENT_3D('',#6262,#4734,#4735);
#3843=AXIS2_PLACEMENT_3D('',#6264,#4737,#4738);
#3844=AXIS2_PLACEMENT_3D('',#6267,#4741,#4742);
#3845=AXIS2_PLACEMENT_3D('',#6269,#4744,#4745);
#3846=AXIS2_PLACEMENT_3D('',#6272,#4748,#4749);
#3847=AXIS2_PLACEMENT_3D('',#6275,#4750,#4751);
#3848=AXIS2_PLACEMENT_3D('',#6310,#4752,#4753);
#3849=AXIS2_PLACEMENT_3D('',#6341,#4754,#4755);
#3850=AXIS2_PLACEMENT_3D('',#6369,#4756,#4757);
#3851=AXIS2_PLACEMENT_3D('',#6458,#4759,#4760);
#3852=AXIS2_PLACEMENT_3D('',#6484,#4761,#4762);
#3853=AXIS2_PLACEMENT_3D('',#6503,#4764,#4765);
#3854=AXIS2_PLACEMENT_3D('',#6507,#4767,#4768);
#3855=AXIS2_PLACEMENT_3D('',#6509,#4770,#4771);
#3856=AXIS2_PLACEMENT_3D('',#6563,#4773,#4774);
#3857=AXIS2_PLACEMENT_3D('',#6564,#4775,#4776);
#3858=AXIS2_PLACEMENT_3D('',#6606,#4777,#4778);
#3859=AXIS2_PLACEMENT_3D('',#6607,#4779,#4780);
#3860=AXIS2_PLACEMENT_3D('',#6610,#4782,#4783);
#3861=AXIS2_PLACEMENT_3D('',#6611,#4784,#4785);
#3862=AXIS2_PLACEMENT_3D('',#6613,#4786,#4787);
#3863=AXIS2_PLACEMENT_3D('',#6615,#4789,#4790);
#3864=AXIS2_PLACEMENT_3D('',#6616,#4791,#4792);
#3865=AXIS2_PLACEMENT_3D('',#6617,#4793,#4794);
#3866=AXIS2_PLACEMENT_3D('',#6618,#4795,#4796);
#3867=AXIS2_PLACEMENT_3D('',#6619,#4797,#4798);
#3868=AXIS2_PLACEMENT_3D('',#6620,#4799,#4800);
#3869=AXIS2_PLACEMENT_3D('',#6621,#4801,#4802);
#3870=AXIS2_PLACEMENT_3D('',#6623,#4803,#4804);
#3871=AXIS2_PLACEMENT_3D('',#6624,#4805,#4806);
#3872=AXIS2_PLACEMENT_3D('',#6625,#4807,#4808);
#3873=AXIS2_PLACEMENT_3D('',#6626,#4809,#4810);
#3874=AXIS2_PLACEMENT_3D('',#6627,#4811,#4812);
#3875=AXIS2_PLACEMENT_3D('',#6628,#4813,#4814);
#3876=AXIS2_PLACEMENT_3D('',#6630,#4815,#4816);
#3877=AXIS2_PLACEMENT_3D('',#6661,#4817,#4818);
#3878=AXIS2_PLACEMENT_3D('',#6663,#4820,#4821);
#3879=AXIS2_PLACEMENT_3D('',#6664,#4822,#4823);
#3880=AXIS2_PLACEMENT_3D('',#6665,#4824,#4825);
#3881=AXIS2_PLACEMENT_3D('',#6666,#4826,#4827);
#3882=AXIS2_PLACEMENT_3D('',#6667,#4828,#4829);
#3883=AXIS2_PLACEMENT_3D('',#6668,#4830,#4831);
#3884=AXIS2_PLACEMENT_3D('',#6669,#4832,#4833);
#3885=AXIS2_PLACEMENT_3D('',#6670,#4834,#4835);
#3886=AXIS2_PLACEMENT_3D('',#6671,#4836,#4837);
#3887=AXIS2_PLACEMENT_3D('',#6672,#4838,#4839);
#3888=AXIS2_PLACEMENT_3D('',#6675,#4842,#4843);
#3889=AXIS2_PLACEMENT_3D('',#6676,#4844,#4845);
#3890=AXIS2_PLACEMENT_3D('',#6677,#4846,#4847);
#3891=AXIS2_PLACEMENT_3D('',#6680,#4850,#4851);
#3892=AXIS2_PLACEMENT_3D('',#6681,#4852,#4853);
#3893=AXIS2_PLACEMENT_3D('',#6682,#4854,#4855);
#3894=AXIS2_PLACEMENT_3D('',#6684,#4857,#4858);
#3895=AXIS2_PLACEMENT_3D('',#6685,#4859,#4860);
#3896=AXIS2_PLACEMENT_3D('',#6687,#4862,#4863);
#3897=AXIS2_PLACEMENT_3D('',#6688,#4864,#4865);
#3898=AXIS2_PLACEMENT_3D('',#6689,#4866,#4867);
#3899=AXIS2_PLACEMENT_3D('',#6690,#4868,#4869);
#3900=AXIS2_PLACEMENT_3D('',#6691,#4870,#4871);
#3901=AXIS2_PLACEMENT_3D('',#6692,#4872,#4873);
#3902=AXIS2_PLACEMENT_3D('',#6753,#4874,#4875);
#3903=AXIS2_PLACEMENT_3D('',#6754,#4876,#4877);
#3904=AXIS2_PLACEMENT_3D('',#6755,#4878,#4879);
#3905=AXIS2_PLACEMENT_3D('',#6756,#4880,#4881);
#3906=AXIS2_PLACEMENT_3D('',#6757,#4882,#4883);
#3907=AXIS2_PLACEMENT_3D('',#6758,#4884,#4885);
#3908=AXIS2_PLACEMENT_3D('',#6819,#4886,#4887);
#3909=AXIS2_PLACEMENT_3D('',#6820,#4888,#4889);
#3910=AXIS2_PLACEMENT_3D('',#6821,#4890,#4891);
#3911=AXIS2_PLACEMENT_3D('',#6824,#4892,#4893);
#3912=AXIS2_PLACEMENT_3D('',#6839,#4894,#4895);
#3913=AXIS2_PLACEMENT_3D('',#6854,#4896,#4897);
#3914=AXIS2_PLACEMENT_3D('',#6857,#4898,#4899);
#3915=AXIS2_PLACEMENT_3D('',#6877,#4900,#4901);
#3916=AXIS2_PLACEMENT_3D('',#6895,#4902,#4903);
#3917=AXIS2_PLACEMENT_3D('',#6899,#4905,#4906);
#3918=AXIS2_PLACEMENT_3D('',#6901,#4908,#4909);
#3919=AXIS2_PLACEMENT_3D('',#6944,#4910,#4911);
#3920=AXIS2_PLACEMENT_3D('',#6985,#4912,#4913);
#3921=AXIS2_PLACEMENT_3D('',#6988,#4914,#4915);
#3922=AXIS2_PLACEMENT_3D('',#7017,#4916,#4917);
#3923=AXIS2_PLACEMENT_3D('',#7053,#4918,#4919);
#3924=AXIS2_PLACEMENT_3D('',#7055,#4920,#4921);
#3925=AXIS2_PLACEMENT_3D('',#7057,#4922,#4923);
#3926=AXIS2_PLACEMENT_3D('',#7058,#4924,#4925);
#3927=AXIS2_PLACEMENT_3D('',#7059,#4926,#4927);
#3928=AXIS2_PLACEMENT_3D('',#7062,#4928,#4929);
#3929=AXIS2_PLACEMENT_3D('',#7063,#4930,#4931);
#3930=AXIS2_PLACEMENT_3D('',#7064,#4932,#4933);
#3931=AXIS2_PLACEMENT_3D('',#7065,#4934,#4935);
#3932=AXIS2_PLACEMENT_3D('',#7108,#4936,#4937);
#3933=AXIS2_PLACEMENT_3D('',#7195,#4938,#4939);
#3934=AXIS2_PLACEMENT_3D('',#7197,#4940,#4941);
#3935=AXIS2_PLACEMENT_3D('',#7198,#4942,#4943);
#3936=AXIS2_PLACEMENT_3D('',#7199,#4944,#4945);
#3937=AXIS2_PLACEMENT_3D('',#7200,#4946,#4947);
#3938=AXIS2_PLACEMENT_3D('',#7203,#4950,#4951);
#3939=AXIS2_PLACEMENT_3D('',#7206,#4952,#4953);
#3940=AXIS2_PLACEMENT_3D('',#7207,#4954,#4955);
#3941=AXIS2_PLACEMENT_3D('',#7209,#4956,#4957);
#3942=AXIS2_PLACEMENT_3D('',#7210,#4958,#4959);
#3943=AXIS2_PLACEMENT_3D('',#7211,#4960,#4961);
#3944=AXIS2_PLACEMENT_3D('',#7380,#4962,#4963);
#3945=AXIS2_PLACEMENT_3D('',#7381,#4964,#4965);
#3946=AXIS2_PLACEMENT_3D('',#7382,#4966,#4967);
#3947=AXIS2_PLACEMENT_3D('',#7383,#4968,#4969);
#3948=AXIS2_PLACEMENT_3D('',#7384,#4970,#4971);
#3949=AXIS2_PLACEMENT_3D('',#7433,#4972,#4973);
#3950=AXIS2_PLACEMENT_3D('',#7434,#4974,#4975);
#3951=AXIS2_PLACEMENT_3D('',#7435,#4976,#4977);
#3952=AXIS2_PLACEMENT_3D('',#7484,#4978,#4979);
#3953=AXIS2_PLACEMENT_3D('',#7485,#4980,#4981);
#3954=AXIS2_PLACEMENT_3D('',#7486,#4982,#4983);
#3955=AXIS2_PLACEMENT_3D('',#7487,#4984,#4985);
#3956=AXIS2_PLACEMENT_3D('',#7488,#4986,#4987);
#3957=AXIS2_PLACEMENT_3D('',#7573,#4988,#4989);
#3958=AXIS2_PLACEMENT_3D('',#7574,#4990,#4991);
#3959=AXIS2_PLACEMENT_3D('',#7575,#4992,#4993);
#3960=AXIS2_PLACEMENT_3D('',#7594,#4994,#4995);
#3961=AXIS2_PLACEMENT_3D('',#7613,#4996,#4997);
#3962=AXIS2_PLACEMENT_3D('',#7614,#4998,#4999);
#3963=AXIS2_PLACEMENT_3D('',#7615,#5000,#5001);
#3964=AXIS2_PLACEMENT_3D('',#7634,#5002,#5003);
#3965=AXIS2_PLACEMENT_3D('',#7659,#5004,#5005);
#3966=AXIS2_PLACEMENT_3D('',#7660,#5006,#5007);
#3967=AXIS2_PLACEMENT_3D('',#7661,#5008,#5009);
#3968=AXIS2_PLACEMENT_3D('',#7722,#5010,#5011);
#3969=AXIS2_PLACEMENT_3D('',#7723,#5012,#5013);
#3970=AXIS2_PLACEMENT_3D('',#7724,#5014,#5015);
#3971=AXIS2_PLACEMENT_3D('',#7725,#5016,#5017);
#3972=AXIS2_PLACEMENT_3D('',#7756,#5018,#5019);
#3973=AXIS2_PLACEMENT_3D('',#7775,#5020,#5021);
#3974=AXIS2_PLACEMENT_3D('',#7776,#5022,#5023);
#3975=AXIS2_PLACEMENT_3D('',#7777,#5024,#5025);
#3976=AXIS2_PLACEMENT_3D('',#7808,#5026,#5027);
#3977=AXIS2_PLACEMENT_3D('',#7863,#5028,#5029);
#3978=AXIS2_PLACEMENT_3D('',#7864,#5030,#5031);
#3979=AXIS2_PLACEMENT_3D('',#7865,#5032,#5033);
#3980=AXIS2_PLACEMENT_3D('',#7866,#5034,#5035);
#3981=AXIS2_PLACEMENT_3D('',#7867,#5036,#5037);
#3982=AXIS2_PLACEMENT_3D('',#7922,#5038,#5039);
#3983=AXIS2_PLACEMENT_3D('',#7965,#5040,#5041);
#3984=AXIS2_PLACEMENT_3D('',#7966,#5042,#5043);
#3985=AXIS2_PLACEMENT_3D('',#7967,#5044,#5045);
#3986=AXIS2_PLACEMENT_3D('',#7968,#5046,#5047);
#3987=AXIS2_PLACEMENT_3D('',#7969,#5048,#5049);
#3988=AXIS2_PLACEMENT_3D('',#8018,#5050,#5051);
#3989=AXIS2_PLACEMENT_3D('',#8019,#5052,#5053);
#3990=DIRECTION('axis',(0.,0.,1.));
#3991=DIRECTION('refdir',(1.,0.,0.));
#3992=DIRECTION('axis',(0.,0.,1.));
#3993=DIRECTION('refdir',(1.,0.,0.));
#3994=DIRECTION('axis',(0.,0.,1.));
#3995=DIRECTION('refdir',(1.,0.,0.));
#3996=DIRECTION('center_axis',(5.55111512312578E-17,-3.99680288865056E-15,
1.));
#3997=DIRECTION('ref_axis',(-1.,-3.99680288865056E-15,5.55111512312418E-17));
#3998=DIRECTION('center_axis',(-5.55111512312657E-17,3.99680288865056E-15,
-1.));
#3999=DIRECTION('ref_axis',(-1.,-3.99680288865056E-15,5.55111512312497E-17));
#4000=DIRECTION('',(5.55111512312578E-17,-3.99680288865056E-15,1.));
#4001=DIRECTION('center_axis',(-5.55111512312657E-17,3.99680288865056E-15,
-1.));
#4002=DIRECTION('ref_axis',(-1.,-3.99680288865056E-15,5.55111512312418E-17));
#4003=DIRECTION('center_axis',(-5.55111512312657E-17,3.99680288865056E-15,
-1.));
#4004=DIRECTION('ref_axis',(-1.,-3.99680288865056E-15,5.55111512312497E-17));
#4005=DIRECTION('',(0.866025403784437,0.500000000000003,1.9503273771657E-15));
#4006=DIRECTION('',(0.866025403784441,-0.499999999999996,-2.04647551148486E-15));
#4007=DIRECTION('',(3.99680288865056E-15,-1.,-3.99680288865056E-15));
#4008=DIRECTION('',(-0.866025403784437,-0.500000000000004,-1.9503273771657E-15));
#4009=DIRECTION('',(-0.866025403784441,0.499999999999996,2.04647551148486E-15));
#4010=DIRECTION('',(-3.99680288865056E-15,1.,3.99680288865056E-15));
#4011=DIRECTION('center_axis',(-0.500000000000004,0.866025403784437,3.16817001416947E-15));
#4012=DIRECTION('ref_axis',(-0.866025403784437,-0.500000000000004,-1.15135771958789E-14));
#4013=DIRECTION('',(-8.38568060135182E-15,-8.49976257356724E-15,1.));
#4014=DIRECTION('',(-0.866025403784437,-0.500000000000004,-1.9503273771657E-15));
#4015=DIRECTION('',(-8.38568060135182E-15,-8.49976257356724E-15,1.));
#4016=DIRECTION('center_axis',(-1.,-3.99680288865053E-15,-8.38568060135186E-15));
#4017=DIRECTION('ref_axis',(3.9968028886506E-15,-1.,-8.49980744483794E-15));
#4018=DIRECTION('',(-8.38568060135182E-15,-8.49976257356724E-15,1.));
#4019=DIRECTION('',(3.99680288865056E-15,-1.,-3.99680288865056E-15));
#4020=DIRECTION('center_axis',(-0.499999999999996,-0.866025403784441,-1.15538506155213E-14));
#4021=DIRECTION('ref_axis',(0.866025403784441,-0.499999999999996,3.01376975104093E-15));
#4022=DIRECTION('',(-8.38568060135182E-15,-8.49976257356724E-15,1.));
#4023=DIRECTION('',(0.866025403784441,-0.499999999999996,-2.04647551148486E-15));
#4024=DIRECTION('center_axis',(0.499999999999996,0.866025403784441,1.15538506155213E-14));
#4025=DIRECTION('ref_axis',(-0.866025403784441,0.499999999999996,-3.01376975104093E-15));
#4026=DIRECTION('',(-0.866025403784441,0.499999999999996,2.04647551148486E-15));
#4027=DIRECTION('',(-8.38568060135182E-15,-8.49976257356724E-15,1.));
#4028=DIRECTION('center_axis',(1.,3.99680288865053E-15,8.38568060135186E-15));
#4029=DIRECTION('ref_axis',(-3.9968028886506E-15,1.,8.49980744483794E-15));
#4030=DIRECTION('',(-3.99680288865056E-15,1.,3.99680288865056E-15));
#4031=DIRECTION('',(-8.38568060135182E-15,-8.49976257356724E-15,1.));
#4032=DIRECTION('center_axis',(0.500000000000003,-0.866025403784437,-3.16817001416948E-15));
#4033=DIRECTION('ref_axis',(0.866025403784437,0.500000000000003,1.15135771958789E-14));
#4034=DIRECTION('',(0.866025403784437,0.500000000000003,1.9503273771657E-15));
#4035=DIRECTION('center_axis',(-5.55111512312578E-17,4.03916799063231E-15,
-1.));
#4036=DIRECTION('ref_axis',(-1.,-3.99680288865056E-15,5.55111512312417E-17));
#4037=DIRECTION('center_axis',(-5.55111512312657E-17,3.99680288865056E-15,
-1.));
#4038=DIRECTION('ref_axis',(-1.,-3.99680288865056E-15,5.55111512312497E-17));
#4039=DIRECTION('',(5.55111512312578E-17,-4.03916799063231E-15,1.));
#4040=DIRECTION('center_axis',(5.55111512312578E-17,6.162975822039E-33,
1.));
#4041=DIRECTION('ref_axis',(-1.,-3.99680288865056E-15,5.55111512312417E-17));
#4042=DIRECTION('center_axis',(-5.55111512312657E-17,3.99680288865056E-15,
-1.));
#4043=DIRECTION('ref_axis',(-1.,-3.99680288865056E-15,5.55111512312497E-17));
#4044=DIRECTION('center_axis',(5.55111512312578E-17,-3.69376630129252E-15,
1.));
#4045=DIRECTION('ref_axis',(-1.,-3.99680288865056E-15,5.5511151231243E-17));
#4046=DIRECTION('center_axis',(5.55111512312657E-17,-3.99680288865056E-15,
1.));
#4047=DIRECTION('ref_axis',(-1.,-3.99680288865056E-15,5.55111512312497E-17));
#4048=DIRECTION('',(-5.55111512312578E-17,3.69376630129252E-15,-1.));
#4049=DIRECTION('center_axis',(-5.55111512312578E-17,-6.162975822039E-33,
-1.));
#4050=DIRECTION('ref_axis',(-1.,-3.99680288865056E-15,5.5511151231243E-17));
#4051=DIRECTION('center_axis',(-5.55111512312657E-17,3.99680288865056E-15,
-1.));
#4052=DIRECTION('ref_axis',(-1.,-3.99680288865056E-15,5.55111512312497E-17));
#4053=DIRECTION('center_axis',(5.55111512312578E-17,-4.03366576251507E-15,
1.));
#4054=DIRECTION('ref_axis',(-1.,-3.99680288865056E-15,5.55111512312417E-17));
#4055=DIRECTION('center_axis',(5.5513268813626E-17,-3.68628738645071E-17,
1.));
#4056=DIRECTION('ref_axis',(-1.,-3.99680288865056E-15,5.55111512312417E-17));
#4057=DIRECTION('',(-5.55111512312578E-17,4.03366576251507E-15,-1.));
#4058=DIRECTION('center_axis',(5.55111512312578E-17,6.162975822039E-33,
1.));
#4059=DIRECTION('ref_axis',(-1.,-3.99680288865056E-15,5.55111512312417E-17));
#4060=DIRECTION('',(5.55111512312578E-17,-4.03366576251507E-15,1.));
#4061=DIRECTION('center_axis',(-5.55111512312578E-17,-6.162975822039E-33,
-1.));
#4062=DIRECTION('ref_axis',(-1.,-3.99680288865056E-15,5.55111512312417E-17));
#4063=DIRECTION('center_axis',(5.55111512312578E-17,6.162975822039E-33,
1.));
#4064=DIRECTION('ref_axis',(-1.,-3.99680288865056E-15,5.55111512312417E-17));
#4065=DIRECTION('',(5.55111512312578E-17,-4.03366576251507E-15,1.));
#4066=DIRECTION('center_axis',(5.5513268813626E-17,-3.68628738645071E-17,
1.));
#4067=DIRECTION('ref_axis',(-1.,-3.99680288865056E-15,5.55111512312417E-17));
#4068=DIRECTION('center_axis',(5.55111512312578E-17,6.162975822039E-33,
1.));
#4069=DIRECTION('ref_axis',(-1.,-3.99680288865056E-15,5.55111512312417E-17));
#4070=DIRECTION('center_axis',(5.5513268813626E-17,-3.68628738645071E-17,
1.));
#4071=DIRECTION('ref_axis',(-1.,-3.99680288865056E-15,5.55111512312417E-17));
#4072=DIRECTION('center_axis',(5.55111512312578E-17,6.162975822039E-33,
1.));
#4073=DIRECTION('ref_axis',(-1.,-3.99680288865056E-15,5.55111512312417E-17));
#4074=DIRECTION('',(5.55111512312578E-17,6.162975822039E-33,1.));
#4075=DIRECTION('center_axis',(5.55111512312578E-17,6.162975822039E-33,
1.));
#4076=DIRECTION('ref_axis',(0.298953603457441,-0.954267647455268,-1.65952586926555E-17));
#4077=DIRECTION('center_axis',(5.55111512312578E-17,6.162975822039E-33,
1.));
#4078=DIRECTION('ref_axis',(0.585093727005291,0.810965677830485,2.65990392333968E-17));
#4079=DIRECTION('center_axis',(-5.5513268813626E-17,3.68628738645071E-17,
-1.));
#4080=DIRECTION('ref_axis',(0.585093727005291,0.810965677830485,-2.58593985810129E-18));
#4081=DIRECTION('center_axis',(-5.55111512312578E-17,-6.162975822039E-33,
-1.));
#4082=DIRECTION('ref_axis',(-1.,-7.9739752789976E-45,5.55111512312578E-17));
#4083=DIRECTION('center_axis',(-5.55111512312578E-17,-6.162975822039E-33,
-1.));
#4084=DIRECTION('ref_axis',(-1.,-7.9739752789976E-45,5.55111512312578E-17));
#4085=DIRECTION('',(-0.99405313724319,0.108896098814289,5.5181034033413E-17));
#4086=DIRECTION('center_axis',(-5.5513268813626E-17,3.68628738645071E-17,
-1.));
#4087=DIRECTION('ref_axis',(-1.,-9.1843470133271E-41,5.5513268813626E-17));
#4088=DIRECTION('',(0.866018831651903,0.500011383094698,-2.96436796533168E-17));
#4089=DIRECTION('',(-0.865947300147446,0.500135255073414,6.65079880744832E-17));
#4090=DIRECTION('',(2.0463785342397E-33,1.,3.68628738645071E-17));
#4091=DIRECTION('',(0.865947300147446,0.500135255073414,-2.96351424285544E-17));
#4092=DIRECTION('',(0.866018831651903,-0.500011383094698,-6.6507392744992E-17));
#4093=DIRECTION('',(-2.0463785342397E-33,-1.,-3.68628738645071E-17));
#4094=DIRECTION('',(0.99405313724319,-0.108896098814289,-5.91973621777375E-17));
#4095=DIRECTION('center_axis',(-8.38742898406777E-15,-4.50300455618741E-15,
1.));
#4096=DIRECTION('ref_axis',(-1.,-3.99680288865053E-15,-8.38742898406779E-15));
#4097=DIRECTION('center_axis',(5.55111512312578E-17,6.162975822039E-33,
1.));
#4098=DIRECTION('ref_axis',(-1.,-3.99680288865053E-15,-8.38742898406779E-15));
#4099=DIRECTION('',(-8.38742898406777E-15,-4.50300455618741E-15,1.));
#4100=DIRECTION('center_axis',(-5.55111512312578E-17,-6.162975822039E-33,
-1.));
#4101=DIRECTION('ref_axis',(-1.,-3.99680288865053E-15,-8.38742898406779E-15));
#4102=DIRECTION('center_axis',(-5.5513268813626E-17,3.68628738645071E-17,
-1.));
#4103=DIRECTION('ref_axis',(-1.,-9.18434701332572E-41,5.5513268813626E-17));
#4104=DIRECTION('center_axis',(5.5513268813626E-17,-3.68628738645071E-17,
1.));
#4105=DIRECTION('ref_axis',(-1.,1.31011003981662E-37,5.55111512312578E-17));
#4106=DIRECTION('',(-0.866018831651903,0.500011383094698,6.6507392744992E-17));
#4107=DIRECTION('center_axis',(-5.5513268813626E-17,3.68628738645071E-17,
-1.));
#4108=DIRECTION('ref_axis',(-1.,-9.18434701332572E-41,5.5513268813626E-17));
#4109=DIRECTION('',(-0.865947300147446,-0.500135255073414,2.96351424285544E-17));
#4110=DIRECTION('center_axis',(5.5513268813626E-17,-3.68628738645071E-17,
1.));
#4111=DIRECTION('ref_axis',(-1.,1.31011003981662E-37,5.55111512312578E-17));
#4112=DIRECTION('center_axis',(-5.5513268813626E-17,3.68628738645071E-17,
-1.));
#4113=DIRECTION('ref_axis',(-1.,-9.18434701332572E-41,5.5513268813626E-17));
#4114=DIRECTION('',(-2.0463785342397E-33,-1.,-3.68628738645071E-17));
#4115=DIRECTION('center_axis',(5.5513268813626E-17,-3.68628738645071E-17,
1.));
#4116=DIRECTION('ref_axis',(-1.,6.54595802557644E-38,5.55111512312578E-17));
#4117=DIRECTION('center_axis',(-5.5513268813626E-17,3.68628738645071E-17,
-1.));
#4118=DIRECTION('ref_axis',(-1.,-9.18434701332572E-41,5.5513268813626E-17));
#4119=DIRECTION('',(0.865947300147446,-0.500135255073414,-6.65079880744832E-17));
#4120=DIRECTION('center_axis',(5.5513268813626E-17,-3.68628738645071E-17,
1.));
#4121=DIRECTION('ref_axis',(-1.,6.54595802557644E-38,5.55111512312578E-17));
#4122=DIRECTION('center_axis',(-5.5513268813626E-17,3.68628738645071E-17,
-1.));
#4123=DIRECTION('ref_axis',(-1.,-9.18434701332572E-41,5.5513268813626E-17));
#4124=DIRECTION('',(0.866018831651903,0.500011383094698,-2.96436796533168E-17));
#4125=DIRECTION('center_axis',(5.5513268813626E-17,-3.68628738645071E-17,
1.));
#4126=DIRECTION('ref_axis',(-1.,1.31011003981662E-37,5.55111512312578E-17));
#4127=DIRECTION('center_axis',(-5.5513268813626E-17,3.68628738645071E-17,
-1.));
#4128=DIRECTION('ref_axis',(-1.,-9.18434701332572E-41,5.5513268813626E-17));
#4129=DIRECTION('center_axis',(5.5513268813626E-17,-3.68628738645071E-17,
1.));
#4130=DIRECTION('ref_axis',(-1.,6.54595802557644E-38,5.55111512312578E-17));
#4131=DIRECTION('',(2.0463785342397E-33,1.,3.68628738645071E-17));
#4132=DIRECTION('center_axis',(-0.500135255073414,0.865947300147446,8.13752400303628E-17));
#4133=DIRECTION('ref_axis',(-0.865947300147446,-0.500135255073414,2.96351424285544E-17));
#4134=DIRECTION('',(5.55111512312578E-17,-6.1911569261513E-17,1.));
#4135=DIRECTION('',(-0.865947300147446,-0.500135255073414,4.80697315367843E-17));
#4136=DIRECTION('',(-5.55111512312578E-17,-6.162975822039E-33,-1.));
#4137=DIRECTION('',(-0.865947300147446,-0.500135255073414,2.96351424285544E-17));
#4138=DIRECTION('',(5.55111512312578E-17,6.162975822039E-33,1.));
#4139=DIRECTION('',(-0.865947300147446,-0.500135255073414,4.80697315367843E-17));
#4140=DIRECTION('',(5.55111512312578E-17,-6.1911569261513E-17,1.));
#4141=DIRECTION('center_axis',(5.55111512312578E-17,-3.09557846307565E-17,
1.));
#4142=DIRECTION('ref_axis',(1.,-1.22464679914735E-16,-5.55111512312578E-17));
#4143=DIRECTION('',(5.55111512312578E-17,-3.09557846307565E-17,1.));
#4144=DIRECTION('center_axis',(5.55111512312578E-17,6.162975822039E-33,
1.));
#4145=DIRECTION('ref_axis',(-1.,6.54595802557644E-38,5.55111512312578E-17));
#4146=DIRECTION('',(5.55111512312578E-17,-6.1911569261513E-17,1.));
#4147=DIRECTION('center_axis',(0.500011383094699,0.866018831651903,2.58603773732712E-17));
#4148=DIRECTION('ref_axis',(-0.866018831651903,0.500011383094698,6.6507392744992E-17));
#4149=DIRECTION('',(5.55111512312578E-17,-6.1911569261513E-17,1.));
#4150=DIRECTION('',(-0.866018831651903,0.500011383094698,4.8073702332946E-17));
#4151=DIRECTION('',(-5.55111512312578E-17,-6.162975822039E-33,-1.));
#4152=DIRECTION('',(-0.866018831651903,0.500011383094698,6.6507392744992E-17));
#4153=DIRECTION('',(5.55111512312578E-17,6.162975822039E-33,1.));
#4154=DIRECTION('',(-0.866018831651903,0.500011383094698,4.8073702332946E-17));
#4155=DIRECTION('',(5.55111512312578E-17,-6.1911569261513E-17,1.));
#4156=DIRECTION('center_axis',(5.55111512312578E-17,-3.09557846307565E-17,
1.));
#4157=DIRECTION('ref_axis',(-1.,6.54595802557644E-38,5.55111512312578E-17));
#4158=DIRECTION('',(5.55111512312578E-17,-6.1911569261513E-17,1.));
#4159=DIRECTION('center_axis',(5.55111512312578E-17,6.162975822039E-33,
1.));
#4160=DIRECTION('ref_axis',(-1.,6.54595802557644E-38,5.55111512312578E-17));
#4161=DIRECTION('',(5.55111512312578E-17,-3.09557846307565E-17,1.));
#4162=DIRECTION('center_axis',(1.,-7.79683282641593E-38,-5.55111512312578E-17));
#4163=DIRECTION('ref_axis',(2.0463785342397E-33,1.,3.68628738645071E-17));
#4164=DIRECTION('',(5.55111512312578E-17,-3.09557846307565E-17,1.));
#4165=DIRECTION('',(7.79683282638171E-38,1.,-6.162975822039E-33));
#4166=DIRECTION('',(-5.55111512312578E-17,-6.162975822039E-33,-1.));
#4167=DIRECTION('',(2.0463785342397E-33,1.,3.68628738645071E-17));
#4168=DIRECTION('',(5.55111512312578E-17,6.162975822039E-33,1.));
#4169=DIRECTION('',(7.79683282638171E-38,1.,-6.162975822039E-33));
#4170=DIRECTION('',(5.55111512312578E-17,-6.1911569261513E-17,1.));
#4171=DIRECTION('center_axis',(5.55111512312578E-17,-6.1911569261513E-17,
1.));
#4172=DIRECTION('ref_axis',(-1.,1.31011003981662E-37,5.55111512312578E-17));
#4173=DIRECTION('',(5.55111512312578E-17,-3.09557846307565E-17,1.));
#4174=DIRECTION('center_axis',(5.55111512312578E-17,6.162975822039E-33,
1.));
#4175=DIRECTION('ref_axis',(-1.,1.31011003981662E-37,5.55111512312578E-17));
#4176=DIRECTION('',(5.55111512312578E-17,-6.1911569261513E-17,1.));
#4177=DIRECTION('center_axis',(-5.5513268813626E-17,3.68628738645071E-17,
-1.));
#4178=DIRECTION('ref_axis',(-1.,-9.18434701332572E-41,5.5513268813626E-17));
#4179=DIRECTION('center_axis',(-5.5513268813626E-17,3.68628738645071E-17,
-1.));
#4180=DIRECTION('ref_axis',(-1.,-7.9739752789976E-45,5.55111512312578E-17));
#4181=DIRECTION('',(0.865947300147446,-0.500135255073414,-6.65079880744832E-17));
#4182=DIRECTION('center_axis',(0.500011383094698,-0.866018831651903,-8.13727923819116E-17));
#4183=DIRECTION('ref_axis',(0.866018831651903,0.500011383094698,-2.96436796533168E-17));
#4184=DIRECTION('',(0.866018831651903,0.500011383094698,-4.8073702332946E-17));
#4185=DIRECTION('',(-5.55111512312578E-17,-6.162975822039E-33,-1.));
#4186=DIRECTION('',(0.866018831651903,0.500011383094698,-2.96436796533168E-17));
#4187=DIRECTION('',(5.55111512312578E-17,6.162975822039E-33,1.));
#4188=DIRECTION('',(0.866018831651903,0.500011383094698,-4.8073702332946E-17));
#4189=DIRECTION('center_axis',(-1.,7.79683282641593E-38,5.55111512312578E-17));
#4190=DIRECTION('ref_axis',(-2.0463785342397E-33,-1.,-3.68628738645071E-17));
#4191=DIRECTION('',(-7.79683282638171E-38,-1.,6.162975822039E-33));
#4192=DIRECTION('',(-5.55111512312578E-17,-6.162975822039E-33,-1.));
#4193=DIRECTION('',(-2.0463785342397E-33,-1.,-3.68628738645071E-17));
#4194=DIRECTION('',(5.55111512312578E-17,6.162975822039E-33,1.));
#4195=DIRECTION('',(-7.79683282638171E-38,-1.,6.162975822039E-33));
#4196=DIRECTION('center_axis',(-5.5513268813626E-17,3.68628738645071E-17,
-1.));
#4197=DIRECTION('ref_axis',(-1.,-9.18434701332572E-41,5.5513268813626E-17));
#4198=DIRECTION('center_axis',(-5.5513268813626E-17,3.68628738645071E-17,
-1.));
#4199=DIRECTION('ref_axis',(-1.,-7.9739752789976E-45,5.55111512312578E-17));
#4200=DIRECTION('center_axis',(-5.5513268813626E-17,3.68628738645071E-17,
-1.));
#4201=DIRECTION('ref_axis',(-1.,-9.18434701332572E-41,5.5513268813626E-17));
#4202=DIRECTION('center_axis',(-5.5513268813626E-17,3.68628738645071E-17,
-1.));
#4203=DIRECTION('ref_axis',(-1.,-7.9739752789976E-45,5.55111512312578E-17));
#4204=DIRECTION('center_axis',(5.55111512312578E-17,-6.1911569261513E-17,
1.));
#4205=DIRECTION('ref_axis',(-1.,1.31011003981662E-37,5.55111512312578E-17));
#4206=DIRECTION('center_axis',(5.55111512312578E-17,6.162975822039E-33,
1.));
#4207=DIRECTION('ref_axis',(-1.,1.31011003981662E-37,5.55111512312578E-17));
#4208=DIRECTION('center_axis',(-5.5513268813626E-17,3.68628738645071E-17,
-1.));
#4209=DIRECTION('ref_axis',(-1.,-9.18434701332572E-41,5.5513268813626E-17));
#4210=DIRECTION('center_axis',(-5.5513268813626E-17,3.68628738645071E-17,
-1.));
#4211=DIRECTION('ref_axis',(-1.,-7.9739752789976E-45,5.55111512312578E-17));
#4212=DIRECTION('center_axis',(-5.5513268813626E-17,3.68628738645071E-17,
-1.));
#4213=DIRECTION('ref_axis',(-1.,-7.9739752789976E-45,5.55111512312578E-17));
#4214=DIRECTION('center_axis',(-0.500135255073414,-0.865947300147446,9.57005655514601E-19));
#4215=DIRECTION('ref_axis',(0.865947300147446,-0.500135255073414,-6.65079880744832E-17));
#4216=DIRECTION('',(0.865947300147446,-0.500135255073414,-4.80697315367843E-17));
#4217=DIRECTION('',(-5.55111512312578E-17,-6.162975822039E-33,-1.));
#4218=DIRECTION('',(5.55111512312578E-17,6.162975822039E-33,1.));
#4219=DIRECTION('',(0.865947300147446,-0.500135255073414,-4.80697315367843E-17));
#4220=DIRECTION('center_axis',(-5.5513268813626E-17,3.68628738645071E-17,
-1.));
#4221=DIRECTION('ref_axis',(-1.,-9.18434701332572E-41,5.5513268813626E-17));
#4222=DIRECTION('center_axis',(-5.5513268813626E-17,3.68628738645071E-17,
-1.));
#4223=DIRECTION('ref_axis',(-1.,-7.9739752789976E-45,5.55111512312578E-17));
#4224=DIRECTION('center_axis',(5.55111512312578E-17,-3.09557846307565E-17,
1.));
#4225=DIRECTION('ref_axis',(-1.,6.54595802557644E-38,5.55111512312578E-17));
#4226=DIRECTION('center_axis',(5.55111512312578E-17,6.162975822039E-33,
1.));
#4227=DIRECTION('ref_axis',(-1.,6.54595802557644E-38,5.55111512312578E-17));
#4228=DIRECTION('center_axis',(5.55111512312578E-17,-6.1911569261513E-17,
1.));
#4229=DIRECTION('ref_axis',(-1.,1.31011003981662E-37,5.55111512312578E-17));
#4230=DIRECTION('center_axis',(5.55111512312578E-17,6.162975822039E-33,
1.));
#4231=DIRECTION('ref_axis',(-1.,1.31011003981662E-37,5.55111512312578E-17));
#4232=DIRECTION('center_axis',(-5.5513268813626E-17,3.68628738645071E-17,
-1.));
#4233=DIRECTION('ref_axis',(-1.,-9.18434701332572E-41,5.5513268813626E-17));
#4234=DIRECTION('center_axis',(-5.5513268813626E-17,3.68628738645071E-17,
-1.));
#4235=DIRECTION('ref_axis',(-1.,-7.9739752789976E-45,5.55111512312578E-17));
#4236=DIRECTION('center_axis',(5.55111512312578E-17,6.162975822039E-33,
1.));
#4237=DIRECTION('ref_axis',(-1.,-7.9739752789976E-45,5.55111512312578E-17));
#4238=DIRECTION('',(5.55111512312578E-17,6.162975822039E-33,1.));
#4239=DIRECTION('center_axis',(5.55111512312578E-17,6.162975822039E-33,
1.));
#4240=DIRECTION('ref_axis',(-1.,-7.9739752789976E-45,5.55111512312578E-17));
#4241=DIRECTION('center_axis',(5.55111512312578E-17,6.162975822039E-33,
1.));
#4242=DIRECTION('ref_axis',(-1.,-7.9739752789976E-45,5.55111512312578E-17));
#4243=DIRECTION('center_axis',(5.55111512312578E-17,6.162975822039E-33,
1.));
#4244=DIRECTION('ref_axis',(-1.,-7.9739752789976E-45,5.55111512312578E-17));
#4245=DIRECTION('center_axis',(5.55111512312578E-17,6.162975822039E-33,
1.));
#4246=DIRECTION('ref_axis',(-1.,-7.9739752789976E-45,5.55111512312578E-17));
#4247=DIRECTION('center_axis',(5.55111512312578E-17,6.162975822039E-33,
1.));
#4248=DIRECTION('ref_axis',(-1.,-7.9739752789976E-45,5.55111512312578E-17));
#4249=DIRECTION('center_axis',(5.55111512312578E-17,6.162975822039E-33,
1.));
#4250=DIRECTION('ref_axis',(-1.,-7.9739752789976E-45,5.55111512312578E-17));
#4251=DIRECTION('center_axis',(5.55111512312578E-17,6.162975822039E-33,
1.));
#4252=DIRECTION('ref_axis',(-1.,-7.9739752789976E-45,5.55111512312578E-17));
#4253=DIRECTION('center_axis',(5.55111512312578E-17,6.162975822039E-33,
1.));
#4254=DIRECTION('ref_axis',(1.,7.9739752789976E-45,-5.55111512312578E-17));
#4255=DIRECTION('center_axis',(5.55111512312578E-17,6.162975822039E-33,
1.));
#4256=DIRECTION('ref_axis',(1.,7.9739752789976E-45,-5.55111512312578E-17));
#4257=DIRECTION('center_axis',(5.55111512312578E-17,6.162975822039E-33,
1.));
#4258=DIRECTION('ref_axis',(1.,7.9739752789976E-45,-5.55111512312578E-17));
#4259=DIRECTION('center_axis',(5.55111512312578E-17,6.162975822039E-33,
1.));
#4260=DIRECTION('ref_axis',(1.,7.9739752789976E-45,-5.55111512312578E-17));
#4261=DIRECTION('center_axis',(5.55111512312578E-17,6.162975822039E-33,
1.));
#4262=DIRECTION('ref_axis',(1.,7.9739752789976E-45,-5.55111512312578E-17));
#4263=DIRECTION('center_axis',(5.55111512312578E-17,6.162975822039E-33,
1.));
#4264=DIRECTION('ref_axis',(1.,7.9739752789976E-45,-5.55111512312578E-17));
#4265=DIRECTION('center_axis',(-5.5513268813626E-17,3.68628738645071E-17,
-1.));
#4266=DIRECTION('ref_axis',(-1.,-9.18434701332572E-41,5.5513268813626E-17));
#4267=DIRECTION('',(0.866018831651903,0.500011383094698,-2.96436796533168E-17));
#4268=DIRECTION('center_axis',(5.5513268813626E-17,-3.68628738645071E-17,
1.));
#4269=DIRECTION('ref_axis',(-1.,1.54172507031479E-37,5.55111512312578E-17));
#4270=DIRECTION('center_axis',(5.55111512312578E-17,-7.2849279831047E-17,
1.));
#4271=DIRECTION('ref_axis',(-1.,1.54172507031479E-37,5.55111512312578E-17));
#4272=DIRECTION('',(5.55111512312578E-17,-7.2849279831047E-17,1.));
#4273=DIRECTION('center_axis',(5.55111512312578E-17,6.162975822039E-33,
1.));
#4274=DIRECTION('ref_axis',(-1.,1.54172507031479E-37,5.55111512312578E-17));
#4275=DIRECTION('',(5.55111512312578E-17,-7.2849279831047E-17,1.));
#4276=DIRECTION('center_axis',(0.500011383094698,-0.866018831651903,-9.0845055710286E-17));
#4277=DIRECTION('ref_axis',(0.866018831651903,0.500011383094698,-2.96436796533168E-17));
#4278=DIRECTION('',(5.55111512312578E-17,-7.2849279831047E-17,1.));
#4279=DIRECTION('',(5.55111512312578E-17,-7.2849279831047E-17,1.));
#4280=DIRECTION('',(5.55111512312578E-17,6.162975822039E-33,1.));
#4281=DIRECTION('center_axis',(0.108896098814289,0.99405313724319,-6.044947809774E-18));
#4282=DIRECTION('ref_axis',(-0.99405313724319,0.108896098814289,5.5181034033413E-17));
#4283=DIRECTION('',(5.55111512312578E-17,6.162975822039E-33,1.));
#4284=DIRECTION('center_axis',(-5.55111512312578E-17,-6.162975822039E-33,
-1.));
#4285=DIRECTION('ref_axis',(-1.,-7.9739752789976E-45,5.55111512312578E-17));
#4286=DIRECTION('center_axis',(0.500135255073414,0.865947300147446,3.53205534069169E-17));
#4287=DIRECTION('ref_axis',(-0.865947300147446,0.500135255073414,6.65079880744832E-17));
#4288=DIRECTION('',(-0.865947300147446,0.500135255073414,4.80697315367843E-17));
#4289=DIRECTION('',(5.55111512312578E-17,-7.2849279831047E-17,1.));
#4290=DIRECTION('',(-0.865947300147446,0.500135255073414,4.80697315367843E-17));
#4291=DIRECTION('',(5.55111512312578E-17,6.162975822039E-33,1.));
#4292=DIRECTION('',(-0.865947300147446,0.500135255073414,4.80697315367843E-17));
#4293=DIRECTION('',(-5.55111512312578E-17,-6.162975822039E-33,-1.));
#4294=DIRECTION('center_axis',(-1.,7.79683282641593E-38,5.55111512312578E-17));
#4295=DIRECTION('ref_axis',(-2.0463785342397E-33,-1.,-3.68628738645071E-17));
#4296=DIRECTION('',(-7.79683282638171E-38,-1.,6.162975822039E-33));
#4297=DIRECTION('',(5.55111512312578E-17,-7.2849279831047E-17,1.));
#4298=DIRECTION('',(-7.79683282638171E-38,-1.,6.162975822039E-33));
#4299=DIRECTION('',(5.55111512312578E-17,6.162975822039E-33,1.));
#4300=DIRECTION('',(-7.79683282638171E-38,-1.,6.162975822039E-33));
#4301=DIRECTION('',(-5.55111512312578E-17,-6.162975822039E-33,-1.));
#4302=DIRECTION('center_axis',(-0.500011383094699,-0.866018831651903,-3.53326407016457E-17));
#4303=DIRECTION('ref_axis',(0.866018831651903,-0.500011383094698,-6.6507392744992E-17));
#4304=DIRECTION('',(0.866018831651903,-0.500011383094698,-4.8073702332946E-17));
#4305=DIRECTION('',(5.55111512312578E-17,-7.2849279831047E-17,1.));
#4306=DIRECTION('',(0.866018831651903,-0.500011383094698,-4.8073702332946E-17));
#4307=DIRECTION('',(5.55111512312578E-17,6.162975822039E-33,1.));
#4308=DIRECTION('',(0.866018831651903,-0.500011383094698,-4.8073702332946E-17));
#4309=DIRECTION('',(-5.55111512312578E-17,-6.162975822039E-33,-1.));
#4310=DIRECTION('center_axis',(1.,-7.79683282641593E-38,-5.55111512312578E-17));
#4311=DIRECTION('ref_axis',(2.0463785342397E-33,1.,3.68628738645071E-17));
#4312=DIRECTION('',(7.79683282638171E-38,1.,-6.162975822039E-33));
#4313=DIRECTION('',(5.55111512312578E-17,6.162975822039E-33,1.));
#4314=DIRECTION('',(7.79683282638171E-38,1.,-6.162975822039E-33));
#4315=DIRECTION('',(-5.55111512312578E-17,-6.162975822039E-33,-1.));
#4316=DIRECTION('',(7.79683282638171E-38,1.,-6.162975822039E-33));
#4317=DIRECTION('',(5.55111512312578E-17,-7.2849279831047E-17,1.));
#4318=DIRECTION('center_axis',(0.500135255073414,-0.865947300147446,-9.0846720967845E-17));
#4319=DIRECTION('ref_axis',(0.865947300147446,0.500135255073414,-2.96351424285544E-17));
#4320=DIRECTION('',(0.865947300147446,0.500135255073414,-4.80697315367843E-17));
#4321=DIRECTION('',(5.55111512312578E-17,6.162975822039E-33,1.));
#4322=DIRECTION('',(0.865947300147446,0.500135255073414,-4.80697315367843E-17));
#4323=DIRECTION('',(-5.55111512312578E-17,-6.162975822039E-33,-1.));
#4324=DIRECTION('',(0.865947300147446,0.500135255073414,-4.80697315367843E-17));
#4325=DIRECTION('center_axis',(-5.55111512312578E-17,-6.162975822039E-33,
-1.));
#4326=DIRECTION('ref_axis',(-1.,-7.9739752789976E-45,5.55111512312578E-17));
#4327=DIRECTION('center_axis',(-5.55111512312578E-17,-6.162975822039E-33,
-1.));
#4328=DIRECTION('ref_axis',(-1.,-7.9739752789976E-45,5.55111512312578E-17));
#4329=DIRECTION('center_axis',(5.55111512312578E-17,6.162975822039E-33,
1.));
#4330=DIRECTION('ref_axis',(-1.,-7.9739752789976E-45,5.55111512312578E-17));
#4331=DIRECTION('center_axis',(-5.55111512312578E-17,-6.162975822039E-33,
-1.));
#4332=DIRECTION('ref_axis',(-1.,-7.9739752789976E-45,5.55111512312578E-17));
#4333=DIRECTION('center_axis',(5.55111512312578E-17,6.162975822039E-33,
1.));
#4334=DIRECTION('ref_axis',(-1.,-7.9739752789976E-45,5.55111512312578E-17));
#4335=DIRECTION('center_axis',(-5.55111512312578E-17,-6.162975822039E-33,
-1.));
#4336=DIRECTION('ref_axis',(-1.,-7.9739752789976E-45,5.55111512312578E-17));
#4337=DIRECTION('center_axis',(-5.55111512312578E-17,-6.162975822039E-33,
-1.));
#4338=DIRECTION('ref_axis',(-1.,-7.9739752789976E-45,5.55111512312578E-17));
#4339=DIRECTION('center_axis',(-5.55111512312578E-17,-6.162975822039E-33,
-1.));
#4340=DIRECTION('ref_axis',(-1.,-7.9739752789976E-45,5.55111512312578E-17));
#4341=DIRECTION('center_axis',(5.55111512312578E-17,6.162975822039E-33,
1.));
#4342=DIRECTION('ref_axis',(-1.,-7.9739752789976E-45,5.55111512312578E-17));
#4343=DIRECTION('center_axis',(-5.55111512312578E-17,-6.162975822039E-33,
-1.));
#4344=DIRECTION('ref_axis',(1.,1.22464679914735E-16,-5.55111512312578E-17));
#4345=DIRECTION('center_axis',(5.55111512312578E-17,6.162975822039E-33,
1.));
#4346=DIRECTION('ref_axis',(-1.,-7.9739752789976E-45,5.55111512312578E-17));
#4347=DIRECTION('center_axis',(-5.55111512312578E-17,-6.162975822039E-33,
-1.));
#4348=DIRECTION('ref_axis',(-1.,-7.9739752789976E-45,5.55111512312578E-17));
#4349=DIRECTION('center_axis',(-5.55111512312578E-17,-6.162975822039E-33,
-1.));
#4350=DIRECTION('ref_axis',(-1.,-7.9739752789976E-45,5.55111512312578E-17));
#4351=DIRECTION('center_axis',(-5.55111512312578E-17,-6.162975822039E-33,
-1.));
#4352=DIRECTION('ref_axis',(-1.,-7.9739752789976E-45,5.55111512312578E-17));
#4353=DIRECTION('center_axis',(5.55111512312578E-17,6.162975822039E-33,
1.));
#4354=DIRECTION('ref_axis',(-1.,-7.9739752789976E-45,5.55111512312578E-17));
#4355=DIRECTION('center_axis',(-5.55111512312578E-17,-6.162975822039E-33,
-1.));
#4356=DIRECTION('ref_axis',(-1.,-7.9739752789976E-45,5.55111512312578E-17));
#4357=DIRECTION('center_axis',(-5.55111512312578E-17,-6.162975822039E-33,
-1.));
#4358=DIRECTION('ref_axis',(-1.,-7.9739752789976E-45,5.55111512312578E-17));
#4359=DIRECTION('center_axis',(-5.55111512312578E-17,-6.162975822039E-33,
-1.));
#4360=DIRECTION('ref_axis',(-1.,-7.9739752789976E-45,5.55111512312578E-17));
#4361=DIRECTION('center_axis',(-5.55111512312578E-17,-6.162975822039E-33,
-1.));
#4362=DIRECTION('ref_axis',(-1.,-7.9739752789976E-45,5.55111512312578E-17));
#4363=DIRECTION('center_axis',(-5.55111512312578E-17,-6.162975822039E-33,
-1.));
#4364=DIRECTION('ref_axis',(-1.,-7.9739752789976E-45,5.55111512312578E-17));
#4365=DIRECTION('center_axis',(5.55111512312578E-17,6.162975822039E-33,
1.));
#4366=DIRECTION('ref_axis',(1.,7.9739752789976E-45,-5.55111512312578E-17));
#4367=DIRECTION('',(1.,7.9739752789976E-45,-5.55111512312578E-17));
#4368=DIRECTION('center_axis',(5.55111512312578E-17,6.162975822039E-33,
1.));
#4369=DIRECTION('ref_axis',(1.,7.9739752789976E-45,-5.55111512312578E-17));
#4370=DIRECTION('',(0.629695150212671,0.776842337800046,-3.49551027130452E-17));
#4371=DIRECTION('',(0.994572195766885,0.104048774175562,-5.52098475696197E-17));
#4372=DIRECTION('',(0.776842337800047,-0.629695150212671,-4.31234124964623E-17));
#4373=DIRECTION('center_axis',(5.55111512312578E-17,6.162975822039E-33,
1.));
#4374=DIRECTION('ref_axis',(1.,7.9739752789976E-45,-5.55111512312578E-17));
#4375=DIRECTION('center_axis',(5.55111512312578E-17,6.162975822039E-33,
1.));
#4376=DIRECTION('ref_axis',(1.,7.9739752789976E-45,-5.55111512312578E-17));
#4377=DIRECTION('center_axis',(-5.55111512312578E-17,-6.162975822039E-33,
-1.));
#4378=DIRECTION('ref_axis',(1.,-1.77664595997958E-14,-5.55111512312578E-17));
#4379=DIRECTION('center_axis',(5.55111512312578E-17,6.162975822039E-33,
1.));
#4380=DIRECTION('ref_axis',(1.,7.9739752789976E-45,-5.55111512312578E-17));
#4381=DIRECTION('center_axis',(5.55111512312578E-17,6.162975822039E-33,
1.));
#4382=DIRECTION('ref_axis',(1.,7.9739752789976E-45,-5.55111512312578E-17));
#4383=DIRECTION('center_axis',(5.55111512312578E-17,6.162975822039E-33,
1.));
#4384=DIRECTION('ref_axis',(1.,7.9739752789976E-45,-5.55111512312578E-17));
#4385=DIRECTION('center_axis',(-5.55111512312578E-17,-6.162975822039E-33,
-1.));
#4386=DIRECTION('ref_axis',(1.,-1.73472347597681E-15,-5.55111512312578E-17));
#4387=DIRECTION('center_axis',(5.55111512312578E-17,6.162975822039E-33,
1.));
#4388=DIRECTION('ref_axis',(1.,7.9739752789976E-45,-5.55111512312578E-17));
#4389=DIRECTION('',(-1.,-2.28248126855425E-16,5.55111512312578E-17));
#4390=DIRECTION('center_axis',(5.55111512312578E-17,6.162975822039E-33,
1.));
#4391=DIRECTION('ref_axis',(1.,7.9739752789976E-45,-5.55111512312578E-17));
#4392=DIRECTION('center_axis',(5.55111512312578E-17,6.162975822039E-33,
1.));
#4393=DIRECTION('ref_axis',(1.,7.9739752789976E-45,-5.55111512312578E-17));
#4394=DIRECTION('center_axis',(5.55111512312578E-17,6.162975822039E-33,
1.));
#4395=DIRECTION('ref_axis',(1.,7.9739752789976E-45,-5.55111512312578E-17));
#4396=DIRECTION('',(1.,1.95710236950635E-10,-5.55111512312578E-17));
#4397=DIRECTION('center_axis',(5.55111512312578E-17,6.162975822039E-33,
1.));
#4398=DIRECTION('ref_axis',(1.,7.9739752789976E-45,-5.55111512312578E-17));
#4399=DIRECTION('center_axis',(-5.55111512312578E-17,-6.162975822039E-33,
-1.));
#4400=DIRECTION('ref_axis',(1.,8.88178419700125E-15,-5.55111512312578E-17));
#4401=DIRECTION('center_axis',(5.55111512312578E-17,6.162975822039E-33,
1.));
#4402=DIRECTION('ref_axis',(1.,7.9739752789976E-45,-5.55111512312578E-17));
#4403=DIRECTION('center_axis',(5.55111512312578E-17,6.162975822039E-33,
1.));
#4404=DIRECTION('ref_axis',(1.,7.9739752789976E-45,-5.55111512312578E-17));
#4405=DIRECTION('center_axis',(5.55111512312578E-17,6.162975822039E-33,
1.));
#4406=DIRECTION('ref_axis',(1.,7.9739752789976E-45,-5.55111512312578E-17));
#4407=DIRECTION('center_axis',(5.55111512312578E-17,6.162975822039E-33,
1.));
#4408=DIRECTION('ref_axis',(1.,7.9739752789976E-45,-5.55111512312578E-17));
#4409=DIRECTION('',(-1.,-7.9739752789976E-45,5.55111512312578E-17));
#4410=DIRECTION('center_axis',(5.55111512312578E-17,6.162975822039E-33,
1.));
#4411=DIRECTION('ref_axis',(1.,7.9739752789976E-45,-5.55111512312578E-17));
#4412=DIRECTION('',(1.,7.9739752789976E-45,-5.55111512312578E-17));
#4413=DIRECTION('center_axis',(5.55111512312578E-17,6.162975822039E-33,
1.));
#4414=DIRECTION('ref_axis',(1.,7.9739752789976E-45,-5.55111512312578E-17));
#4415=DIRECTION('',(-1.,-3.4628683321351E-16,5.55111512312578E-17));
#4416=DIRECTION('center_axis',(5.55111512312578E-17,6.162975822039E-33,
1.));
#4417=DIRECTION('ref_axis',(1.,7.9739752789976E-45,-5.55111512312578E-17));
#4418=DIRECTION('',(1.,-3.4628683321351E-16,-5.55111512312578E-17));
#4419=DIRECTION('center_axis',(5.55111512312578E-17,6.162975822039E-33,
1.));
#4420=DIRECTION('ref_axis',(1.,7.9739752789976E-45,-5.55111512312578E-17));
#4421=DIRECTION('center_axis',(-5.55111512312578E-17,-6.162975822039E-33,
-1.));
#4422=DIRECTION('ref_axis',(-1.,-7.9739752789976E-45,5.55111512312578E-17));
#4423=DIRECTION('center_axis',(5.55111512312578E-17,6.162975822039E-33,
1.));
#4424=DIRECTION('ref_axis',(1.,0.,0.));
#4425=DIRECTION('center_axis',(5.55111512312578E-17,6.162975822039E-33,
1.));
#4426=DIRECTION('ref_axis',(1.,7.9739752789976E-45,-5.55111512312578E-17));
#4427=DIRECTION('center_axis',(-5.55111512312578E-17,-6.162975822039E-33,
-1.));
#4428=DIRECTION('ref_axis',(1.,-1.33821525289639E-14,-5.55111512312578E-17));
#4429=DIRECTION('center_axis',(-0.18807221066162,0.982155203405679,1.04401049284342E-17));
#4430=DIRECTION('ref_axis',(-0.982155203405679,-0.18807221066162,5.45205660288194E-17));
#4431=DIRECTION('center_axis',(5.55111512312578E-17,6.162975822039E-33,
1.));
#4432=DIRECTION('ref_axis',(1.,0.,0.));
#4433=DIRECTION('center_axis',(5.55111512312578E-17,6.162975822039E-33,
1.));
#4434=DIRECTION('ref_axis',(1.,7.9739752789976E-45,-5.55111512312578E-17));
#4435=DIRECTION('center_axis',(0.188072210647033,0.982155203408473,-1.04401049276244E-17));
#4436=DIRECTION('ref_axis',(-0.982155203408473,0.188072210647033,5.45205660289745E-17));
#4437=DIRECTION('center_axis',(-5.55111512312578E-17,-6.162975822039E-33,
-1.));
#4438=DIRECTION('ref_axis',(1.,-1.73472347597681E-15,-5.55111512312578E-17));
#4439=DIRECTION('center_axis',(5.55111512312578E-17,6.162975822039E-33,
1.));
#4440=DIRECTION('ref_axis',(1.,7.9739752789976E-45,-5.55111512312578E-17));
#4441=DIRECTION('',(5.55111512312578E-17,6.162975822039E-33,1.));
#4442=DIRECTION('center_axis',(5.55111512312578E-17,6.162975822039E-33,
1.));
#4443=DIRECTION('ref_axis',(1.,7.9739752789976E-45,-5.55111512312578E-17));
#4444=DIRECTION('',(5.55111512312578E-17,6.162975822039E-33,1.));
#4445=DIRECTION('center_axis',(5.55111512312578E-17,6.162975822039E-33,
1.));
#4446=DIRECTION('ref_axis',(1.,7.9739752789976E-45,-5.55111512312578E-17));
#4447=DIRECTION('',(5.55111512312578E-17,6.162975822039E-33,1.));
#4448=DIRECTION('center_axis',(5.55111512312578E-17,6.162975822039E-33,
1.));
#4449=DIRECTION('ref_axis',(1.,7.9739752789976E-45,-5.55111512312578E-17));
#4450=DIRECTION('',(5.55111512312578E-17,6.162975822039E-33,1.));
#4451=DIRECTION('center_axis',(5.55111512312578E-17,6.162975822039E-33,
1.));
#4452=DIRECTION('ref_axis',(1.,7.9739752789976E-45,-5.55111512312578E-17));
#4453=DIRECTION('center_axis',(5.55111512312578E-17,6.162975822039E-33,
1.));
#4454=DIRECTION('ref_axis',(1.,7.9739752789976E-45,-5.55111512312578E-17));
#4455=DIRECTION('',(5.55111512312578E-17,6.162975822039E-33,1.));
#4456=DIRECTION('center_axis',(5.55111512312578E-17,6.162975822039E-33,
1.));
#4457=DIRECTION('ref_axis',(1.,7.9739752789976E-45,-5.55111512312578E-17));
#4458=DIRECTION('center_axis',(5.55111512312578E-17,6.162975822039E-33,
1.));
#4459=DIRECTION('ref_axis',(1.,7.9739752789976E-45,-5.55111512312578E-17));
#4460=DIRECTION('center_axis',(5.55111512312578E-17,6.162975822039E-33,
1.));
#4461=DIRECTION('ref_axis',(1.,7.9739752789976E-45,-5.55111512312578E-17));
#4462=DIRECTION('',(5.55111512312578E-17,6.162975822039E-33,1.));
#4463=DIRECTION('center_axis',(5.55111512312578E-17,6.162975822039E-33,
1.));
#4464=DIRECTION('ref_axis',(1.,7.9739752789976E-45,-5.55111512312578E-17));
#4465=DIRECTION('center_axis',(-5.55111512312578E-17,-6.162975822039E-33,
-1.));
#4466=DIRECTION('ref_axis',(-1.,-7.9739752789976E-45,5.55111512312578E-17));
#4467=DIRECTION('center_axis',(-5.55111512312578E-17,-6.162975822039E-33,
-1.));
#4468=DIRECTION('ref_axis',(1.,7.9739752789976E-45,-5.55111512312578E-17));
#4469=DIRECTION('',(-5.55111512312578E-17,-6.162975822039E-33,-1.));
#4470=DIRECTION('center_axis',(-5.55111512312578E-17,-6.162975822039E-33,
-1.));
#4471=DIRECTION('ref_axis',(1.,7.9739752789976E-45,-5.55111512312578E-17));
#4472=DIRECTION('center_axis',(-5.55111512312578E-17,-6.162975822039E-33,
-1.));
#4473=DIRECTION('ref_axis',(1.,7.9739752789976E-45,-5.55111512312578E-17));
#4474=DIRECTION('',(5.55111512312578E-17,6.162975822039E-33,1.));
#4475=DIRECTION('center_axis',(-5.55111512312578E-17,-6.162975822039E-33,
-1.));
#4476=DIRECTION('ref_axis',(-1.,-7.9739752789976E-45,5.55111512312578E-17));
#4477=DIRECTION('center_axis',(5.55111512312578E-17,6.162975822039E-33,
1.));
#4478=DIRECTION('ref_axis',(-1.,-7.9739752789976E-45,5.55111512312578E-17));
#4479=DIRECTION('',(-5.55111512312578E-17,-6.162975822039E-33,-1.));
#4480=DIRECTION('',(5.55111512312578E-17,6.162975822039E-33,1.));
#4481=DIRECTION('center_axis',(5.55111512312578E-17,6.162975822039E-33,
1.));
#4482=DIRECTION('ref_axis',(1.,7.9739752789976E-45,-5.55111512312578E-17));
#4483=DIRECTION('',(-5.55111512312578E-17,-6.162975822039E-33,-1.));
#4484=DIRECTION('center_axis',(-5.55111512312578E-17,-6.162975822039E-33,
-1.));
#4485=DIRECTION('ref_axis',(-1.,-7.9739752789976E-45,5.55111512312578E-17));
#4486=DIRECTION('center_axis',(5.55111512312578E-17,6.162975822039E-33,
1.));
#4487=DIRECTION('ref_axis',(1.,7.9739752789976E-45,-5.55111512312578E-17));
#4488=DIRECTION('center_axis',(0.582893767519942,-0.447881894591408,-0.677965090755873));
#4489=DIRECTION('ref_axis',(0.0832319086670606,0.862891272067418,-0.498488818299379));
#4490=DIRECTION('',(5.55111512312578E-17,6.162975822039E-33,1.));
#4491=DIRECTION('center_axis',(-5.55111512312578E-17,-6.162975822039E-33,
-1.));
#4492=DIRECTION('ref_axis',(1.,7.9739752789976E-45,-5.55111512312578E-17));
#4493=DIRECTION('',(-5.55111512312578E-17,-6.162975822039E-33,-1.));
#4494=DIRECTION('',(5.55111512312578E-17,6.162975822039E-33,1.));
#4495=DIRECTION('',(-5.55111512312578E-17,-6.162975822039E-33,-1.));
#4496=DIRECTION('center_axis',(-5.55111512312578E-17,-6.162975822039E-33,
-1.));
#4497=DIRECTION('ref_axis',(-1.,-7.9739752789976E-45,5.55111512312578E-17));
#4498=DIRECTION('center_axis',(5.55111512312578E-17,6.162975822039E-33,
1.));
#4499=DIRECTION('ref_axis',(1.,7.9739752789976E-45,-5.55111512312578E-17));
#4500=DIRECTION('',(-5.55111512312578E-17,-6.162975822039E-33,-1.));
#4501=DIRECTION('',(-5.55111512312578E-17,-6.162975822039E-33,-1.));
#4502=DIRECTION('center_axis',(-5.55111512312578E-17,-6.162975822039E-33,
-1.));
#4503=DIRECTION('ref_axis',(-1.,-7.9739752789976E-45,5.55111512312578E-17));
#4504=DIRECTION('center_axis',(5.55111512312578E-17,6.162975822039E-33,
1.));
#4505=DIRECTION('ref_axis',(1.,7.9739752789976E-45,-5.55111512312578E-17));
#4506=DIRECTION('',(-5.55111512312578E-17,-6.162975822039E-33,-1.));
#4507=DIRECTION('',(5.55111512312578E-17,6.162975822039E-33,1.));
#4508=DIRECTION('center_axis',(5.55111512312578E-17,6.162975822039E-33,
1.));
#4509=DIRECTION('ref_axis',(1.,7.9739752789976E-45,-5.55111512312578E-17));
#4510=DIRECTION('',(-5.55111512312578E-17,-6.162975822039E-33,-1.));
#4511=DIRECTION('center_axis',(5.55111512312578E-17,6.162975822039E-33,
1.));
#4512=DIRECTION('ref_axis',(1.,7.9739752789976E-45,-5.55111512312578E-17));
#4513=DIRECTION('',(-5.55111512312578E-17,-6.162975822039E-33,-1.));
#4514=DIRECTION('center_axis',(5.55111512312578E-17,6.162975822039E-33,
1.));
#4515=DIRECTION('ref_axis',(1.,7.9739752789976E-45,-5.55111512312578E-17));
#4516=DIRECTION('',(-5.55111512312578E-17,-6.162975822039E-33,-1.));
#4517=DIRECTION('center_axis',(-5.55111512312578E-17,-6.162975822039E-33,
-1.));
#4518=DIRECTION('ref_axis',(-1.,-7.9739752789976E-45,5.55111512312578E-17));
#4519=DIRECTION('',(-5.55111512312578E-17,-6.162975822039E-33,-1.));
#4520=DIRECTION('center_axis',(5.55111512312578E-17,6.162975822039E-33,
1.));
#4521=DIRECTION('ref_axis',(-1.,-7.1123662515049E-15,5.55111512312578E-17));
#4522=DIRECTION('center_axis',(-5.55111512312578E-17,-6.162975822039E-33,
-1.));
#4523=DIRECTION('ref_axis',(-1.,-7.9739752789976E-45,5.55111512312578E-17));
#4524=DIRECTION('center_axis',(5.55111512312578E-17,6.162975822039E-33,
1.));
#4525=DIRECTION('ref_axis',(1.,7.9739752789976E-45,-5.55111512312578E-17));
#4526=DIRECTION('center_axis',(5.55111512312578E-17,6.162975822039E-33,
1.));
#4527=DIRECTION('ref_axis',(1.,7.9739752789976E-45,-5.55111512312578E-17));
#4528=DIRECTION('',(-5.55111512312578E-17,-6.162975822039E-33,-1.));
#4529=DIRECTION('center_axis',(5.55111512312578E-17,6.162975822039E-33,
1.));
#4530=DIRECTION('ref_axis',(1.,7.9739752789976E-45,-5.55111512312578E-17));
#4531=DIRECTION('',(-5.55111512312578E-17,-6.162975822039E-33,-1.));
#4532=DIRECTION('center_axis',(5.55111512312578E-17,6.162975822039E-33,
1.));
#4533=DIRECTION('ref_axis',(1.,7.9739752789976E-45,-5.55111512312578E-17));
#4534=DIRECTION('center_axis',(-5.55111512312578E-17,-6.162975822039E-33,
-1.));
#4535=DIRECTION('ref_axis',(-1.,-7.9739752789976E-45,5.55111512312578E-17));
#4536=DIRECTION('center_axis',(5.55111512312578E-17,6.162975822039E-33,
1.));
#4537=DIRECTION('ref_axis',(1.,7.9739752789976E-45,-5.55111512312578E-17));
#4538=DIRECTION('',(-5.55111512312578E-17,-6.162975822039E-33,-1.));
#4539=DIRECTION('center_axis',(-5.55111512312578E-17,-6.162975822039E-33,
-1.));
#4540=DIRECTION('ref_axis',(-1.,-7.9739752789976E-45,5.55111512312578E-17));
#4541=DIRECTION('center_axis',(-5.55111512312578E-17,-6.162975822039E-33,
-1.));
#4542=DIRECTION('ref_axis',(1.,7.9739752789976E-45,-5.55111512312578E-17));
#4543=DIRECTION('center_axis',(-5.55111512312578E-17,-6.162975822039E-33,
-1.));
#4544=DIRECTION('ref_axis',(1.,7.9739752789976E-45,-5.55111512312578E-17));
#4545=DIRECTION('',(-5.55111512312578E-17,-6.162975822039E-33,-1.));
#4546=DIRECTION('center_axis',(-5.55111512312578E-17,-6.162975822039E-33,
-1.));
#4547=DIRECTION('ref_axis',(-1.,-7.9739752789976E-45,5.55111512312578E-17));
#4548=DIRECTION('center_axis',(-5.55111512312578E-17,-6.162975822039E-33,
-1.));
#4549=DIRECTION('ref_axis',(1.,-1.70002900645727E-14,-5.55111512312578E-17));
#4550=DIRECTION('center_axis',(-5.55111512312578E-17,-6.162975822039E-33,
-1.));
#4551=DIRECTION('ref_axis',(1.,7.9739752789976E-45,-5.55111512312578E-17));
#4552=DIRECTION('',(-5.55111512312578E-17,-6.162975822039E-33,-1.));
#4553=DIRECTION('center_axis',(5.55111512312578E-17,6.162975822039E-33,
1.));
#4554=DIRECTION('ref_axis',(1.,7.9739752789976E-45,-5.55111512312578E-17));
#4555=DIRECTION('center_axis',(5.55111512312578E-17,6.162975822039E-33,
1.));
#4556=DIRECTION('ref_axis',(1.,7.9739752789976E-45,-5.55111512312578E-17));
#4557=DIRECTION('center_axis',(5.55111512312578E-17,6.162975822039E-33,
1.));
#4558=DIRECTION('ref_axis',(1.,7.9739752789976E-45,-5.55111512312578E-17));
#4559=DIRECTION('',(-1.,-7.9739752789976E-45,5.55111512312578E-17));
#4560=DIRECTION('center_axis',(5.55111512312578E-17,6.162975822039E-33,
1.));
#4561=DIRECTION('ref_axis',(1.,7.9739752789976E-45,-5.55111512312578E-17));
#4562=DIRECTION('center_axis',(5.55111512312578E-17,6.162975822039E-33,
1.));
#4563=DIRECTION('ref_axis',(1.,7.9739752789976E-45,-5.55111512312578E-17));
#4564=DIRECTION('',(-0.629695150212672,-0.776842337800046,3.49551027130452E-17));
#4565=DIRECTION('',(-0.994572195766885,-0.104048774175562,5.52098475696197E-17));
#4566=DIRECTION('',(0.629695150212671,0.776842337800046,-3.49551027130452E-17));
#4567=DIRECTION('',(-0.776842337800047,0.629695150212671,4.31234124964623E-17));
#4568=DIRECTION('',(-0.994572195766885,-0.104048774175562,5.52098475696197E-17));
#4569=DIRECTION('',(-0.629695150212671,-0.776842337800046,3.49551027130452E-17));
#4570=DIRECTION('center_axis',(-5.55111512312578E-17,-6.162975822039E-33,
-1.));
#4571=DIRECTION('ref_axis',(1.,7.9739752789976E-45,-5.55111512312578E-17));
#4572=DIRECTION('',(-1.,-7.9739752789976E-45,5.55111512312578E-17));
#4573=DIRECTION('center_axis',(5.55111512312578E-17,6.162975822039E-33,
1.));
#4574=DIRECTION('ref_axis',(1.,7.9739752789976E-45,-5.55111512312578E-17));
#4575=DIRECTION('center_axis',(5.55111512312578E-17,6.162975822039E-33,
1.));
#4576=DIRECTION('ref_axis',(1.,7.9739752789976E-45,-5.55111512312578E-17));
#4577=DIRECTION('center_axis',(5.55111512312578E-17,6.162975822039E-33,
1.));
#4578=DIRECTION('ref_axis',(1.,7.9739752789976E-45,-5.55111512312578E-17));
#4579=DIRECTION('',(-1.,-1.95710236950635E-10,5.55111512312578E-17));
#4580=DIRECTION('center_axis',(-5.55111512312578E-17,-6.162975822039E-33,
-1.));
#4581=DIRECTION('ref_axis',(1.,1.85037170770859E-15,-5.55111512312578E-17));
#4582=DIRECTION('center_axis',(5.55111512312578E-17,6.162975822039E-33,
1.));
#4583=DIRECTION('ref_axis',(1.,7.9739752789976E-45,-5.55111512312578E-17));
#4584=DIRECTION('center_axis',(-5.55111512312578E-17,-6.162975822039E-33,
-1.));
#4585=DIRECTION('ref_axis',(1.,-9.25185853854297E-16,-5.55111512312578E-17));
#4586=DIRECTION('',(1.,2.28248126855425E-16,-5.55111512312578E-17));
#4587=DIRECTION('center_axis',(5.55111512312578E-17,6.162975822039E-33,
1.));
#4588=DIRECTION('ref_axis',(1.,7.9739752789976E-45,-5.55111512312578E-17));
#4589=DIRECTION('center_axis',(-5.55111512312578E-17,-6.162975822039E-33,
-1.));
#4590=DIRECTION('ref_axis',(1.,7.9739752789976E-45,-5.55111512312578E-17));
#4591=DIRECTION('center_axis',(5.55111512312578E-17,6.162975822039E-33,
1.));
#4592=DIRECTION('ref_axis',(1.,7.9739752789976E-45,-5.55111512312578E-17));
#4593=DIRECTION('center_axis',(5.55111512312578E-17,6.162975822039E-33,
1.));
#4594=DIRECTION('ref_axis',(1.,7.9739752789976E-45,-5.55111512312578E-17));
#4595=DIRECTION('',(-1.,1.81252761640775E-10,5.55111512312578E-17));
#4596=DIRECTION('center_axis',(5.55111512312578E-17,6.162975822039E-33,
1.));
#4597=DIRECTION('ref_axis',(1.,7.9739752789976E-45,-5.55111512312578E-17));
#4598=DIRECTION('',(0.629695150212671,0.776842337800047,-3.49551027130452E-17));
#4599=DIRECTION('center_axis',(5.55111512312578E-17,6.162975822039E-33,
1.));
#4600=DIRECTION('ref_axis',(1.,7.9739752789976E-45,-5.55111512312578E-17));
#4601=DIRECTION('center_axis',(5.55111512312578E-17,6.162975822039E-33,
1.));
#4602=DIRECTION('ref_axis',(1.,7.9739752789976E-45,-5.55111512312578E-17));
#4603=DIRECTION('',(1.,1.67983478499916E-16,-5.55111512312578E-17));
#4604=DIRECTION('center_axis',(5.55111512312578E-17,6.162975822039E-33,
1.));
#4605=DIRECTION('ref_axis',(1.,7.9739752789976E-45,-5.55111512312578E-17));
#4606=DIRECTION('',(-0.104048774175564,0.994572195766885,5.77586723868673E-18));
#4607=DIRECTION('center_axis',(-5.55111512312578E-17,-6.162975822039E-33,
-1.));
#4608=DIRECTION('ref_axis',(1.,7.9739752789976E-45,-5.55111512312578E-17));
#4609=DIRECTION('center_axis',(5.55111512312578E-17,6.162975822039E-33,
1.));
#4610=DIRECTION('ref_axis',(1.,7.9739752789976E-45,-5.55111512312578E-17));
#4611=DIRECTION('',(-0.776842337800047,0.629695150212671,4.31234124964623E-17));
#4612=DIRECTION('',(0.629695150212671,0.776842337800046,-3.49551027130452E-17));
#4613=DIRECTION('center_axis',(-0.629695150212671,-0.776842337800046,3.49551027130452E-17));
#4614=DIRECTION('ref_axis',(0.776842337800047,-0.629695150212671,-4.31234124964622E-17));
#4615=DIRECTION('',(-5.55111512312578E-17,-6.162975822039E-33,-1.));
#4616=DIRECTION('center_axis',(-0.629695150212671,-0.776842337800047,3.49551027130452E-17));
#4617=DIRECTION('ref_axis',(0.776842337800047,-0.629695150212671,-4.31234124964622E-17));
#4618=DIRECTION('',(-0.776842337800047,0.629695150212671,4.31234124964623E-17));
#4619=DIRECTION('center_axis',(5.55111512312578E-17,6.162975822039E-33,
1.));
#4620=DIRECTION('ref_axis',(1.,7.9739752789976E-45,-5.55111512312578E-17));
#4621=DIRECTION('center_axis',(5.55111512312578E-17,6.162975822039E-33,
1.));
#4622=DIRECTION('ref_axis',(1.,7.9739752789976E-45,-5.55111512312578E-17));
#4623=DIRECTION('center_axis',(-5.55111512312578E-17,-6.162975822039E-33,
-1.));
#4624=DIRECTION('ref_axis',(1.,7.9739752789976E-45,-5.55111512312578E-17));
#4625=DIRECTION('center_axis',(5.55111512312578E-17,6.162975822039E-33,
1.));
#4626=DIRECTION('ref_axis',(1.,7.9739752789976E-45,-5.55111512312578E-17));
#4627=DIRECTION('center_axis',(-5.55111512312578E-17,-6.162975822039E-33,
-1.));
#4628=DIRECTION('ref_axis',(-1.,-7.9739752789976E-45,5.55111512312578E-17));
#4629=DIRECTION('',(-5.55111512312578E-17,-6.162975822039E-33,-1.));
#4630=DIRECTION('',(-5.55111512312578E-17,-6.162975822039E-33,-1.));
#4631=DIRECTION('center_axis',(-5.55111512312578E-17,-6.162975822039E-33,
-1.));
#4632=DIRECTION('ref_axis',(-1.,-7.9739752789976E-45,5.55111512312578E-17));
#4633=DIRECTION('center_axis',(5.55111512312578E-17,6.162975822039E-33,
1.));
#4634=DIRECTION('ref_axis',(1.,7.9739752789976E-45,-5.55111512312578E-17));
#4635=DIRECTION('center_axis',(5.55111512312578E-17,6.162975822039E-33,
1.));
#4636=DIRECTION('ref_axis',(1.,7.9739752789976E-45,-5.55111512312578E-17));
#4637=DIRECTION('',(-5.55111512312578E-17,-6.162975822039E-33,-1.));
#4638=DIRECTION('',(-5.55111512312578E-17,-6.162975822039E-33,-1.));
#4639=DIRECTION('',(-5.55111512312578E-17,-6.162975822039E-33,-1.));
#4640=DIRECTION('center_axis',(-5.55111512312578E-17,-6.162975822039E-33,
-1.));
#4641=DIRECTION('ref_axis',(-1.,-7.9739752789976E-45,5.55111512312578E-17));
#4642=DIRECTION('',(5.55111512312578E-17,6.162975822039E-33,1.));
#4643=DIRECTION('center_axis',(5.55111512312578E-17,6.162975822039E-33,
1.));
#4644=DIRECTION('ref_axis',(1.,7.9739752789976E-45,-5.55111512312578E-17));
#4645=DIRECTION('center_axis',(5.55111512312578E-17,6.162975822039E-33,
1.));
#4646=DIRECTION('ref_axis',(1.,7.9739752789976E-45,-5.55111512312578E-17));
#4647=DIRECTION('',(-0.629695150212672,-0.776842337800046,3.49551027130452E-17));
#4648=DIRECTION('',(-0.104048774175564,0.994572195766885,5.77586723868673E-18));
#4649=DIRECTION('',(0.629695150212671,0.776842337800046,-3.49551027130452E-17));
#4650=DIRECTION('',(0.776842337800047,-0.629695150212671,-4.31234124964623E-17));
#4651=DIRECTION('',(0.629695150212671,0.776842337800046,-3.49551027130452E-17));
#4652=DIRECTION('',(-0.776842337800047,0.629695150212671,4.31234124964623E-17));
#4653=DIRECTION('',(-0.994572195766885,-0.104048774175562,5.52098475696197E-17));
#4654=DIRECTION('',(-0.629695150212672,-0.776842337800046,3.49551027130452E-17));
#4655=DIRECTION('center_axis',(5.55111512312578E-17,6.162975822039E-33,
1.));
#4656=DIRECTION('ref_axis',(1.,7.9739752789976E-45,-5.55111512312578E-17));
#4657=DIRECTION('center_axis',(-5.55111512312578E-17,-6.162975822039E-33,
-1.));
#4658=DIRECTION('ref_axis',(1.,7.9739752789976E-45,-5.55111512312578E-17));
#4659=DIRECTION('',(-1.,-7.9739752789976E-45,5.55111512312578E-17));
#4660=DIRECTION('',(1.,1.67983478499916E-16,-5.55111512312578E-17));
#4661=DIRECTION('center_axis',(-5.55111512312578E-17,-6.162975822039E-33,
-1.));
#4662=DIRECTION('ref_axis',(1.,1.04083408558608E-15,-5.55111512312578E-17));
#4663=DIRECTION('center_axis',(5.55111512312578E-17,6.162975822039E-33,
1.));
#4664=DIRECTION('ref_axis',(1.,7.9739752789976E-45,-5.55111512312578E-17));
#4665=DIRECTION('',(0.629695150212671,0.776842337800047,-3.49551027130452E-17));
#4666=DIRECTION('center_axis',(-5.55111512312578E-17,-6.162975822039E-33,
-1.));
#4667=DIRECTION('ref_axis',(1.,3.46944695195361E-15,-5.55111512312578E-17));
#4668=DIRECTION('',(-1.,1.81252761640775E-10,5.55111512312578E-17));
#4669=DIRECTION('center_axis',(5.55111512312578E-17,6.162975822039E-33,
1.));
#4670=DIRECTION('ref_axis',(1.,7.9739752789976E-45,-5.55111512312578E-17));
#4671=DIRECTION('',(-1.,-3.4628683321351E-16,5.55111512312578E-17));
#4672=DIRECTION('',(1.,-3.4628683321351E-16,-5.55111512312578E-17));
#4673=DIRECTION('center_axis',(5.55111512312578E-17,6.162975822039E-33,
1.));
#4674=DIRECTION('ref_axis',(1.,7.9739752789976E-45,-5.55111512312578E-17));
#4675=DIRECTION('',(-1.,-7.9739752789976E-45,5.55111512312578E-17));
#4676=DIRECTION('',(1.,7.9739752789976E-45,-5.55111512312578E-17));
#4677=DIRECTION('center_axis',(-0.776842337800046,0.629695150212671,4.31234124964622E-17));
#4678=DIRECTION('ref_axis',(-0.629695150212671,-0.776842337800046,3.49551027130452E-17));
#4679=DIRECTION('',(5.55111512312578E-17,6.162975822039E-33,1.));
#4680=DIRECTION('',(-5.55111512312578E-17,-6.162975822039E-33,-1.));
#4681=DIRECTION('center_axis',(-7.97431739288049E-45,1.,-6.162975822039E-33));
#4682=DIRECTION('ref_axis',(5.55111512312578E-17,6.162975822039E-33,1.));
#4683=DIRECTION('',(-5.55111512312578E-17,-6.162975822039E-33,-1.));
#4684=DIRECTION('center_axis',(-5.55111512312578E-17,-6.162975822039E-33,
-1.));
#4685=DIRECTION('ref_axis',(-1.,-7.9739752789976E-45,5.55111512312578E-17));
#4686=DIRECTION('',(-5.55111512312578E-17,-6.162975822039E-33,-1.));
#4687=DIRECTION('',(-5.55111512312578E-17,-6.162975822039E-33,-1.));
#4688=DIRECTION('center_axis',(-1.95710236950635E-10,1.,1.08640943978962E-26));
#4689=DIRECTION('ref_axis',(-1.,-1.95710236950635E-10,5.55111512312578E-17));
#4690=DIRECTION('',(5.55111512312578E-17,6.162975822039E-33,1.));
#4691=DIRECTION('center_axis',(-5.55111512312578E-17,-6.162975822039E-33,
-1.));
#4692=DIRECTION('ref_axis',(-1.,-7.9739752789976E-45,5.55111512312578E-17));
#4693=DIRECTION('',(5.55111512312578E-17,6.162975822039E-33,1.));
#4694=DIRECTION('',(-5.55111512312578E-17,-6.162975822039E-33,-1.));
#4695=DIRECTION('center_axis',(2.28248126855425E-16,-1.,-6.50734046608379E-33));
#4696=DIRECTION('ref_axis',(1.,2.28248126855425E-16,-5.55111512312578E-17));
#4697=DIRECTION('',(-5.55111512312578E-17,-6.162975822039E-33,-1.));
#4698=DIRECTION('center_axis',(0.629695150212671,0.776842337800047,-3.49551027130452E-17));
#4699=DIRECTION('ref_axis',(-0.776842337800046,0.629695150212671,4.31234124964622E-17));
#4700=DIRECTION('',(3.61728887502539E-16,6.162975822039E-33,1.));
#4701=DIRECTION('center_axis',(0.629695150212671,0.776842337800046,-3.49551027130452E-17));
#4702=DIRECTION('ref_axis',(-0.776842337800046,0.629695150212671,4.31234124964622E-17));
#4703=DIRECTION('center_axis',(-0.629695150212671,-0.776842337800046,3.49551027130452E-17));
#4704=DIRECTION('ref_axis',(0.776842337800047,-0.629695150212671,-4.31234124964622E-17));
#4705=DIRECTION('',(5.55111512312578E-17,6.162975822039E-33,1.));
#4706=DIRECTION('',(-5.55111512312578E-17,-6.162975822039E-33,-1.));
#4707=DIRECTION('',(-5.55111512312578E-17,-6.162975822039E-33,-1.));
#4708=DIRECTION('center_axis',(-0.104048774175562,0.994572195766885,5.77586723868661E-18));
#4709=DIRECTION('ref_axis',(-0.994572195766885,-0.104048774175562,5.52098475696197E-17));
#4710=DIRECTION('center_axis',(0.776842337800046,-0.629695150212672,-4.31234124964622E-17));
#4711=DIRECTION('ref_axis',(0.629695150212672,0.776842337800046,-3.49551027130452E-17));
#4712=DIRECTION('',(-5.55111512312578E-17,-6.162975822039E-33,-1.));
#4713=DIRECTION('center_axis',(-0.994572195766885,-0.104048774175564,5.52098475696197E-17));
#4714=DIRECTION('ref_axis',(0.104048774175564,-0.994572195766885,-5.77586723868673E-18));
#4715=DIRECTION('',(-5.55111512312578E-17,-6.162975822039E-33,-1.));
#4716=DIRECTION('center_axis',(-0.629695150212671,-0.776842337800046,3.49551027130452E-17));
#4717=DIRECTION('ref_axis',(0.776842337800047,-0.629695150212671,-4.31234124964622E-17));
#4718=DIRECTION('center_axis',(0.629695150212671,0.776842337800047,-3.49551027130452E-17));
#4719=DIRECTION('ref_axis',(0.776842337800047,-0.629695150212671,-4.31234124964622E-17));
#4720=DIRECTION('',(-5.55111512312578E-17,-6.162975822039E-33,-1.));
#4721=DIRECTION('center_axis',(0.104048774175562,-0.994572195766885,-5.77586723868663E-18));
#4722=DIRECTION('ref_axis',(0.994572195766885,0.104048774175562,-5.52098475696197E-17));
#4723=DIRECTION('',(-5.55111512312578E-17,-6.162975822039E-33,-1.));
#4724=DIRECTION('',(-5.55111512312578E-17,-6.162975822039E-33,-1.));
#4725=DIRECTION('center_axis',(0.776842337800046,-0.629695150212672,-4.31234124964622E-17));
#4726=DIRECTION('ref_axis',(0.629695150212672,0.776842337800046,-3.49551027130452E-17));
#4727=DIRECTION('',(-5.55111512312578E-17,-6.162975822039E-33,-1.));
#4728=DIRECTION('center_axis',(-5.55111512312578E-17,-6.162975822039E-33,
-1.));
#4729=DIRECTION('ref_axis',(-1.,-7.9739752789976E-45,5.55111512312578E-17));
#4730=DIRECTION('',(-5.55111512312578E-17,-6.162975822039E-33,-1.));
#4731=DIRECTION('center_axis',(7.97431739288049E-45,-1.,6.162975822039E-33));
#4732=DIRECTION('ref_axis',(-5.55111512312578E-17,-6.162975822039E-33,-1.));
#4733=DIRECTION('',(5.55111512312578E-17,6.162975822039E-33,1.));
#4734=DIRECTION('center_axis',(-1.67983478499916E-16,1.,3.16198045732256E-33));
#4735=DIRECTION('ref_axis',(-1.,-1.67983478499916E-16,5.55111512312578E-17));
#4736=DIRECTION('',(-5.55111512312578E-17,-6.162975822039E-33,-1.));
#4737=DIRECTION('center_axis',(-5.55111512312578E-17,-6.162975822039E-33,
-1.));
#4738=DIRECTION('ref_axis',(-1.,-7.9739752789976E-45,5.55111512312578E-17));
#4739=DIRECTION('',(5.55111512312578E-17,6.162975822039E-33,1.));
#4740=DIRECTION('',(-5.55111512312578E-17,-6.162975822039E-33,-1.));
#4741=DIRECTION('center_axis',(-0.776842337800047,0.629695150212671,4.31234124964622E-17));
#4742=DIRECTION('ref_axis',(-0.629695150212671,-0.776842337800047,3.49551027130452E-17));
#4743=DIRECTION('',(-5.55111512312578E-17,-6.162975822039E-33,-1.));
#4744=DIRECTION('center_axis',(-1.81252761640775E-10,-1.,1.00615556255E-26));
#4745=DIRECTION('ref_axis',(1.,-1.81252761640775E-10,-5.55111512312578E-17));
#4746=DIRECTION('',(5.55111512312578E-17,6.162975822039E-33,1.));
#4747=DIRECTION('',(-5.55111512312578E-17,-6.162975822039E-33,-1.));
#4748=DIRECTION('center_axis',(-5.55111512312578E-17,-6.162975822039E-33,
-1.));
#4749=DIRECTION('ref_axis',(0.949616423212232,-0.313414499928778,-5.27143008806204E-17));
#4750=DIRECTION('center_axis',(5.55111512312578E-17,6.162975822039E-33,
1.));
#4751=DIRECTION('ref_axis',(-1.,-5.32907051820019E-15,5.55111512312578E-17));
#4752=DIRECTION('center_axis',(5.55111512312578E-17,6.162975822039E-33,
1.));
#4753=DIRECTION('ref_axis',(1.,7.9739752789976E-45,-5.55111512312578E-17));
#4754=DIRECTION('center_axis',(-5.55111512312578E-17,-6.162975822039E-33,
-1.));
#4755=DIRECTION('ref_axis',(1.,-2.66453525910199E-15,-5.55111512312578E-17));
#4756=DIRECTION('center_axis',(-5.55111512312578E-17,-6.162975822039E-33,
-1.));
#4757=DIRECTION('ref_axis',(1.,8.881784196994E-16,-5.55111512312578E-17));
#4758=DIRECTION('',(-5.55111512312578E-17,-6.162975822039E-33,-1.));
#4759=DIRECTION('center_axis',(5.55111512312578E-17,6.162975822039E-33,
1.));
#4760=DIRECTION('ref_axis',(-1.,-7.9739752789976E-45,5.55111512312578E-17));
#4761=DIRECTION('center_axis',(-5.55111512312578E-17,-6.162975822039E-33,
-1.));
#4762=DIRECTION('ref_axis',(-1.,-7.9739752789976E-45,5.55111512312578E-17));
#4763=DIRECTION('',(-5.55111512312578E-17,-6.162975822039E-33,-1.));
#4764=DIRECTION('center_axis',(-5.55111512312578E-17,-6.162975822039E-33,
-1.));
#4765=DIRECTION('ref_axis',(0.996598299858133,0.0824125519558743,-5.53223189402392E-17));
#4766=DIRECTION('',(-5.55111512312578E-17,-6.162975822039E-33,-1.));
#4767=DIRECTION('center_axis',(5.55111512312578E-17,6.162975822039E-33,
1.));
#4768=DIRECTION('ref_axis',(1.,7.9739752789976E-45,-5.55111512312578E-17));
#4769=DIRECTION('',(-5.55111512312578E-17,-6.162975822039E-33,-1.));
#4770=DIRECTION('center_axis',(-5.55111512312578E-17,-6.162975822039E-33,
-1.));
#4771=DIRECTION('ref_axis',(-1.,-7.9739752789976E-45,5.55111512312578E-17));
#4772=DIRECTION('',(-5.55111512312578E-17,-6.162975822039E-33,-1.));
#4773=DIRECTION('center_axis',(-5.55111512312578E-17,-6.162975822039E-33,
-1.));
#4774=DIRECTION('ref_axis',(1.,7.9739752789976E-45,-5.55111512312578E-17));
#4775=DIRECTION('center_axis',(-5.55111512312578E-17,-6.162975822039E-33,
-1.));
#4776=DIRECTION('ref_axis',(-1.,-7.9739752789976E-45,5.55111512312578E-17));
#4777=DIRECTION('center_axis',(5.55111512312578E-17,6.162975822039E-33,
1.));
#4778=DIRECTION('ref_axis',(-1.,-3.29597460435593E-14,5.55111512312578E-17));
#4779=DIRECTION('center_axis',(-5.55111512312578E-17,-6.162975822039E-33,
-1.));
#4780=DIRECTION('ref_axis',(-1.,-7.9739752789976E-45,5.55111512312578E-17));
#4781=DIRECTION('',(5.55111512312578E-17,6.162975822039E-33,1.));
#4782=DIRECTION('center_axis',(-5.55111512312578E-17,-6.162975822039E-33,
-1.));
#4783=DIRECTION('ref_axis',(1.,7.9739752789976E-45,-5.55111512312578E-17));
#4784=DIRECTION('center_axis',(-5.55111512312578E-17,-6.162975822039E-33,
-1.));
#4785=DIRECTION('ref_axis',(-1.,-7.9739752789976E-45,5.55111512312578E-17));
#4786=DIRECTION('center_axis',(-5.55111512312578E-17,-6.162975822039E-33,
-1.));
#4787=DIRECTION('ref_axis',(1.,7.9739752789976E-45,-5.55111512312578E-17));
#4788=DIRECTION('',(-5.55111512312578E-17,-6.162975822039E-33,-1.));
#4789=DIRECTION('center_axis',(5.55111512312578E-17,6.162975822039E-33,
1.));
#4790=DIRECTION('ref_axis',(1.,7.9739752789976E-45,-5.55111512312578E-17));
#4791=DIRECTION('center_axis',(-5.55111512312578E-17,-6.162975822039E-33,
-1.));
#4792=DIRECTION('ref_axis',(-1.,-7.9739752789976E-45,5.55111512312578E-17));
#4793=DIRECTION('center_axis',(-5.55111512312578E-17,-6.162975822039E-33,
-1.));
#4794=DIRECTION('ref_axis',(-1.,-7.9739752789976E-45,5.55111512312578E-17));
#4795=DIRECTION('center_axis',(-5.55111512312578E-17,-6.162975822039E-33,
-1.));
#4796=DIRECTION('ref_axis',(-1.,-7.9739752789976E-45,5.55111512312578E-17));
#4797=DIRECTION('center_axis',(-5.55111512312578E-17,-6.162975822039E-33,
-1.));
#4798=DIRECTION('ref_axis',(-1.,-7.9739752789976E-45,5.55111512312578E-17));
#4799=DIRECTION('center_axis',(5.55111512312578E-17,6.162975822039E-33,
1.));
#4800=DIRECTION('ref_axis',(1.,7.9739752789976E-45,-5.55111512312578E-17));
#4801=DIRECTION('center_axis',(5.55111512312578E-17,6.162975822039E-33,
1.));
#4802=DIRECTION('ref_axis',(1.,7.9739752789976E-45,-5.55111512312578E-17));
#4803=DIRECTION('center_axis',(-5.55111512312578E-17,-6.162975822039E-33,
-1.));
#4804=DIRECTION('ref_axis',(1.,7.9739752789976E-45,-5.55111512312578E-17));
#4805=DIRECTION('center_axis',(5.55111512312578E-17,6.162975822039E-33,
1.));
#4806=DIRECTION('ref_axis',(1.,7.9739752789976E-45,-5.55111512312578E-17));
#4807=DIRECTION('center_axis',(5.55111512312578E-17,6.162975822039E-33,
1.));
#4808=DIRECTION('ref_axis',(-1.,-7.9739752789976E-45,5.55111512312578E-17));
#4809=DIRECTION('center_axis',(-5.55111512312578E-17,-6.162975822039E-33,
-1.));
#4810=DIRECTION('ref_axis',(-1.,-7.9739752789976E-45,5.55111512312578E-17));
#4811=DIRECTION('center_axis',(5.55111512312578E-17,6.162975822039E-33,
1.));
#4812=DIRECTION('ref_axis',(1.,7.9739752789976E-45,-5.55111512312578E-17));
#4813=DIRECTION('center_axis',(-5.55111512312578E-17,-6.162975822039E-33,
-1.));
#4814=DIRECTION('ref_axis',(0.997411763631977,0.071901138854324,-5.53674752508103E-17));
#4815=DIRECTION('center_axis',(-5.55111512312578E-17,-6.162975822039E-33,
-1.));
#4816=DIRECTION('ref_axis',(1.,-2.1316282072803E-14,-5.55111512312578E-17));
#4817=DIRECTION('center_axis',(-5.55111512312578E-17,-6.162975822039E-33,
-1.));
#4818=DIRECTION('ref_axis',(1.,7.9739752789976E-45,-5.55111512312578E-17));
#4819=DIRECTION('',(5.55111512312578E-17,6.162975822039E-33,1.));
#4820=DIRECTION('center_axis',(5.55111512312578E-17,6.162975822039E-33,
1.));
#4821=DIRECTION('ref_axis',(1.,7.9739752789976E-45,-5.55111512312578E-17));
#4822=DIRECTION('center_axis',(5.55111512312578E-17,6.162975822039E-33,
1.));
#4823=DIRECTION('ref_axis',(1.,7.9739752789976E-45,-5.55111512312578E-17));
#4824=DIRECTION('center_axis',(5.55111512312578E-17,6.162975822039E-33,
1.));
#4825=DIRECTION('ref_axis',(1.,7.9739752789976E-45,-5.55111512312578E-17));
#4826=DIRECTION('center_axis',(5.55111512312578E-17,6.162975822039E-33,
1.));
#4827=DIRECTION('ref_axis',(-0.409853740468441,-0.912151254685334,2.27514529698403E-17));
#4828=DIRECTION('center_axis',(5.55111512312578E-17,6.162975822039E-33,
1.));
#4829=DIRECTION('ref_axis',(1.,7.9739752789976E-45,-5.55111512312578E-17));
#4830=DIRECTION('center_axis',(-5.55111512312578E-17,-6.162975822039E-33,
-1.));
#4831=DIRECTION('ref_axis',(0.483048318884539,-0.875593696655487,-2.68145682816045E-17));
#4832=DIRECTION('center_axis',(-5.55111512312578E-17,-6.162975822039E-33,
-1.));
#4833=DIRECTION('ref_axis',(0.483048318901183,0.875593696646304,-2.68145682825284E-17));
#4834=DIRECTION('center_axis',(5.55111512312578E-17,6.162975822039E-33,
1.));
#4835=DIRECTION('ref_axis',(1.,7.9739752789976E-45,-5.55111512312578E-17));
#4836=DIRECTION('center_axis',(5.55111512312578E-17,6.162975822039E-33,
1.));
#4837=DIRECTION('ref_axis',(1.,7.9739752789976E-45,-5.55111512312578E-17));
#4838=DIRECTION('center_axis',(5.55111512312578E-17,6.162975822039E-33,
1.));
#4839=DIRECTION('ref_axis',(-1.,1.22464679914735E-16,5.55111512312578E-17));
#4840=DIRECTION('',(5.55111512312578E-17,6.162975822039E-33,1.));
#4841=DIRECTION('',(5.55111512312578E-17,6.162975822039E-33,1.));
#4842=DIRECTION('center_axis',(-7.97431739288049E-45,1.,-6.162975822039E-33));
#4843=DIRECTION('ref_axis',(5.55111512312578E-17,6.162975822039E-33,1.));
#4844=DIRECTION('center_axis',(7.97431739288049E-45,-1.,6.162975822039E-33));
#4845=DIRECTION('ref_axis',(-5.55111512312578E-17,-6.162975822039E-33,-1.));
#4846=DIRECTION('center_axis',(5.55111512312578E-17,6.162975822039E-33,
1.));
#4847=DIRECTION('ref_axis',(-1.,1.22464679914735E-16,5.55111512312578E-17));
#4848=DIRECTION('',(5.55111512312578E-17,6.162975822039E-33,1.));
#4849=DIRECTION('',(5.55111512312578E-17,6.162975822039E-33,1.));
#4850=DIRECTION('center_axis',(-3.4628683321351E-16,1.,1.30598049458695E-32));
#4851=DIRECTION('ref_axis',(-1.,-3.4628683321351E-16,5.55111512312578E-17));
#4852=DIRECTION('center_axis',(-3.4628683321351E-16,-1.,2.53857565899475E-32));
#4853=DIRECTION('ref_axis',(1.,-3.4628683321351E-16,-5.55111512312578E-17));
#4854=DIRECTION('center_axis',(-0.776842337800046,0.629695150212671,2.81006314617282E-16));
#4855=DIRECTION('ref_axis',(-0.629695150212671,-0.776842337800046,3.49551027130452E-17));
#4856=DIRECTION('',(0.629695150212671,0.776842337800046,-3.49551027130452E-17));
#4857=DIRECTION('center_axis',(0.629695150212671,0.776842337800046,-3.49551027130452E-17));
#4858=DIRECTION('ref_axis',(-0.776842337800047,0.629695150212671,4.31234124964622E-17));
#4859=DIRECTION('center_axis',(0.629695150212671,0.776842337800046,-3.49551027130452E-17));
#4860=DIRECTION('ref_axis',(-0.776842337800046,0.629695150212671,4.31234124964622E-17));
#4861=DIRECTION('',(0.629695150212671,0.776842337800046,-3.49551027130452E-17));
#4862=DIRECTION('center_axis',(-0.776842337800046,0.629695150212671,4.31234124964622E-17));
#4863=DIRECTION('ref_axis',(-0.629695150212671,-0.776842337800046,3.49551027130452E-17));
#4864=DIRECTION('center_axis',(5.55111512312578E-17,6.162975822039E-33,
1.));
#4865=DIRECTION('ref_axis',(1.,0.,0.));
#4866=DIRECTION('center_axis',(5.55111512312578E-17,6.162975822039E-33,
1.));
#4867=DIRECTION('ref_axis',(-0.409853740468442,-0.912151254685333,0.));
#4868=DIRECTION('center_axis',(-0.183268670514036,-0.983062863914622,1.01734548848562E-17));
#4869=DIRECTION('ref_axis',(0.983062863914621,-0.183268670514036,-5.4570951308598E-17));
#4870=DIRECTION('center_axis',(5.55111512312578E-17,6.162975822039E-33,
1.));
#4871=DIRECTION('ref_axis',(1.,0.,0.));
#4872=DIRECTION('center_axis',(-0.153397731726349,-0.988164528760879,8.51528468439331E-18));
#4873=DIRECTION('ref_axis',(0.988164528760879,-0.153397731726349,-5.48541505974098E-17));
#4874=DIRECTION('center_axis',(0.153397731709535,-0.98816452876349,-7.32560064591191E-16));
#4875=DIRECTION('ref_axis',(-0.98816452876349,-0.153397731709535,5.48541505975547E-17));
#4876=DIRECTION('center_axis',(5.55111512312578E-17,6.162975822039E-33,
1.));
#4877=DIRECTION('ref_axis',(1.,0.,0.));
#4878=DIRECTION('center_axis',(0.322374543965188,-0.946612198000447,-1.78953820631593E-17));
#4879=DIRECTION('ref_axis',(0.946612198000447,0.322374543965188,-5.25475328805562E-17));
#4880=DIRECTION('center_axis',(5.55111512312578E-17,6.162975822039E-33,
1.));
#4881=DIRECTION('ref_axis',(-0.99999449259591,0.00331885188725413,0.));
#4882=DIRECTION('center_axis',(5.55111512312578E-17,6.162975822039E-33,
1.));
#4883=DIRECTION('ref_axis',(1.,0.,0.));
#4884=DIRECTION('center_axis',(0.153397731676712,0.988164528768585,-8.51528468163789E-18));
#4885=DIRECTION('ref_axis',(-0.988164528768585,0.153397731676712,5.48541505978375E-17));
#4886=DIRECTION('center_axis',(-0.15339773169538,0.988164528765687,7.50409462660658E-17));
#4887=DIRECTION('ref_axis',(0.988164528765687,0.15339773169538,-5.48541505976767E-17));
#4888=DIRECTION('center_axis',(5.55111512312578E-17,6.162975822039E-33,
1.));
#4889=DIRECTION('ref_axis',(1.,0.,0.));
#4890=DIRECTION('center_axis',(5.55111512312578E-17,6.162975822039E-33,
1.));
#4891=DIRECTION('ref_axis',(1.,0.,0.));
#4892=DIRECTION('center_axis',(5.55111512312578E-17,6.162975822039E-33,
1.));
#4893=DIRECTION('ref_axis',(1.,7.9739752789976E-45,-5.55111512312578E-17));
#4894=DIRECTION('center_axis',(5.55111512312578E-17,6.162975822039E-33,
1.));
#4895=DIRECTION('ref_axis',(1.,7.9739752789976E-45,-5.55111512312578E-17));
#4896=DIRECTION('center_axis',(5.55111512312578E-17,6.162975822039E-33,
1.));
#4897=DIRECTION('ref_axis',(1.,0.,0.));
#4898=DIRECTION('center_axis',(5.55111512312578E-17,6.162975822039E-33,
1.));
#4899=DIRECTION('ref_axis',(1.,7.9739752789976E-45,-5.55111512312578E-17));
#4900=DIRECTION('center_axis',(5.55111512312578E-17,6.162975822039E-33,
1.));
#4901=DIRECTION('ref_axis',(1.,7.9739752789976E-45,-5.55111512312578E-17));
#4902=DIRECTION('center_axis',(5.55111512312578E-17,6.162975822039E-33,
1.));
#4903=DIRECTION('ref_axis',(1.,7.9739752789976E-45,-5.55111512312578E-17));
#4904=DIRECTION('',(-5.55111512312578E-17,-6.162975822039E-33,-1.));
#4905=DIRECTION('center_axis',(5.55111512312578E-17,6.162975822039E-33,
1.));
#4906=DIRECTION('ref_axis',(1.,7.9739752789976E-45,-5.55111512312578E-17));
#4907=DIRECTION('',(5.55111512312578E-17,6.162975822039E-33,1.));
#4908=DIRECTION('center_axis',(5.55111512312578E-17,6.162975822039E-33,
1.));
#4909=DIRECTION('ref_axis',(1.,0.,0.));
#4910=DIRECTION('center_axis',(5.55111512312578E-17,6.162975822039E-33,
1.));
#4911=DIRECTION('ref_axis',(1.,7.9739752789976E-45,-5.55111512312578E-17));
#4912=DIRECTION('center_axis',(5.55111512312578E-17,6.162975822039E-33,
1.));
#4913=DIRECTION('ref_axis',(1.,0.,0.));
#4914=DIRECTION('center_axis',(5.55111512312578E-17,6.162975822039E-33,
1.));
#4915=DIRECTION('ref_axis',(1.,7.9739752789976E-45,-5.55111512312578E-17));
#4916=DIRECTION('center_axis',(5.55111512312578E-17,6.162975822039E-33,
1.));
#4917=DIRECTION('ref_axis',(1.,7.9739752789976E-45,-5.55111512312578E-17));
#4918=DIRECTION('center_axis',(5.55111512312578E-17,6.162975822039E-33,
1.));
#4919=DIRECTION('ref_axis',(1.,7.9739752789976E-45,-5.55111512312578E-17));
#4920=DIRECTION('center_axis',(5.55111512312578E-17,6.162975822039E-33,
1.));
#4921=DIRECTION('ref_axis',(1.,7.9739752789976E-45,-5.55111512312578E-17));
#4922=DIRECTION('center_axis',(5.55111512312578E-17,6.162975822039E-33,
1.));
#4923=DIRECTION('ref_axis',(1.,7.9739752789976E-45,-5.55111512312578E-17));
#4924=DIRECTION('center_axis',(5.55111512312578E-17,6.162975822039E-33,
1.));
#4925=DIRECTION('ref_axis',(1.,7.9739752789976E-45,-5.55111512312578E-17));
#4926=DIRECTION('center_axis',(-5.55111512312578E-17,-6.162975822039E-33,
-1.));
#4927=DIRECTION('ref_axis',(-1.,-7.9739752789976E-45,5.55111512312578E-17));
#4928=DIRECTION('center_axis',(5.55111512312578E-17,6.162975822039E-33,
1.));
#4929=DIRECTION('ref_axis',(1.,7.9739752789976E-45,-5.55111512312578E-17));
#4930=DIRECTION('center_axis',(-5.55111512312578E-17,-6.162975822039E-33,
-1.));
#4931=DIRECTION('ref_axis',(-1.,-7.9739752789976E-45,5.55111512312578E-17));
#4932=DIRECTION('center_axis',(-5.55111512312578E-17,-6.162975822039E-33,
-1.));
#4933=DIRECTION('ref_axis',(-1.,-7.9739752789976E-45,5.55111512312578E-17));
#4934=DIRECTION('center_axis',(5.55111512312578E-17,6.162975822039E-33,
1.));
#4935=DIRECTION('ref_axis',(-0.951111297007142,0.30884834580323,0.));
#4936=DIRECTION('center_axis',(5.55111512312578E-17,6.162975822039E-33,
1.));
#4937=DIRECTION('ref_axis',(1.,7.9739752789976E-45,-5.55111512312578E-17));
#4938=DIRECTION('center_axis',(5.55111512312578E-17,6.162975822039E-33,
1.));
#4939=DIRECTION('ref_axis',(1.,7.9739752789976E-45,-5.55111512312578E-17));
#4940=DIRECTION('center_axis',(5.55111512312578E-17,6.162975822039E-33,
1.));
#4941=DIRECTION('ref_axis',(1.,7.9739752789976E-45,-5.55111512312578E-17));
#4942=DIRECTION('center_axis',(-5.55111512312578E-17,-6.162975822039E-33,
-1.));
#4943=DIRECTION('ref_axis',(1.,-2.6645352590999E-15,-5.55111512312578E-17));
#4944=DIRECTION('center_axis',(5.55111512312578E-17,6.162975822039E-33,
1.));
#4945=DIRECTION('ref_axis',(1.,7.9739752789976E-45,-5.55111512312578E-17));
#4946=DIRECTION('center_axis',(5.55111512312578E-17,6.162975822039E-33,
1.));
#4947=DIRECTION('ref_axis',(1.,7.9739752789976E-45,-5.55111512312578E-17));
#4948=DIRECTION('',(5.55111512312578E-17,6.162975822039E-33,1.));
#4949=DIRECTION('',(-5.55111512312578E-17,-6.162975822039E-33,-1.));
#4950=DIRECTION('center_axis',(-5.55111512312578E-17,-6.162975822039E-33,
-1.));
#4951=DIRECTION('ref_axis',(-1.,-7.9739752789976E-45,5.55111512312578E-17));
#4952=DIRECTION('center_axis',(5.55111512312578E-17,6.162975822039E-33,
1.));
#4953=DIRECTION('ref_axis',(1.,7.9739752789976E-45,-5.55111512312578E-17));
#4954=DIRECTION('center_axis',(-5.55111512312578E-17,-6.162975822039E-33,
-1.));
#4955=DIRECTION('ref_axis',(-1.,-7.9739752789976E-45,5.55111512312578E-17));
#4956=DIRECTION('center_axis',(5.55111512312578E-17,6.162975822039E-33,
1.));
#4957=DIRECTION('ref_axis',(-1.,-7.9739752789976E-45,5.55111512312578E-17));
#4958=DIRECTION('center_axis',(-5.55111512312578E-17,-6.162975822039E-33,
-1.));
#4959=DIRECTION('ref_axis',(-1.,-7.9739752789976E-45,5.55111512312578E-17));
#4960=DIRECTION('center_axis',(5.55111512312578E-17,6.162975822039E-33,
1.));
#4961=DIRECTION('ref_axis',(-0.951111297007142,0.30884834580323,0.));
#4962=DIRECTION('center_axis',(-0.580189371528937,-0.814481610083897,3.22069799457112E-17));
#4963=DIRECTION('ref_axis',(0.814481610083897,-0.580189371528937,-4.52128118324456E-17));
#4964=DIRECTION('center_axis',(5.55111512312578E-17,6.162975822039E-33,
1.));
#4965=DIRECTION('ref_axis',(1.,0.,0.));
#4966=DIRECTION('center_axis',(-0.497837024687992,-0.867270601859539,2.76355063659746E-17));
#4967=DIRECTION('ref_axis',(0.867270601859539,-0.497837024687992,-4.81431895382489E-17));
#4968=DIRECTION('center_axis',(5.55111512312578E-17,6.162975822039E-33,
1.));
#4969=DIRECTION('ref_axis',(1.,0.,0.));
#4970=DIRECTION('center_axis',(-0.609794508360109,-0.792559560899907,3.38503951735685E-17));
#4971=DIRECTION('ref_axis',(0.792559560899907,-0.609794508360109,-4.3995893644894E-17));
#4972=DIRECTION('center_axis',(-1.50614535189546E-15,-1.15105701504485E-15,
-1.));
#4973=DIRECTION('ref_axis',(-1.,-3.27002953247593E-31,1.50614535189546E-15));
#4974=DIRECTION('center_axis',(-5.55111512312578E-17,-6.162975822039E-33,
-1.));
#4975=DIRECTION('ref_axis',(0.997944653425909,0.0640817345165029,-5.53970565767508E-17));
#4976=DIRECTION('center_axis',(-5.55111512312578E-17,-6.162975822039E-33,
-1.));
#4977=DIRECTION('ref_axis',(-1.,-7.9739752789976E-45,5.55111512312578E-17));
#4978=DIRECTION('center_axis',(0.609794508360504,0.792559560899603,3.10071092468798E-13));
#4979=DIRECTION('ref_axis',(-0.792559560899603,0.609794508360504,4.39958936449024E-17));
#4980=DIRECTION('center_axis',(-5.55111512312578E-17,-6.162975822039E-33,
-1.));
#4981=DIRECTION('ref_axis',(-1.,0.,0.));
#4982=DIRECTION('center_axis',(0.497837024687994,0.867270601859539,-2.76355063659746E-17));
#4983=DIRECTION('ref_axis',(-0.867270601859538,0.497837024687994,4.81431895382488E-17));
#4984=DIRECTION('center_axis',(-5.55111512312578E-17,-6.162975822039E-33,
-1.));
#4985=DIRECTION('ref_axis',(-1.,0.,0.));
#4986=DIRECTION('center_axis',(0.580189371528936,0.814481610083898,-3.22069799457112E-17));
#4987=DIRECTION('ref_axis',(-0.814481610083898,0.580189371528936,4.52128118324456E-17));
#4988=DIRECTION('center_axis',(0.00900258710337129,0.999959475891621,-4.99743974167821E-19));
#4989=DIRECTION('ref_axis',(-0.999959475891621,0.00900258710337128,5.55089016913491E-17));
#4990=DIRECTION('center_axis',(-5.55111512312578E-17,-6.162975822039E-33,
-1.));
#4991=DIRECTION('ref_axis',(-1.,0.,0.));
#4992=DIRECTION('center_axis',(0.337347391942646,0.941380229848436,-1.87265420915986E-17));
#4993=DIRECTION('ref_axis',(-0.941380229848436,0.337347391942646,5.22571003052328E-17));
#4994=DIRECTION('center_axis',(0.43016161883064,0.544527637372477,0.720035161518208));
#4995=DIRECTION('ref_axis',(-2.71827761992932E-16,-0.79760027810103,0.603186369518708));
#4996=DIRECTION('center_axis',(-2.3164629167388E-16,9.95258389868298E-16,
1.));
#4997=DIRECTION('ref_axis',(1.85214634842064E-32,-1.,9.95258389868298E-16));
#4998=DIRECTION('center_axis',(5.55111512312578E-17,6.162975822039E-33,
1.));
#4999=DIRECTION('ref_axis',(1.,7.9739752789976E-45,-5.55111512312578E-17));
#5000=DIRECTION('center_axis',(5.55111512312578E-17,6.162975822039E-33,
1.));
#5001=DIRECTION('ref_axis',(1.,7.9739752789976E-45,-5.55111512312578E-17));
#5002=DIRECTION('center_axis',(-0.430161618830838,-0.544527637372291,0.72003516151823));
#5003=DIRECTION('ref_axis',(4.97831570679083E-17,-0.797600278101138,-0.603186369518565));
#5004=DIRECTION('center_axis',(-0.337347391942645,-0.941380229848437,-7.97790650177664E-16));
#5005=DIRECTION('ref_axis',(0.941380229848437,-0.337347391942645,-5.22571003052328E-17));
#5006=DIRECTION('center_axis',(5.55111512312578E-17,6.162975822039E-33,
1.));
#5007=DIRECTION('ref_axis',(1.,0.,0.));
#5008=DIRECTION('center_axis',(-0.00900258710337129,-0.999959475891621,
4.99743974167821E-19));
#5009=DIRECTION('ref_axis',(0.999959475891621,-0.00900258710337129,-5.55089016913491E-17));
#5010=DIRECTION('center_axis',(0.41287654049744,-0.305850041227658,0.857897846242725));
#5011=DIRECTION('ref_axis',(0.901077764394462,-3.19189119579733E-16,-0.433657540593818));
#5012=DIRECTION('center_axis',(-2.18052938249959E-16,2.46405936709513E-15,
-1.));
#5013=DIRECTION('ref_axis',(2.55330331248856E-31,1.,2.46405936709513E-15));
#5014=DIRECTION('center_axis',(5.55111512312578E-17,6.162975822039E-33,
1.));
#5015=DIRECTION('ref_axis',(1.,7.9739752789976E-45,-5.55111512312578E-17));
#5016=DIRECTION('center_axis',(-5.55111512312578E-17,-6.162975822039E-33,
-1.));
#5017=DIRECTION('ref_axis',(-1.,-7.9739752789976E-45,5.55111512312578E-17));
#5018=DIRECTION('center_axis',(0.606225447212694,-0.795292843644258,2.03576747673861E-15));
#5019=DIRECTION('ref_axis',(0.795292843644257,0.606225447212694,-4.41476213166691E-17));
#5020=DIRECTION('center_axis',(0.412876540497442,-0.305850041227648,-0.857897846242727));
#5021=DIRECTION('ref_axis',(-0.901077764394462,6.93889390390723E-17,-0.433657540593818));
#5022=DIRECTION('center_axis',(5.55111512312578E-17,6.162975822039E-33,
1.));
#5023=DIRECTION('ref_axis',(1.,0.,0.));
#5024=DIRECTION('center_axis',(0.35395210724134,-0.935263548834988,-2.07007849956839E-15));
#5025=DIRECTION('ref_axis',(0.935263548834988,0.35395210724134,-5.19175563004603E-17));
#5026=DIRECTION('center_axis',(0.606225447212697,-0.795292843644255,-7.23458855553482E-16));
#5027=DIRECTION('ref_axis',(0.795292843644255,0.606225447212696,-4.41476213166737E-17));
#5028=DIRECTION('center_axis',(-0.353952107206672,-0.935263548848108,-1.62517601281363E-15));
#5029=DIRECTION('ref_axis',(0.935263548848108,-0.353952107206672,-5.19175563011881E-17));
#5030=DIRECTION('center_axis',(-5.55111512312578E-17,-6.162975822039E-33,
-1.));
#5031=DIRECTION('ref_axis',(-1.,0.,0.));
#5032=DIRECTION('center_axis',(0.353952107241342,-0.935263548834987,-1.96482889536965E-17));
#5033=DIRECTION('ref_axis',(0.935263548834987,0.353952107241342,-5.19175563004618E-17));
#5034=DIRECTION('center_axis',(5.55111512312578E-17,6.162975822039E-33,
1.));
#5035=DIRECTION('ref_axis',(1.,0.,0.));
#5036=DIRECTION('center_axis',(-0.606225447183213,-0.79529284366673,-2.03576747679872E-15));
#5037=DIRECTION('ref_axis',(0.79529284366673,-0.606225447183213,-4.41476213179207E-17));
#5038=DIRECTION('center_axis',(-0.353952107206669,-0.935263548848109,-7.91563528254326E-16));
#5039=DIRECTION('ref_axis',(0.935263548848108,-0.353952107206669,-5.19175563011909E-17));
#5040=DIRECTION('center_axis',(-1.50614535189875E-15,-9.73765213954104E-16,
-1.));
#5041=DIRECTION('ref_axis',(-1.,-2.76636253953652E-31,1.50614535189875E-15));
#5042=DIRECTION('center_axis',(-5.55111512312578E-17,-6.162975822039E-33,
-1.));
#5043=DIRECTION('ref_axis',(-1.,0.,0.));
#5044=DIRECTION('center_axis',(-0.606225447183213,-0.79529284366673,3.36522724788242E-17));
#5045=DIRECTION('ref_axis',(0.79529284366673,-0.606225447183212,-4.41476213179209E-17));
#5046=DIRECTION('center_axis',(5.55111512312578E-17,6.162975822039E-33,
1.));
#5047=DIRECTION('ref_axis',(1.,7.9739752789976E-45,-5.55111512312578E-17));
#5048=DIRECTION('center_axis',(6.69805949102483E-16,4.86882606977047E-16,
-1.));
#5049=DIRECTION('ref_axis',(-1.,-6.91590634884198E-32,-6.69805949102483E-16));
#5050=DIRECTION('',(-8.44287882164647E-15,-5.06201667536816E-16,1.));
#5051=DIRECTION('',(1.,-4.10782519111308E-15,7.81619408630114E-30));
#5052=DIRECTION('',(0.,1.,-5.41233724504764E-16));
#5053=DIRECTION('',(1.,0.,0.));
#5054=CARTESIAN_POINT('',(0.,0.,0.));
#5055=CARTESIAN_POINT('',(0.,0.,0.));
#5056=CARTESIAN_POINT('',(0.,0.,0.));
#5057=CARTESIAN_POINT('Origin',(0.0462965504814329,-4.61440387449694,6.86943538849867));
#5058=CARTESIAN_POINT('',(0.187044581977496,-4.61440387449694,6.86943538849867));
#5059=CARTESIAN_POINT('Origin',(0.0462965504814329,-4.61440387449694,6.86943538849867));
#5060=CARTESIAN_POINT('',(0.187044581977496,-4.61440387449694,6.94043538849867));
#5061=CARTESIAN_POINT('',(0.187044581977496,-4.61440387449694,6.86943538849867));
#5062=CARTESIAN_POINT('Origin',(0.0462965504814329,-4.61440387449694,6.94043538849867));
#5063=CARTESIAN_POINT('Origin',(0.0462965504814329,-4.61440387449694,6.86943538849867));
#5064=CARTESIAN_POINT('',(0.0459808602002228,-4.73464229510248,6.86943538849867));
#5065=CARTESIAN_POINT('',(0.150980860200222,-4.67402051683756,6.86943538849867));
#5066=CARTESIAN_POINT('',(0.0721316257445054,-4.71954414357597,6.86943538849867));
#5067=CARTESIAN_POINT('',(-0.0590191397997774,-4.67402051683757,6.86943538849867));
#5068=CARTESIAN_POINT('',(-0.0324331376331522,-4.68936995234515,6.86943538849867));
#5069=CARTESIAN_POINT('',(-0.0590191397997779,-4.55277696030774,6.86943538849867));
#5070=CARTESIAN_POINT('',(-0.0590191397997821,-4.58359041740234,6.86943538849867));
#5071=CARTESIAN_POINT('',(0.045980860200222,-4.49215518204283,6.86943538849867));
#5072=CARTESIAN_POINT('',(0.0196316257445047,-4.50736791964878,6.86943538849867));
#5073=CARTESIAN_POINT('',(0.150980860200222,-4.55277696030774,6.86943538849867));
#5074=CARTESIAN_POINT('',(0.125066862366847,-4.53781550668287,6.86943538849867));
#5075=CARTESIAN_POINT('',(0.150980860200218,-4.64421219566725,6.86943538849867));
#5076=CARTESIAN_POINT('Origin',(0.0459808602002248,-4.49215518204283,6.03143538849867));
#5077=CARTESIAN_POINT('',(-0.0590191397997751,-4.55277696030774,6.03143538849867));
#5078=CARTESIAN_POINT('',(-0.0590191397997751,-4.55277696030774,6.03143538849867));
#5079=CARTESIAN_POINT('',(0.0459808602002248,-4.49215518204283,6.03143538849867));
#5080=CARTESIAN_POINT('',(0.0197308602002254,-4.50731062660906,6.03143538849867));
#5081=CARTESIAN_POINT('',(0.0459808602002248,-4.49215518204283,6.03143538849867));
#5082=CARTESIAN_POINT('Origin',(-0.0590191397997751,-4.55277696030774,6.03143538849867));
#5083=CARTESIAN_POINT('',(-0.0590191397997746,-4.67402051683756,6.03143538849866));
#5084=CARTESIAN_POINT('',(-0.0590191397997746,-4.67402051683756,6.03143538849866));
#5085=CARTESIAN_POINT('',(-0.059019139799775,-4.5830878494402,6.03143538849867));
#5086=CARTESIAN_POINT('Origin',(-0.0590191397997746,-4.67402051683756,6.03143538849866));
#5087=CARTESIAN_POINT('',(0.0459808602002256,-4.73464229510247,6.03143538849867));
#5088=CARTESIAN_POINT('',(0.0459808602002256,-4.73464229510247,6.03143538849867));
#5089=CARTESIAN_POINT('',(-0.0327691397997739,-4.68917596140379,6.03143538849867));
#5090=CARTESIAN_POINT('Origin',(0.150980860200225,-4.55277696030774,6.03143538849867));
#5091=CARTESIAN_POINT('',(0.150980860200225,-4.55277696030774,6.03143538849867));
#5092=CARTESIAN_POINT('',(0.124730860200225,-4.53762151574151,6.03143538849867));
#5093=CARTESIAN_POINT('',(0.150980860200225,-4.55277696030774,6.03143538849867));
#5094=CARTESIAN_POINT('Origin',(0.150980860200225,-4.67402051683756,6.03143538849867));
#5095=CARTESIAN_POINT('',(0.150980860200225,-4.67402051683756,6.03143538849867));
#5096=CARTESIAN_POINT('',(0.150980860200225,-4.64370962770511,6.03143538849867));
#5097=CARTESIAN_POINT('',(0.150980860200225,-4.67402051683756,6.03143538849867));
#5098=CARTESIAN_POINT('Origin',(0.0459808602002256,-4.73464229510247,6.03143538849867));
#5099=CARTESIAN_POINT('',(0.0722308602002262,-4.71948685053624,6.03143538849867));
#5100=CARTESIAN_POINT('Origin',(0.0459808602002267,-4.61339873857265,6.94043538849867));
#5101=CARTESIAN_POINT('',(0.222174576651276,-4.61339873857265,6.03143538849867));
#5102=CARTESIAN_POINT('Origin',(0.0459808602002267,-4.61339873857265,6.03143538849867));
#5103=CARTESIAN_POINT('',(0.222174576651276,-4.61339873857265,6.03164011290812));
#5104=CARTESIAN_POINT('',(0.222174576651276,-4.61339873857265,6.94043538849867));
#5105=CARTESIAN_POINT('Origin',(0.0459808602002267,-4.61339873857265,6.03164011290812));
#5106=CARTESIAN_POINT('Origin',(0.0459808602002267,-4.61339873857265,6.03143538849867));
#5107=CARTESIAN_POINT('Origin',(0.0459808602002267,-4.61339873857265,6.86943538849867));
#5108=CARTESIAN_POINT('',(0.222174576651276,-4.61339873857265,6.94043538849867));
#5109=CARTESIAN_POINT('Origin',(0.0459808602002267,-4.61339873857265,6.94043538849867));
#5110=CARTESIAN_POINT('',(0.222174576651276,-4.61339873857265,6.94030153023095));
#5111=CARTESIAN_POINT('',(0.222174576651276,-4.61339873857265,6.86943538849867));
#5112=CARTESIAN_POINT('Origin',(0.0459808602002267,-4.61339873857265,6.94030153023095));
#5113=CARTESIAN_POINT('Origin',(0.0459808602002267,-4.61339873857265,6.94043538849867));
#5114=CARTESIAN_POINT('Origin',(-0.00138489313704349,-5.19920569282143,
5.87515979794748));
#5115=CARTESIAN_POINT('',(0.00274839154618411,-5.14029539717802,6.17515979794748));
#5116=CARTESIAN_POINT('',(0.00274839154634217,-5.14029539717804,6.1754905066089));
#5117=CARTESIAN_POINT('Ctrl Pts',(0.00274839155550054,-5.14029539717912,
6.17515979794748));
#5118=CARTESIAN_POINT('Ctrl Pts',(0.00274839155550054,-5.14029539717912,
6.17521491605772));
#5119=CARTESIAN_POINT('Ctrl Pts',(0.00274839155550107,-5.14029539717912,
6.17527003416795));
#5120=CARTESIAN_POINT('Ctrl Pts',(0.00274839155550107,-5.14029539717912,
6.17538027038843));
#5121=CARTESIAN_POINT('Ctrl Pts',(0.00274839155550159,-5.14029539717912,
6.17543538849866));
#5122=CARTESIAN_POINT('Ctrl Pts',(0.00274839155550159,-5.14029539717912,
6.1754905066089));
#5123=CARTESIAN_POINT('',(0.057613868859626,-5.19662634060152,6.17515979794748));
#5124=CARTESIAN_POINT('Origin',(-0.00138489313704349,-5.19920569282143,
6.17515979794748));
#5125=CARTESIAN_POINT('',(0.0576138688596258,-5.19662634060152,6.1754905066089));
#5126=CARTESIAN_POINT('',(0.0576138688596256,-5.19662634060152,5.87515979794748));
#5127=CARTESIAN_POINT('',(0.0576702249731927,-5.19920569282143,6.1754905066089));
#5128=CARTESIAN_POINT('Origin',(-0.00138489313704349,-5.19920569282143,
6.1754905066089));
#5129=CARTESIAN_POINT('',(0.0576702249731927,-5.19920569282143,6.86156137275063));
#5130=CARTESIAN_POINT('',(0.0576702249731927,-5.19920569282143,5.87515979794748));
#5131=CARTESIAN_POINT('Origin',(-0.00138489313704349,-5.19920569282143,
6.86156137275063));
#5132=CARTESIAN_POINT('',(-0.0513095163340717,-5.23074993118042,6.1754905066089));
#5133=CARTESIAN_POINT('Origin',(-0.00138489313704349,-5.19920569282143,
6.1754905066089));
#5134=CARTESIAN_POINT('',(-0.0513095163340719,-5.23074993118042,6.17515979794748));
#5135=CARTESIAN_POINT('',(-0.0513095163340799,-5.23074993118041,5.87515979794748));
#5136=CARTESIAN_POINT('',(-0.0218060343756517,-5.14379374496245,6.17515979794748));
#5137=CARTESIAN_POINT('Origin',(-0.00138489313704349,-5.19920569282143,
6.17515979794748));
#5138=CARTESIAN_POINT('',(-0.0218060343756523,-5.14379374496245,6.1754905066089));
#5139=CARTESIAN_POINT('Ctrl Pts',(-0.0218060343756526,-5.14379374496245,
6.1754905066089));
#5140=CARTESIAN_POINT('Ctrl Pts',(-0.0218060343756526,-5.14379374496245,
6.17543538849866));
#5141=CARTESIAN_POINT('Ctrl Pts',(-0.0218060343756524,-5.14379374496245,
6.17538027038843));
#5142=CARTESIAN_POINT('Ctrl Pts',(-0.0218060343756524,-5.14379374496245,
6.17527003416795));
#5143=CARTESIAN_POINT('Ctrl Pts',(-0.0218060343756524,-5.14379374496245,
6.17521491605772));
#5144=CARTESIAN_POINT('Ctrl Pts',(-0.0218060343756524,-5.14379374496245,
6.17515979794748));
#5145=CARTESIAN_POINT('',(-0.0181041530052671,-5.1425667193103,6.1754905066089));
#5146=CARTESIAN_POINT('Origin',(-0.00138489313704349,-5.19920569282143,
6.1754905066089));
#5147=CARTESIAN_POINT('',(-0.0181041536218249,-5.1425667194563,6.17515979794748));
#5148=CARTESIAN_POINT('Ctrl Pts',(-0.0181041536218187,-5.1425667194563,
6.17515979794748));
#5149=CARTESIAN_POINT('Ctrl Pts',(-0.0181041536218187,-5.1425667194563,
6.17521491605772));
#5150=CARTESIAN_POINT('Ctrl Pts',(-0.0181041536218189,-5.1425667194563,
6.17527003416795));
#5151=CARTESIAN_POINT('Ctrl Pts',(-0.0181041536218189,-5.1425667194563,
6.17538027038843));
#5152=CARTESIAN_POINT('Ctrl Pts',(-0.0181041536218186,-5.1425667194563,
6.17543538849866));
#5153=CARTESIAN_POINT('Ctrl Pts',(-0.0181041536218186,-5.1425667194563,
6.1754905066089));
#5154=CARTESIAN_POINT('',(-0.00331862884899992,-5.14018224292832,6.17515979794748));
#5155=CARTESIAN_POINT('Origin',(-0.00138489313704349,-5.19920569282143,
6.17515979794748));
#5156=CARTESIAN_POINT('',(-0.00331862806201754,-5.14018224285507,6.1754905066089));
#5157=CARTESIAN_POINT('Ctrl Pts',(-0.00331862829759235,-5.140182242877,
6.1754905066089));
#5158=CARTESIAN_POINT('Ctrl Pts',(-0.00331862829759235,-5.140182242877,
6.17543538849866));
#5159=CARTESIAN_POINT('Ctrl Pts',(-0.00331862829759218,-5.140182242877,
6.17538027038843));
#5160=CARTESIAN_POINT('Ctrl Pts',(-0.00331862829759218,-5.140182242877,
6.17527003416795));
#5161=CARTESIAN_POINT('Ctrl Pts',(-0.00331862829759218,-5.140182242877,
6.17521491605772));
#5162=CARTESIAN_POINT('Ctrl Pts',(-0.00331862829759218,-5.140182242877,
6.17515979794748));
#5163=CARTESIAN_POINT('Origin',(-0.00138489313704349,-5.19920569282143,
6.1754905066089));
#5164=CARTESIAN_POINT('Ctrl Pts',(-0.0200105569915721,-5.14294159162026,
6.0314905066089));
#5165=CARTESIAN_POINT('Ctrl Pts',(-0.0200105569915721,-5.14294159162026,
6.1754905066089));
#5166=CARTESIAN_POINT('Ctrl Pts',(-0.0245142330887734,-5.1449903540542,
6.0314905066089));
#5167=CARTESIAN_POINT('Ctrl Pts',(-0.0245142330887734,-5.1449903540542,
6.1754905066089));
#5168=CARTESIAN_POINT('Ctrl Pts',(-0.0287533557209532,-5.14757562424403,
6.0314905066089));
#5169=CARTESIAN_POINT('Ctrl Pts',(-0.0287533557209532,-5.14757562424403,
6.1754905066089));
#5170=CARTESIAN_POINT('Ctrl Pts',(-0.0364996502388111,-5.15373661899536,
6.0314905066089));
#5171=CARTESIAN_POINT('Ctrl Pts',(-0.0364996502388111,-5.15373661899536,
6.1754905066089));
#5172=CARTESIAN_POINT('Ctrl Pts',(-0.0399745932351044,-5.15728820013686,
6.0314905066089));
#5173=CARTESIAN_POINT('Ctrl Pts',(-0.0399745932351044,-5.15728820013686,
6.1754905066089));
#5174=CARTESIAN_POINT('Ctrl Pts',(-0.0429569834309151,-5.16123820778811,
6.0314905066089));
#5175=CARTESIAN_POINT('Ctrl Pts',(-0.0429569834309151,-5.16123820778811,
6.1754905066089));
#5176=CARTESIAN_POINT('',(-0.0200105569422297,-5.14294159176993,6.17515979794748));
#5177=CARTESIAN_POINT('Ctrl Pts',(-0.0218060346587572,-5.14379374438991,
6.17515979794748));
#5178=CARTESIAN_POINT('Ctrl Pts',(-0.0212124548330231,-5.14350013352945,
6.17515979794748));
#5179=CARTESIAN_POINT('Ctrl Pts',(-0.0206138797365238,-5.14321604851919,
6.17515979794748));
#5180=CARTESIAN_POINT('Ctrl Pts',(-0.0200105569915721,-5.14294159162026,
6.17515979794748));
#5181=CARTESIAN_POINT('',(-0.0200105569422297,-5.14294159176993,6.1754905066089));
#5182=CARTESIAN_POINT('',(-0.0200105569422297,-5.14294159176993,6.0314905066089));
#5183=CARTESIAN_POINT('Ctrl Pts',(-0.0200105569915721,-5.14294159162026,
6.1754905066089));
#5184=CARTESIAN_POINT('Ctrl Pts',(-0.0206138797365507,-5.1432160485192,
6.1754905066089));
#5185=CARTESIAN_POINT('Ctrl Pts',(-0.0212124548330764,-5.14350013352948,
6.1754905066089));
#5186=CARTESIAN_POINT('Ctrl Pts',(-0.0218060346588365,-5.14379374438994,
6.1754905066089));
#5187=CARTESIAN_POINT('Origin',(-0.000640882135022992,-5.20158059521554,
6.0314905066089));
#5188=CARTESIAN_POINT('Origin',(-0.000640882135022992,-5.20158059521554,
6.1754905066089));
#5189=CARTESIAN_POINT('Origin',(-0.000640882135022992,-5.20158059521554,
6.17515979794748));
#5190=CARTESIAN_POINT('Origin',(-0.000796004098456416,-5.20158059521554,
6.1754905066089));
#5191=CARTESIAN_POINT('Origin',(-0.000796004098456416,-5.20158059521554,
6.1754905066089));
#5192=CARTESIAN_POINT('',(-0.000640882135022992,-5.13983111495294,6.1754905066089));
#5193=CARTESIAN_POINT('Ctrl Pts',(-0.000640882470400741,-5.13983111495275,
6.1754905066089));
#5194=CARTESIAN_POINT('Ctrl Pts',(-0.00153597999802241,-5.13992849260449,
6.1754905066089));
#5195=CARTESIAN_POINT('Ctrl Pts',(-0.00242880653051693,-5.14004554613724,
6.1754905066089));
#5196=CARTESIAN_POINT('Ctrl Pts',(-0.00331862805813942,-5.14018224286915,
6.1754905066089));
#5197=CARTESIAN_POINT('',(-0.000549213874819774,-5.1398411570242,6.1754905066089));
#5198=CARTESIAN_POINT('',(0.0026246211998276,-5.14018884292243,6.1754905066089));
#5199=CARTESIAN_POINT('Ctrl Pts',(0.00274836296511825,-5.14029556988625,
6.1754905066089));
#5200=CARTESIAN_POINT('Ctrl Pts',(0.00165104897389697,-5.14011397728859,
6.1754905066089));
#5201=CARTESIAN_POINT('Ctrl Pts',(0.000550896304806817,-5.13996250765491,
6.1754905066089));
#5202=CARTESIAN_POINT('Ctrl Pts',(-0.00054921387363946,-5.13984115702433,
6.1754905066089));
#5203=CARTESIAN_POINT('Origin',(-0.000640882135023166,-5.20158059521554,
6.17515979794748));
#5204=CARTESIAN_POINT('',(-0.107596642763703,-5.13983340687193,6.17515979794748));
#5205=CARTESIAN_POINT('',(-0.000640882135022992,-5.07808059521554,6.17515979794748));
#5206=CARTESIAN_POINT('',(-0.0808577026065328,-5.12439520395784,6.17515979794748));
#5207=CARTESIAN_POINT('',(0.106332539003303,-5.13986400773728,6.17515979794748));
#5208=CARTESIAN_POINT('',(0.106332539003303,-5.13986400773728,6.17515979794748));
#5209=CARTESIAN_POINT('',(0.106332539003303,-5.2632971826938,6.17515979794748));
#5210=CARTESIAN_POINT('',(0.106332539003303,-5.2632971826938,6.17515979794748));
#5211=CARTESIAN_POINT('',(-0.000640882135022992,-5.32508059521554,6.17515979794748));
#5212=CARTESIAN_POINT('',(-0.000640882135022992,-5.32508059521554,6.17515979794748));
#5213=CARTESIAN_POINT('',(-0.107596642763703,-5.26332778355914,6.17515979794748));
#5214=CARTESIAN_POINT('',(-0.000640882135022992,-5.32508059521554,6.17515979794748));
#5215=CARTESIAN_POINT('',(-0.107596642763703,-5.26332778355914,6.17515979794748));
#5216=CARTESIAN_POINT('',(-0.000549213874819774,-5.1398411570242,6.17515979794748));
#5217=CARTESIAN_POINT('Ctrl Pts',(-0.000549213874819774,-5.1398411570242,
6.17515979794748));
#5218=CARTESIAN_POINT('Ctrl Pts',(0.000550899889157404,-5.13996250805027,
6.17515979794748));
#5219=CARTESIAN_POINT('Ctrl Pts',(0.00165105716418565,-5.14011392696805,
6.17515979794748));
#5220=CARTESIAN_POINT('Ctrl Pts',(0.00274839154621489,-5.14029539717759,
6.17515979794748));
#5221=CARTESIAN_POINT('',(-0.000640882135022992,-5.13983111495294,6.17515979794748));
#5222=CARTESIAN_POINT('',(-0.000549213874819774,-5.1398411570242,6.17515979794748));
#5223=CARTESIAN_POINT('Ctrl Pts',(-0.00331862884356832,-5.14018224298981,
6.17515979794748));
#5224=CARTESIAN_POINT('Ctrl Pts',(-0.00242880705590458,-5.14004554620612,
6.17515979794748));
#5225=CARTESIAN_POINT('Ctrl Pts',(-0.00153598026138452,-5.13992849263314,
6.17515979794748));
#5226=CARTESIAN_POINT('Ctrl Pts',(-0.000640882470400948,-5.13983111495275,
6.17515979794748));
#5227=CARTESIAN_POINT('Ctrl Pts',(-0.0200105569422296,-5.14294159176993,
6.17515979794748));
#5228=CARTESIAN_POINT('Ctrl Pts',(-0.0193770492065227,-5.14280657636756,
6.17515979794748));
#5229=CARTESIAN_POINT('Ctrl Pts',(-0.0187415009006515,-5.14268159472354,
6.17515979794748));
#5230=CARTESIAN_POINT('Ctrl Pts',(-0.0181041536341463,-5.14256671938794,
6.17515979794748));
#5231=CARTESIAN_POINT('Origin',(-2.98382122693612,-5.20158059521554,6.2284905066089));
#5232=CARTESIAN_POINT('',(-2.92476610882589,-5.20158059521554,6.2284905066089));
#5233=CARTESIAN_POINT('Origin',(-2.98382122693612,-5.20158059521554,6.2284905066089));
#5234=CARTESIAN_POINT('',(-2.92476610882589,-5.20158059521554,6.86156137275063));
#5235=CARTESIAN_POINT('',(-2.92476610882589,-5.20158059521554,6.2284905066089));
#5236=CARTESIAN_POINT('Origin',(-2.98382122693613,-5.20158059521554,6.86156137275063));
#5237=CARTESIAN_POINT('Origin',(-3.03855768621282,-5.29169625751863,6.03115979794748));
#5238=CARTESIAN_POINT('',(-3.09203556652716,-5.26081985169044,6.03115979794748));
#5239=CARTESIAN_POINT('',(-2.98507980589848,-5.32257266334683,6.03115979794748));
#5240=CARTESIAN_POINT('Origin',(-2.98507980589848,-5.19907266334683,6.03115979794748));
#5241=CARTESIAN_POINT('',(-3.01181874605565,-5.30713446043273,6.03115979794748));
#5242=CARTESIAN_POINT('Origin',(-2.93159309532932,-5.29168095708596,6.03115979794748));
#5243=CARTESIAN_POINT('',(-2.87810638476015,-5.26078925082509,6.03115979794748));
#5244=CARTESIAN_POINT('',(-2.90484974004474,-5.27623510395553,6.03115979794748));
#5245=CARTESIAN_POINT('Origin',(-2.98507980589848,-5.19907266334683,6.03115979794748));
#5246=CARTESIAN_POINT('Origin',(-2.86984309532932,-5.19907266334683,6.03115979794748));
#5247=CARTESIAN_POINT('',(-2.87810638476015,-5.13735607586857,6.03115979794748));
#5248=CARTESIAN_POINT('',(-2.87810638476015,-5.1682143696077,6.03115979794748));
#5249=CARTESIAN_POINT('Origin',(-2.98507980589848,-5.19907266334683,6.03115979794748));
#5250=CARTESIAN_POINT('Origin',(-2.93159309532932,-5.1064643696077,6.03115979794748));
#5251=CARTESIAN_POINT('',(-2.98507980589848,-5.07557266334683,6.03115979794748));
#5252=CARTESIAN_POINT('',(-2.9583364506139,-5.09101851647726,6.03115979794748));
#5253=CARTESIAN_POINT('Origin',(-2.98507980589848,-5.19907266334683,6.03115979794748));
#5254=CARTESIAN_POINT('Origin',(-3.03855768621282,-5.10644906917503,6.03115979794748));
#5255=CARTESIAN_POINT('',(-3.09203556652716,-5.13732547500323,6.03115979794748));
#5256=CARTESIAN_POINT('',(-3.06529662636999,-5.12188727208913,6.03115979794748));
#5257=CARTESIAN_POINT('Origin',(-2.98507980589848,-5.19907266334683,6.03115979794748));
#5258=CARTESIAN_POINT('Origin',(-3.10030768621282,-5.19907266334683,6.03115979794748));
#5259=CARTESIAN_POINT('Origin',(-2.98507980589848,-5.19907266334683,6.03115979794748));
#5260=CARTESIAN_POINT('',(-3.09203556652716,-5.22994625751863,6.03115979794748));
#5261=CARTESIAN_POINT('Origin',(-2.87810638476015,-5.26078925082509,5.87515979794748));
#5262=CARTESIAN_POINT('',(-2.98507980589848,-5.32257266334683,6.03164011290811));
#5263=CARTESIAN_POINT('',(-2.98507980589848,-5.32257266334683,5.87515979794748));
#5264=CARTESIAN_POINT('',(-2.97998206421907,-5.3196284191247,6.03164011290811));
#5265=CARTESIAN_POINT('',(-2.33352666957388,-4.9462625876943,6.03164011290811));
#5266=CARTESIAN_POINT('',(-2.97998206421907,-5.3196284191247,6.22815979794748));
#5267=CARTESIAN_POINT('',(-2.97998206421907,-5.3196284191247,6.03164011290811));
#5268=CARTESIAN_POINT('',(-2.88348892280796,-5.26389798162087,6.22815979794748));
#5269=CARTESIAN_POINT('',(-2.98507980589848,-5.32257266334683,6.22815979794748));
#5270=CARTESIAN_POINT('',(-2.88348892280796,-5.26389798162087,6.03164011290811));
#5271=CARTESIAN_POINT('',(-2.88348892280796,-5.26389798162087,6.03164011290811));
#5272=CARTESIAN_POINT('',(-2.87810638476015,-5.26078925082509,6.03164011290811));
#5273=CARTESIAN_POINT('',(-2.33352666957388,-4.9462625876943,6.03164011290811));
#5274=CARTESIAN_POINT('',(-2.87810638476015,-5.26078925082509,5.87515979794748));
#5275=CARTESIAN_POINT('Origin',(-2.98507980589848,-5.19907266334683,5.87515979794748));
#5276=CARTESIAN_POINT('',(-2.87810638476015,-5.13735607586857,6.03164011290811));
#5277=CARTESIAN_POINT('',(-2.87810638476015,-5.13735607586857,5.87515979794748));
#5278=CARTESIAN_POINT('Origin',(-2.98507980589848,-5.19907266334683,6.03164011290811));
#5279=CARTESIAN_POINT('',(-2.87810638476015,-5.26078925082509,5.87515979794748));
#5280=CARTESIAN_POINT('Origin',(-2.98507980589848,-5.32257266334683,5.87515979794748));
#5281=CARTESIAN_POINT('',(-3.09203556652716,-5.26081985169044,6.03164011290811));
#5282=CARTESIAN_POINT('',(-3.09203556652716,-5.26081985169044,5.87515979794748));
#5283=CARTESIAN_POINT('',(-3.08266805607791,-5.26622835054138,6.03164011290811));
#5284=CARTESIAN_POINT('',(-2.43931512127604,-5.63767961579241,6.03164011290811));
#5285=CARTESIAN_POINT('',(-3.08266805607791,-5.26622835054138,6.22815979794748));
#5286=CARTESIAN_POINT('',(-3.08266805607791,-5.26622835054138,6.03164011290811));
#5287=CARTESIAN_POINT('',(-2.9903875108845,-5.31950816542355,6.22815979794748));
#5288=CARTESIAN_POINT('',(-2.98507980589848,-5.32257266334683,6.22815979794748));
#5289=CARTESIAN_POINT('',(-2.9903875108845,-5.31950816542355,6.03164011290811));
#5290=CARTESIAN_POINT('',(-2.9903875108845,-5.31950816542355,6.03164011290811));
#5291=CARTESIAN_POINT('',(-2.43931512127604,-5.63767961579241,6.03164011290811));
#5292=CARTESIAN_POINT('',(-2.98507980589848,-5.32257266334683,5.87515979794748));
#5293=CARTESIAN_POINT('Origin',(-2.98507980589848,-5.19907266334683,5.87515979794748));
#5294=CARTESIAN_POINT('',(-2.98507980589848,-5.07557266334683,6.03164011290811));
#5295=CARTESIAN_POINT('',(-2.98507980589848,-5.07557266334683,5.87515979794748));
#5296=CARTESIAN_POINT('Origin',(-2.98507980589848,-5.19907266334683,6.03164011290811));
#5297=CARTESIAN_POINT('',(-2.87810638476015,-5.13735607586857,5.87515979794748));
#5298=CARTESIAN_POINT('Origin',(-3.09203556652716,-5.26081985169044,5.87515979794748));
#5299=CARTESIAN_POINT('',(-3.09203556652716,-5.13732547500323,6.03164011290811));
#5300=CARTESIAN_POINT('',(-3.09203556652716,-5.13732547500323,5.87515979794748));
#5301=CARTESIAN_POINT('',(-3.09203556652716,-5.15425528901547,6.03164011290811));
#5302=CARTESIAN_POINT('',(-3.09203556652716,-5.23120022345299,6.03164011290811));
#5303=CARTESIAN_POINT('',(-3.09203556652716,-5.15425528901547,6.22815979794748));
#5304=CARTESIAN_POINT('',(-3.09203556652716,-5.15425528901547,6.03164011290811));
#5305=CARTESIAN_POINT('',(-3.09203556652716,-5.24890590141561,6.22815979794748));
#5306=CARTESIAN_POINT('',(-3.09203556652716,-5.26081985169044,6.22815979794748));
#5307=CARTESIAN_POINT('',(-3.09203556652716,-5.24890590141561,6.03164011290811));
#5308=CARTESIAN_POINT('',(-3.09203556652716,-5.24890590141561,6.03164011290811));
#5309=CARTESIAN_POINT('',(-3.09203556652716,-5.23120022345299,6.03164011290811));
#5310=CARTESIAN_POINT('',(-3.09203556652716,-5.26081985169044,5.87515979794748));
#5311=CARTESIAN_POINT('Origin',(-2.98507980589848,-5.19907266334683,5.87515979794748));
#5312=CARTESIAN_POINT('',(-3.09203556652716,-5.13732547500323,5.87515979794748));
#5313=CARTESIAN_POINT('Origin',(-2.98507980589848,-5.19907266334683,6.03164011290811));
#5314=CARTESIAN_POINT('',(-2.98507980589848,-5.07557266334683,5.87515979794748));
#5315=CARTESIAN_POINT('Origin',(-2.93159309532932,-5.1064643696077,6.22815979794748));
#5316=CARTESIAN_POINT('',(-2.97000067291191,-5.08428174532126,6.22815979794748));
#5317=CARTESIAN_POINT('',(-2.8891256655001,-5.13099179621476,6.22815979794748));
#5318=CARTESIAN_POINT('Origin',(-2.98382122693612,-5.20158059521554,6.22815979794748));
#5319=CARTESIAN_POINT('',(-2.87810638476015,-5.13735607586857,6.22815979794748));
#5320=CARTESIAN_POINT('Origin',(-3.09203556652716,-5.13732547500323,5.87515979794748));
#5321=CARTESIAN_POINT('',(-3.00091147030715,-5.08471335651463,6.03164011290811));
#5322=CARTESIAN_POINT('',(-2.4938789844269,-4.79196912824498,6.03164011290811));
#5323=CARTESIAN_POINT('',(-3.00091147030715,-5.08471335651463,6.22815979794748));
#5324=CARTESIAN_POINT('',(-3.00091147030715,-5.08471335651463,6.03164011290811));
#5325=CARTESIAN_POINT('',(-3.07648802800138,-5.12834882696988,6.22815979794748));
#5326=CARTESIAN_POINT('',(-2.98507980589848,-5.07557266334683,6.22815979794748));
#5327=CARTESIAN_POINT('',(-3.07648802800138,-5.12834882696988,6.03164011290811));
#5328=CARTESIAN_POINT('',(-3.07648802800138,-5.12834882696988,6.03164011290811));
#5329=CARTESIAN_POINT('',(-2.4938789844269,-4.79196912824498,6.03164011290811));
#5330=CARTESIAN_POINT('Origin',(-2.87810638476015,-5.13735607586857,5.87515979794748));
#5331=CARTESIAN_POINT('',(-2.87810638476015,-5.25425316913942,6.03164011290811));
#5332=CARTESIAN_POINT('',(-2.87810638476015,-5.16946833554205,6.03164011290811));
#5333=CARTESIAN_POINT('',(-2.87810638476015,-5.25425316913942,6.22815979794748));
#5334=CARTESIAN_POINT('',(-2.87810638476015,-5.25425316913942,6.03164011290811));
#5335=CARTESIAN_POINT('',(-2.87810638476015,-5.14890802129166,6.22815979794748));
#5336=CARTESIAN_POINT('',(-2.87810638476015,-5.26078925082509,6.22815979794748));
#5337=CARTESIAN_POINT('',(-2.87810638476015,-5.14890802129166,6.03164011290811));
#5338=CARTESIAN_POINT('',(-2.87810638476015,-5.14890802129166,6.03164011290811));
#5339=CARTESIAN_POINT('',(-2.87810638476015,-5.16946833554205,6.03164011290811));
#5340=CARTESIAN_POINT('Origin',(-3.10030768621282,-5.19907266334683,6.22815979794748));
#5341=CARTESIAN_POINT('Origin',(-2.98382122693612,-5.20158059521554,6.22815979794748));
#5342=CARTESIAN_POINT('Origin',(-3.03855768621282,-5.29169625751863,6.22815979794748));
#5343=CARTESIAN_POINT('Origin',(-2.98382122693612,-5.20158059521554,6.22815979794748));
#5344=CARTESIAN_POINT('Origin',(-2.98507980589848,-5.19907266334683,5.87515979794748));
#5345=CARTESIAN_POINT('Origin',(-2.98507980589848,-5.19907266334683,6.03164011290811));
#5346=CARTESIAN_POINT('Origin',(-2.86984309532932,-5.19907266334683,6.22815979794748));
#5347=CARTESIAN_POINT('',(-2.86571099071565,-5.20158059521554,6.22815979794748));
#5348=CARTESIAN_POINT('Origin',(-2.98382122693612,-5.20158059521554,6.22815979794748));
#5349=CARTESIAN_POINT('Origin',(-2.98382122693612,-5.20158059521554,6.22815979794748));
#5350=CARTESIAN_POINT('Origin',(-2.98507980589848,-5.07557266334683,5.87515979794748));
#5351=CARTESIAN_POINT('',(-2.8891256655001,-5.13099179621476,6.03164011290811));
#5352=CARTESIAN_POINT('',(-2.38592721798928,-5.42161835496206,6.03164011290811));
#5353=CARTESIAN_POINT('',(-2.8891256655001,-5.13099179621476,6.03164011290811));
#5354=CARTESIAN_POINT('',(-2.97000067291191,-5.08428174532126,6.03164011290811));
#5355=CARTESIAN_POINT('',(-2.97000067291191,-5.08428174532126,6.03164011290811));
#5356=CARTESIAN_POINT('',(-2.38592721798928,-5.42161835496206,6.03164011290811));
#5357=CARTESIAN_POINT('Origin',(-3.03855768621282,-5.10644906917503,6.22815979794748));
#5358=CARTESIAN_POINT('Origin',(-2.98382122693612,-5.20158059521554,6.22815979794748));
#5359=CARTESIAN_POINT('Origin',(-2.98507980589848,-5.19907266334683,5.87515979794748));
#5360=CARTESIAN_POINT('Origin',(-2.98507980589848,-5.19907266334683,6.03164011290811));
#5361=CARTESIAN_POINT('Origin',(-2.98507980589848,-5.19907266334683,5.87515979794748));
#5362=CARTESIAN_POINT('Origin',(-2.98507980589848,-5.19907266334683,6.03164011290811));
#5363=CARTESIAN_POINT('Origin',(-2.93159309532932,-5.29168095708596,6.22815979794748));
#5364=CARTESIAN_POINT('Origin',(-2.98382122693612,-5.20158059521554,6.22815979794748));
#5365=CARTESIAN_POINT('Origin',(-2.98382122693612,-5.20158059521554,6.03164011290811));
#5366=CARTESIAN_POINT('',(-2.86571099071565,-5.20158059521554,6.2284905066089));
#5367=CARTESIAN_POINT('',(-2.86571099071565,-5.20158059521554,6.03164011290811));
#5368=CARTESIAN_POINT('Origin',(-2.98382122693612,-5.20158059521554,6.2284905066089));
#5369=CARTESIAN_POINT('Origin',(-2.98382122693612,-5.20158059521554,6.03164011290811));
#5370=CARTESIAN_POINT('Origin',(-2.98382122693612,-5.20158059521554,6.03164011290811));
#5371=CARTESIAN_POINT('Origin',(-2.98382122693612,-5.20158059521554,6.03164011290811));
#5372=CARTESIAN_POINT('Origin',(-2.98382122693612,-5.20158059521554,6.03164011290811));
#5373=CARTESIAN_POINT('Origin',(-2.98382122693612,-5.20158059521554,6.03164011290811));
#5374=CARTESIAN_POINT('Origin',(-2.98382122693612,-5.20158059521554,6.03164011290811));
#5375=CARTESIAN_POINT('Origin',(-1.4598283005616,-5.20158059521554,6.03164011290811));
#5376=CARTESIAN_POINT('Origin',(-1.4598283005616,-5.20158059521554,6.03164011290811));
#5377=CARTESIAN_POINT('Origin',(-1.4598283005616,-5.20158059521554,6.03164011290811));
#5378=CARTESIAN_POINT('Origin',(-1.4598283005616,-5.20158059521554,6.03164011290811));
#5379=CARTESIAN_POINT('Origin',(-1.4598283005616,-5.20158059521554,6.03164011290811));
#5380=CARTESIAN_POINT('Origin',(-1.4598283005616,-5.20158059521554,6.03164011290811));
#5381=CARTESIAN_POINT('Origin',(-0.0541187624493627,-5.10895700104374,6.03115979794748));
#5382=CARTESIAN_POINT('',(-0.107596642763703,-5.13983340687193,6.03115979794748));
#5383=CARTESIAN_POINT('',(-0.000640882135022992,-5.07808059521554,6.03115979794748));
#5384=CARTESIAN_POINT('',(-0.0808577026065327,-5.12439520395784,6.03115979794748));
#5385=CARTESIAN_POINT('Origin',(-0.000640882135022992,-5.20158059521554,
6.03115979794748));
#5386=CARTESIAN_POINT('Origin',(-0.000640882135022992,-5.20158059521554,
5.87515979794748));
#5387=CARTESIAN_POINT('',(-0.107596642763703,-5.13983340687193,6.03164011290811));
#5388=CARTESIAN_POINT('',(-0.107596642763703,-5.13983340687193,5.87515979794748));
#5389=CARTESIAN_POINT('',(-0.000640882135022992,-5.07808059521554,6.03164011290811));
#5390=CARTESIAN_POINT('Origin',(-0.000640882135022992,-5.20158059521554,
6.03164011290811));
#5391=CARTESIAN_POINT('',(-0.000640882135022992,-5.07808059521554,5.87515979794748));
#5392=CARTESIAN_POINT('Origin',(-0.107596642763703,-5.13983340687193,5.87515979794748));
#5393=CARTESIAN_POINT('',(-0.000640882135022992,-5.07808059521554,5.87515979794748));
#5394=CARTESIAN_POINT('',(-0.107596642763703,-5.13983340687193,5.87515979794748));
#5395=CARTESIAN_POINT('Ctrl Pts',(-0.0102819019555823,-5.14167284223826,
6.0314905066089));
#5396=CARTESIAN_POINT('Ctrl Pts',(-0.0102819019555823,-5.14167284223826,
6.1754905066089));
#5397=CARTESIAN_POINT('Ctrl Pts',(-0.0119156923176909,-5.14175289026477,
6.0314905066089));
#5398=CARTESIAN_POINT('Ctrl Pts',(-0.0119156923176908,-5.14175289026477,
6.1754905066089));
#5399=CARTESIAN_POINT('Ctrl Pts',(-0.0135456660082487,-5.14189917231427,
6.0314905066089));
#5400=CARTESIAN_POINT('Ctrl Pts',(-0.0135456660082486,-5.14189917231427,
6.1754905066089));
#5401=CARTESIAN_POINT('Ctrl Pts',(-0.0167924335999415,-5.14232272256361,
6.0314905066089));
#5402=CARTESIAN_POINT('Ctrl Pts',(-0.0167924335999414,-5.14232272256361,
6.1754905066089));
#5403=CARTESIAN_POINT('Ctrl Pts',(-0.0184080240445456,-5.14260005430827,
6.0314905066089));
#5404=CARTESIAN_POINT('Ctrl Pts',(-0.0184080240445456,-5.14260005430827,
6.1754905066089));
#5405=CARTESIAN_POINT('Ctrl Pts',(-0.0200105569422296,-5.14294159176993,
6.0314905066089));
#5406=CARTESIAN_POINT('Ctrl Pts',(-0.0200105569422296,-5.14294159176993,
6.1754905066089));
#5407=CARTESIAN_POINT('Ctrl Pts',(-0.0181041530078134,-5.14256671927505,
6.1754905066089));
#5408=CARTESIAN_POINT('Ctrl Pts',(-0.0187415004842749,-5.14268159464166,
6.1754905066089));
#5409=CARTESIAN_POINT('Ctrl Pts',(-0.0193770489990028,-5.14280657632333,
6.1754905066089));
#5410=CARTESIAN_POINT('Ctrl Pts',(-0.0200105569422296,-5.14294159176993,
6.1754905066089));
#5411=CARTESIAN_POINT('Ctrl Pts',(-0.000640882470400749,-5.13983111495275,
6.0314905066089));
#5412=CARTESIAN_POINT('Ctrl Pts',(-0.000640882470400741,-5.13983111495275,
6.1754905066089));
#5413=CARTESIAN_POINT('Ctrl Pts',(-0.00226973888121545,-5.1400083182266,
6.0314905066089));
#5414=CARTESIAN_POINT('Ctrl Pts',(-0.00226973888121544,-5.1400083182266,
6.1754905066089));
#5415=CARTESIAN_POINT('Ctrl Pts',(-0.00389107488944212,-5.14025067819968,
6.0314905066089));
#5416=CARTESIAN_POINT('Ctrl Pts',(-0.00389107488944211,-5.14025067819968,
6.1754905066089));
#5417=CARTESIAN_POINT('Ctrl Pts',(-0.00710859212546417,-5.14086507561689,
6.0314905066089));
#5418=CARTESIAN_POINT('Ctrl Pts',(-0.00710859212546416,-5.14086507561689,
6.1754905066089));
#5419=CARTESIAN_POINT('Ctrl Pts',(-0.00870384819870221,-5.14123683027645,
6.0314905066089));
#5420=CARTESIAN_POINT('Ctrl Pts',(-0.00870384819870221,-5.14123683027645,
6.1754905066089));
#5421=CARTESIAN_POINT('Ctrl Pts',(-0.0102819019555821,-5.14167284223826,
6.0314905066089));
#5422=CARTESIAN_POINT('Ctrl Pts',(-0.0102819019555821,-5.14167284223826,
6.1754905066089));
#5423=CARTESIAN_POINT('',(-0.000640882135022992,-5.13983111495294,6.0314905066089));
#5424=CARTESIAN_POINT('Origin',(-0.000549213874819774,-5.1398411570242,
6.0314905066089));
#5425=CARTESIAN_POINT('',(-0.000549213874819774,-5.1398411570242,6.0314905066089));
#5426=CARTESIAN_POINT('Ctrl Pts',(0.0215522177977026,-5.14673400486853,
6.0314905066089));
#5427=CARTESIAN_POINT('Ctrl Pts',(0.0215522177977026,-5.14673400486853,
6.1754905066089));
#5428=CARTESIAN_POINT('Ctrl Pts',(0.0181570578074825,-5.14489005433288,
6.0314905066089));
#5429=CARTESIAN_POINT('Ctrl Pts',(0.0181570578074826,-5.14489005433288,
6.1754905066089));
#5430=CARTESIAN_POINT('Ctrl Pts',(0.014575195915904,-5.14337317120846,6.0314905066089));
#5431=CARTESIAN_POINT('Ctrl Pts',(0.014575195915904,-5.14337317120846,6.1754905066089));
#5432=CARTESIAN_POINT('Ctrl Pts',(0.00713467514620393,-5.14105598434508,
6.0314905066089));
#5433=CARTESIAN_POINT('Ctrl Pts',(0.00713467514620393,-5.14105598434508,
6.1754905066089));
#5434=CARTESIAN_POINT('Ctrl Pts',(0.00329247155588657,-5.14026492453279,
6.0314905066089));
#5435=CARTESIAN_POINT('Ctrl Pts',(0.00329247155588658,-5.14026492453279,
6.1754905066089));
#5436=CARTESIAN_POINT('Ctrl Pts',(-0.000549213873639467,-5.13984115702433,
6.0314905066089));
#5437=CARTESIAN_POINT('Ctrl Pts',(-0.000549213873639459,-5.13984115702433,
6.1754905066089));
#5438=CARTESIAN_POINT('Origin',(-0.000796004098456416,-5.20158059521554,
6.1754905066089));
#5439=CARTESIAN_POINT('Origin',(0.106332539003303,-5.13986400773728,5.87515979794748));
#5440=CARTESIAN_POINT('',(0.106332539003303,-5.13986400773728,6.03164011290811));
#5441=CARTESIAN_POINT('',(0.0959948529052069,-5.13389338888708,6.03164011290811));
#5442=CARTESIAN_POINT('',(-0.467507403593404,-4.80843785049532,6.03164011290811));
#5443=CARTESIAN_POINT('',(0.106332539003303,-5.13986400773728,5.87515979794748));
#5444=CARTESIAN_POINT('',(0.00946416298566405,-5.08391685028337,6.03164011290811));
#5445=CARTESIAN_POINT('',(-0.467507403593404,-4.80843785049532,6.03164011290811));
#5446=CARTESIAN_POINT('',(0.00946416298566405,-5.08391685028337,6.0314905066089));
#5447=CARTESIAN_POINT('',(0.00946416298566387,-5.08391685028337,6.2284905066089));
#5448=CARTESIAN_POINT('',(0.0959948529052069,-5.13389338888708,6.0314905066089));
#5449=CARTESIAN_POINT('',(0.0795310234743695,-5.12438456366125,6.0314905066089));
#5450=CARTESIAN_POINT('',(0.0959948529052071,-5.13389338888708,6.2284905066089));
#5451=CARTESIAN_POINT('Origin',(-0.107596642763703,-5.13983340687193,5.87515979794748));
#5452=CARTESIAN_POINT('',(-0.107596642763703,-5.15114596940399,6.03164011290811));
#5453=CARTESIAN_POINT('',(-0.107596642763703,-5.17070700104374,6.03164011290811));
#5454=CARTESIAN_POINT('',(-0.107596642763703,-5.26332778355914,6.03164011290811));
#5455=CARTESIAN_POINT('',(-0.107596642763703,-5.26332778355914,5.87515979794748));
#5456=CARTESIAN_POINT('',(-0.107596642763703,-5.25201522102709,6.03164011290811));
#5457=CARTESIAN_POINT('',(-0.107596642763703,-5.17070700104374,6.03164011290811));
#5458=CARTESIAN_POINT('',(-0.107596642763703,-5.25201522102709,6.0314905066089));
#5459=CARTESIAN_POINT('',(-0.107596642763703,-5.25201522102709,6.2284905066089));
#5460=CARTESIAN_POINT('',(-0.107596642763703,-5.15114596940399,6.0314905066089));
#5461=CARTESIAN_POINT('',(-0.107596642763703,-5.17070700104374,6.0314905066089));
#5462=CARTESIAN_POINT('',(-0.107596642763703,-5.15114596940399,6.2284905066089));
#5463=CARTESIAN_POINT('Origin',(-0.107596642763703,-5.26332778355914,5.87515979794748));
#5464=CARTESIAN_POINT('',(-0.097774401890496,-5.2689988291122,6.03164011290811));
#5465=CARTESIAN_POINT('',(-0.62804467938768,-4.96283784834042,6.03164011290811));
#5466=CARTESIAN_POINT('',(-0.000640882135022992,-5.32508059521554,6.03164011290811));
#5467=CARTESIAN_POINT('',(-0.000640882135022992,-5.32508059521554,5.87515979794748));
#5468=CARTESIAN_POINT('',(-0.0106958024218036,-5.31927520806257,6.03164011290811));
#5469=CARTESIAN_POINT('',(-0.62804467938768,-4.96283784834042,6.03164011290811));
#5470=CARTESIAN_POINT('',(-0.0106958024218036,-5.31927520806257,6.0314905066089));
#5471=CARTESIAN_POINT('',(-0.0106958024218036,-5.31927520806257,6.2284905066089));
#5472=CARTESIAN_POINT('',(-0.097774401890496,-5.2689988291122,6.0314905066089));
#5473=CARTESIAN_POINT('',(-0.0809158724599263,-5.27873240107326,6.0314905066089));
#5474=CARTESIAN_POINT('',(-0.097774401890496,-5.2689988291122,6.2284905066089));
#5475=CARTESIAN_POINT('Origin',(0.106332539003303,-5.2632971826938,5.87515979794748));
#5476=CARTESIAN_POINT('',(0.106332539003303,-5.15184626951437,6.03164011290811));
#5477=CARTESIAN_POINT('',(0.106332539003303,-5.23243888895467,6.03164011290811));
#5478=CARTESIAN_POINT('',(0.106332539003303,-5.15184626951437,6.0314905066089));
#5479=CARTESIAN_POINT('',(0.106332539003303,-5.15184626951437,6.2284905066089));
#5480=CARTESIAN_POINT('',(0.106332539003303,-5.25131492091671,6.0314905066089));
#5481=CARTESIAN_POINT('',(0.106332539003303,-5.23243888895467,6.0314905066089));
#5482=CARTESIAN_POINT('',(0.106332539003303,-5.25131492091671,6.03164011290811));
#5483=CARTESIAN_POINT('',(0.106332539003303,-5.25131492091671,6.2284905066089));
#5484=CARTESIAN_POINT('',(0.106332539003303,-5.2632971826938,6.03164011290811));
#5485=CARTESIAN_POINT('',(0.106332539003303,-5.23243888895467,6.03164011290811));
#5486=CARTESIAN_POINT('',(0.106332539003303,-5.2632971826938,5.87515979794748));
#5487=CARTESIAN_POINT('Origin',(-0.000640882135022992,-5.32508059521554,
5.87515979794748));
#5488=CARTESIAN_POINT('',(0.0959948529052071,-5.269267801544,6.03164011290811));
#5489=CARTESIAN_POINT('',(-0.520994114162567,-5.62561504619663,6.03164011290811));
#5490=CARTESIAN_POINT('',(0.0959948529052071,-5.269267801544,6.0314905066089));
#5491=CARTESIAN_POINT('',(0.0959948529052069,-5.269267801544,6.2284905066089));
#5492=CARTESIAN_POINT('',(0.00946416298566387,-5.3192443401477,6.0314905066089));
#5493=CARTESIAN_POINT('',(0.0260443129052062,-5.3096683330307,6.0314905066089));
#5494=CARTESIAN_POINT('',(0.00946416298566387,-5.3192443401477,6.03164011290811));
#5495=CARTESIAN_POINT('',(0.00946416298566405,-5.3192443401477,6.2284905066089));
#5496=CARTESIAN_POINT('',(-0.520994114162567,-5.62561504619663,6.03164011290811));
#5497=CARTESIAN_POINT('Origin',(-0.000796004098456241,-5.20158059521554,
6.2284905066089));
#5498=CARTESIAN_POINT('Origin',(-0.000796004098456241,-5.20158059521554,
6.0314905066089));
#5499=CARTESIAN_POINT('Origin',(-0.000796004098456241,-5.20158059521554,
6.03164011290811));
#5500=CARTESIAN_POINT('Origin',(-0.000796004098456241,-5.20158059521554,
6.2284905066089));
#5501=CARTESIAN_POINT('Origin',(-0.000796004098456241,-5.20158059521554,
6.03164011290811));
#5502=CARTESIAN_POINT('Origin',(-0.000796004098456241,-5.20158059521554,
6.0314905066089));
#5503=CARTESIAN_POINT('Origin',(-0.000796004098456241,-5.20158059521554,
6.2284905066089));
#5504=CARTESIAN_POINT('Origin',(-0.000796004098456241,-5.20158059521554,
6.0314905066089));
#5505=CARTESIAN_POINT('Origin',(-0.000796004098456241,-5.20158059521554,
6.03164011290811));
#5506=CARTESIAN_POINT('Origin',(-0.000796004098456241,-5.20158059521554,
6.2284905066089));
#5507=CARTESIAN_POINT('Origin',(-0.000796004098456241,-5.20158059521554,
6.03164011290811));
#5508=CARTESIAN_POINT('Origin',(-0.000796004098456241,-5.20158059521554,
6.0314905066089));
#5509=CARTESIAN_POINT('Origin',(-0.000796004098456241,-5.20158059521554,
6.2284905066089));
#5510=CARTESIAN_POINT('Origin',(-0.000796004098456241,-5.20158059521554,
6.0314905066089));
#5511=CARTESIAN_POINT('Origin',(-0.000796004098456241,-5.20158059521554,
6.03164011290811));
#5512=CARTESIAN_POINT('Origin',(-0.000796004098456416,-5.20158059521554,
6.0314905066089));
#5513=CARTESIAN_POINT('Origin',(-0.000796004098456416,-5.20158059521554,
6.0314905066089));
#5514=CARTESIAN_POINT('Origin',(-0.000796004098456416,-5.20158059521554,
6.0314905066089));
#5515=CARTESIAN_POINT('Origin',(-0.000796004098456416,-5.20158059521554,
6.0314905066089));
#5516=CARTESIAN_POINT('Origin',(-0.000796004098456416,-5.20158059521554,
6.0314905066089));
#5517=CARTESIAN_POINT('Origin',(-1.4598283005616,-5.20158059521554,6.03164011290811));
#5518=CARTESIAN_POINT('',(-2.45982830055126,-4.74254829876138,6.03164011290811));
#5519=CARTESIAN_POINT('',(-2.34134345997183,-4.74254829876735,6.03164011290811));
#5520=CARTESIAN_POINT('',(-1.4598283005616,-4.74254829876735,6.03164011290811));
#5521=CARTESIAN_POINT('',(-1.8825782998537,-4.52386433235751,6.03164011290811));
#5522=CARTESIAN_POINT('Origin',(-2.34134345997183,-4.15199711766499,6.03164011290811));
#5523=CARTESIAN_POINT('',(-1.21723913172796,-3.70304868112982,6.03164011290811));
#5524=CARTESIAN_POINT('',(-2.04647224392566,-4.72605701975734,6.03164011290811));
#5525=CARTESIAN_POINT('',(-0.79226585111865,-3.65858941603778,6.03164011290811));
#5526=CARTESIAN_POINT('',(-1.61227609772944,-3.7443761103918,6.03164011290811));
#5527=CARTESIAN_POINT('',(-0.0884105100711128,-4.22912255145374,6.03164011290811));
#5528=CARTESIAN_POINT('',(-0.440338180605262,-3.94385598373735,6.03164011290811));
#5529=CARTESIAN_POINT('',(0.171882445996166,-4.41227801700685,6.03164011290811));
#5530=CARTESIAN_POINT('Origin',(1.38661993733067,-2.4094069308096,6.03164011290811));
#5531=CARTESIAN_POINT('',(0.203789872563782,-4.79812806430498,6.03164011290811));
#5532=CARTESIAN_POINT('Origin',(0.0478531254124878,-4.61677877689105,6.03164011290811));
#5533=CARTESIAN_POINT('',(0.125417776326008,-4.87983016031658,6.03164011290811));
#5534=CARTESIAN_POINT('Origin',(0.588818877875621,-5.24590408261097,6.03164011290811));
#5535=CARTESIAN_POINT('',(0.119495773447687,-5.1159838263009,6.03164011290811));
#5536=CARTESIAN_POINT('Origin',(0.279884810175879,-5.00185480108138,6.03164011290811));
#5537=CARTESIAN_POINT('',(0.146841791177135,-5.20158059521554,6.03164011290811));
#5538=CARTESIAN_POINT('Origin',(-0.000796004098456066,-5.20158059521554,
6.03164011290811));
#5539=CARTESIAN_POINT('',(0.0462592011811607,-5.34151888965252,6.03164011290811));
#5540=CARTESIAN_POINT('Origin',(-0.000796004098456066,-5.20158059521554,
6.03164011290811));
#5541=CARTESIAN_POINT('',(-0.061723084533853,-5.4301038679265,6.03164011290811));
#5542=CARTESIAN_POINT('Origin',(0.108999474887316,-5.52810328223516,6.03164011290811));
#5543=CARTESIAN_POINT('',(-0.459828300552643,-5.66061289166929,6.03164011290811));
#5544=CARTESIAN_POINT('Origin',(-0.459828300552643,-5.20158059522405,6.03164011290811));
#5545=CARTESIAN_POINT('',(-0.61493834475169,-5.66061289166929,6.03164011290811));
#5546=CARTESIAN_POINT('',(-1.4598283005616,-5.66061289166929,6.03164011290811));
#5547=CARTESIAN_POINT('',(-0.985246952663047,-5.79113990774535,6.03164011290811));
#5548=CARTESIAN_POINT('Origin',(-0.614938344751689,-6.25116407277165,6.03164011290811));
#5549=CARTESIAN_POINT('',(-1.93440964846788,-5.79113990773914,6.03164011290811));
#5550=CARTESIAN_POINT('Origin',(-1.4598283005616,-5.20158059521554,6.03164011290811));
#5551=CARTESIAN_POINT('',(-2.30471825650083,-5.66061289165823,6.03164011290811));
#5552=CARTESIAN_POINT('Origin',(-2.30471825638525,-6.25116407276059,6.03164011290811));
#5553=CARTESIAN_POINT('',(-2.45982830055126,-5.66061289168859,6.03164011290811));
#5554=CARTESIAN_POINT('',(-1.45982830047177,-5.66061289149288,6.03164011290811));
#5555=CARTESIAN_POINT('',(-2.78651789551083,-5.52404696206314,6.03164011290811));
#5556=CARTESIAN_POINT('Origin',(-2.45982830055126,-5.20158059522498,6.03164011290811));
#5557=CARTESIAN_POINT('',(-3.04945351583683,-5.33382779271889,6.03164011290811));
#5558=CARTESIAN_POINT('Origin',(-3.48700210850826,-6.21547577607457,6.03164011290811));
#5559=CARTESIAN_POINT('',(-3.04945351583207,-5.06933339770982,6.03164011290811));
#5560=CARTESIAN_POINT('Origin',(-2.98382122693612,-5.20158059521554,6.03164011290811));
#5561=CARTESIAN_POINT('',(-2.7865178954992,-4.87911422837505,6.03164011290811));
#5562=CARTESIAN_POINT('Origin',(-3.4870021084717,-4.18768541433837,6.03164011290811));
#5563=CARTESIAN_POINT('Origin',(-2.45982830055126,-5.20158059522498,6.03164011290811));
#5564=CARTESIAN_POINT('',(-1.03659995410491,-5.20158059521554,6.03164011290811));
#5565=CARTESIAN_POINT('Origin',(-1.4598283005616,-5.20158059521554,6.03164011290811));
#5566=CARTESIAN_POINT('',(-0.459828300552643,-4.99882468969379,6.03164011290811));
#5567=CARTESIAN_POINT('',(-0.558440481686317,-4.99882468969379,6.03164011290811));
#5568=CARTESIAN_POINT('',(-0.558440481686317,-4.99882468969379,6.03164011290811));
#5569=CARTESIAN_POINT('',(-0.558440481686317,-5.40433650073729,6.03164011290811));
#5570=CARTESIAN_POINT('Origin',(-0.558440481686317,-5.2015805952245,6.03164011290811));
#5571=CARTESIAN_POINT('',(-0.459828300552643,-5.40433650073729,6.03164011290811));
#5572=CARTESIAN_POINT('',(-0.558440481686317,-5.40433650073729,6.03164011290811));
#5573=CARTESIAN_POINT('Origin',(-0.459828300552643,-5.20158059522405,6.03164011290811));
#5574=CARTESIAN_POINT('',(-2.36121611941831,-4.99882468969428,6.03164011290811));
#5575=CARTESIAN_POINT('',(-2.45982830055126,-4.99882468969428,6.03164011290811));
#5576=CARTESIAN_POINT('',(-2.45982830055126,-4.99882468969428,6.03164011290811));
#5577=CARTESIAN_POINT('',(-2.45982830055126,-5.4043365007368,6.03164011290811));
#5578=CARTESIAN_POINT('Origin',(-2.45982830055126,-5.20158059522498,6.03164011290811));
#5579=CARTESIAN_POINT('',(-2.36121611941831,-5.4043365007368,6.03164011290811));
#5580=CARTESIAN_POINT('',(-2.45982830055126,-5.4043365007368,6.03164011290811));
#5581=CARTESIAN_POINT('Origin',(-2.36121611941831,-5.20158059522454,6.03164011290811));
#5582=CARTESIAN_POINT('Origin',(-2.98382122693612,-5.20158059521554,6.2284905066089));
#5583=CARTESIAN_POINT('Origin',(-2.77452424212826,-5.45333079846338,6.71392357747504));
#5584=CARTESIAN_POINT('',(-2.81485317796109,-5.49647108021495,6.71392357747504));
#5585=CARTESIAN_POINT('',(-2.71652295058856,-5.4422241718495,6.71392357747504));
#5586=CARTESIAN_POINT('Origin',(-2.77452424212826,-5.45333079846338,6.71392357747504));
#5587=CARTESIAN_POINT('',(-2.78651789551083,-5.52404696206314,6.67108822627359));
#5588=CARTESIAN_POINT('Ctrl Pts',(-2.78651789551082,-5.52404696206315,6.6710882262736));
#5589=CARTESIAN_POINT('Ctrl Pts',(-2.79697154643433,-5.5134564033654,6.68449699370565));
#5590=CARTESIAN_POINT('Ctrl Pts',(-2.80616511602144,-5.5045955318201,6.69978252462401));
#5591=CARTESIAN_POINT('Ctrl Pts',(-2.8147770471961,-5.49654225539049,6.71379967694005));
#5592=CARTESIAN_POINT('Ctrl Pts',(-2.8148151111788,-5.4965066662788,6.71386162722914));
#5593=CARTESIAN_POINT('Ctrl Pts',(-2.81485317796109,-5.49647108021495,6.71392357747504));
#5594=CARTESIAN_POINT('',(-2.71989494378941,-5.57983446535917,6.63518341999473));
#5595=CARTESIAN_POINT('Ctrl Pts',(-2.71989494378941,-5.57983446535917,6.63518341999473));
#5596=CARTESIAN_POINT('Ctrl Pts',(-2.72847487145317,-5.57393537704066,6.63518341999473));
#5597=CARTESIAN_POINT('Ctrl Pts',(-2.7369769795046,-5.56765286655606,6.63666256192282));
#5598=CARTESIAN_POINT('Ctrl Pts',(-2.75620653969025,-5.55239219049637,6.64359836713498));
#5599=CARTESIAN_POINT('Ctrl Pts',(-2.76641491778158,-5.54344946855391,6.65015566744471));
#5600=CARTESIAN_POINT('Ctrl Pts',(-2.77955741231769,-5.53099544336161,6.66273962041317));
#5601=CARTESIAN_POINT('Ctrl Pts',(-2.78322904403512,-5.52737888646511,6.66686965757651));
#5602=CARTESIAN_POINT('Ctrl Pts',(-2.78651789551082,-5.52404696206315,6.6710882262736));
#5603=CARTESIAN_POINT('',(-2.63918789520228,-5.42741533636434,6.63518341999473));
#5604=CARTESIAN_POINT('Origin',(-2.77452424212826,-5.45333079846338,6.63518341999473));
#5605=CARTESIAN_POINT('Origin',(-2.63918789520228,-5.42741533636434,6.71392357747504));
#5606=CARTESIAN_POINT('Origin',(-2.774524242132,-4.94983039198723,6.71392357747504));
#5607=CARTESIAN_POINT('',(-2.71652295059213,-4.96093701860024,6.71392357747504));
#5608=CARTESIAN_POINT('',(-2.81485317796255,-4.90669011023352,6.71392357747504));
#5609=CARTESIAN_POINT('Origin',(-2.774524242132,-4.94983039198723,6.71392357747504));
#5610=CARTESIAN_POINT('',(-2.63918789520564,-4.97574585408426,6.63518341999473));
#5611=CARTESIAN_POINT('Origin',(-2.63918789520564,-4.97574585408426,6.71392357747504));
#5612=CARTESIAN_POINT('',(-2.71989494379142,-4.82332672509218,6.63518341999473));
#5613=CARTESIAN_POINT('Origin',(-2.774524242132,-4.94983039198723,6.63518341999473));
#5614=CARTESIAN_POINT('',(-2.7865178954992,-4.87911422837505,6.67108822625868));
#5615=CARTESIAN_POINT('Ctrl Pts',(-2.78651789549919,-4.87911422837504,6.67108822625869));
#5616=CARTESIAN_POINT('Ctrl Pts',(-2.78231376495715,-4.87485503782037,6.66569564054));
#5617=CARTESIAN_POINT('Ctrl Pts',(-2.77728145285199,-4.86991874902504,6.6601694888828));
#5618=CARTESIAN_POINT('Ctrl Pts',(-2.76139233728101,-4.85523796494976,6.64659221782364));
#5619=CARTESIAN_POINT('Ctrl Pts',(-2.74988202015443,-4.84542110488371,6.64019434797873));
#5620=CARTESIAN_POINT('Ctrl Pts',(-2.73134421953001,-4.83139666943163,6.63586002347048));
#5621=CARTESIAN_POINT('Ctrl Pts',(-2.72569501426513,-4.82731453586626,6.63518341999473));
#5622=CARTESIAN_POINT('Ctrl Pts',(-2.71989494379142,-4.82332672509218,6.63518341999473));
#5623=CARTESIAN_POINT('Ctrl Pts',(-2.81485317796255,-4.90669011023352,6.71392357747504));
#5624=CARTESIAN_POINT('Ctrl Pts',(-2.81481511117674,-4.9066545241664,6.71386162722343));
#5625=CARTESIAN_POINT('Ctrl Pts',(-2.81477704720107,-4.90661893506127,6.71379967694573));
#5626=CARTESIAN_POINT('Ctrl Pts',(-2.80616511490294,-4.89856565758193,6.69978252280384));
#5627=CARTESIAN_POINT('Ctrl Pts',(-2.79697154710153,-4.88970478775975,6.68449699455815));
#5628=CARTESIAN_POINT('Ctrl Pts',(-2.78651789549919,-4.87911422837504,6.67108822625869));
#5629=CARTESIAN_POINT('Origin',(-2.36121611941831,-5.20158059522454,6.03164011290811));
#5630=CARTESIAN_POINT('',(-2.36121611941831,-5.40433650074579,6.11038027038843));
#5631=CARTESIAN_POINT('',(-2.36121611941831,-5.40433650074579,6.03164011290811));
#5632=CARTESIAN_POINT('',(-2.36121611941831,-4.99882468969428,6.11038027038843));
#5633=CARTESIAN_POINT('Origin',(-2.36121611941831,-5.20158059522454,6.11038027038843));
#5634=CARTESIAN_POINT('',(-2.36121611941831,-4.99882468969428,6.03164011290811));
#5635=CARTESIAN_POINT('Origin',(-0.459828300552643,-5.20158059522405,6.03164011290811));
#5636=CARTESIAN_POINT('',(-0.459828300552643,-5.40433650074579,6.11038027038843));
#5637=CARTESIAN_POINT('',(-0.459828300552643,-5.40433650074579,6.03164011290811));
#5638=CARTESIAN_POINT('',(-0.459828300552643,-4.99882468969379,6.11038027038843));
#5639=CARTESIAN_POINT('Origin',(-0.459828300552643,-5.20158059522405,6.11038027038843));
#5640=CARTESIAN_POINT('',(-0.459828300552643,-4.99882468969379,6.03164011290811));
#5641=CARTESIAN_POINT('Origin',(-0.000796004098456066,-5.20158059521554,
6.86156137275063));
#5642=CARTESIAN_POINT('',(-0.109063720633889,-5.20158059521554,6.86156137275063));
#5643=CARTESIAN_POINT('Origin',(-0.000796004098456066,-5.20158059521554,
6.86156137275063));
#5644=CARTESIAN_POINT('',(-0.109063720633889,-5.20158059521554,6.94030153023095));
#5645=CARTESIAN_POINT('',(-0.109063720633889,-5.20158059521554,6.86156137275063));
#5646=CARTESIAN_POINT('Origin',(-0.000796004098456066,-5.20158059521554,
6.94030153023095));
#5647=CARTESIAN_POINT('Origin',(-2.98382122693612,-5.20158059521554,6.86156137275063));
#5648=CARTESIAN_POINT('',(-3.09208894347155,-5.20158059521554,6.86156137275063));
#5649=CARTESIAN_POINT('Origin',(-2.98382122693612,-5.20158059521554,6.86156137275063));
#5650=CARTESIAN_POINT('',(-3.09208894347155,-5.20158059521554,6.94030153023095));
#5651=CARTESIAN_POINT('',(-3.09208894347155,-5.20158059521554,6.86156137275063));
#5652=CARTESIAN_POINT('Origin',(-2.98382122693612,-5.20158059521554,6.94030153023095));
#5653=CARTESIAN_POINT('Origin',(-1.4598283005616,-5.20158059521554,6.94030153023095));
#5654=CARTESIAN_POINT('',(-2.71652295058856,-5.4422241718495,6.94030153023095));
#5655=CARTESIAN_POINT('',(-2.71652295059213,-4.96093701860024,6.94030153023095));
#5656=CARTESIAN_POINT('Origin',(-1.4598283005616,-5.20158059521554,6.94030153023095));
#5657=CARTESIAN_POINT('',(-2.71652295058856,-5.4422241718495,6.94030153023095));
#5658=CARTESIAN_POINT('',(-2.72421204799801,-5.39785722041632,6.71392357747504));
#5659=CARTESIAN_POINT('Origin',(-1.4598283005616,-5.20158059521554,6.71392357747504));
#5660=CARTESIAN_POINT('',(-2.73935585668159,-5.20158059521556,6.68448582993943));
#5661=CARTESIAN_POINT('Ctrl Pts',(-2.72421204799801,-5.39785722041632,6.71392357747504));
#5662=CARTESIAN_POINT('Ctrl Pts',(-2.72677534759424,-5.38134483975987,6.71392357718377));
#5663=CARTESIAN_POINT('Ctrl Pts',(-2.72900093272114,-5.36486001073068,6.71232642507973));
#5664=CARTESIAN_POINT('Ctrl Pts',(-2.73088367617635,-5.34858061733237,6.7098224662349));
#5665=CARTESIAN_POINT('Ctrl Pts',(-2.73276360118856,-5.33232559397894,6.70732225578463));
#5666=CARTESIAN_POINT('Ctrl Pts',(-2.7343140939429,-5.31620151918378,6.70388949036334));
#5667=CARTESIAN_POINT('Ctrl Pts',(-2.73555837478321,-5.30008720466832,6.70023339392466));
#5668=CARTESIAN_POINT('Ctrl Pts',(-2.73556992896655,-5.29993756984451,6.7001994440259));
#5669=CARTESIAN_POINT('Ctrl Pts',(-2.73558145687165,-5.29978793378959,6.70016547285649));
#5670=CARTESIAN_POINT('Ctrl Pts',(-2.73559295849786,-5.29963829644341,6.70013148131561));
#5671=CARTESIAN_POINT('Ctrl Pts',(-2.73681941294394,-5.28368199729051,6.69650685678975));
#5672=CARTESIAN_POINT('Ctrl Pts',(-2.73774683949441,-5.26771134811553,6.69264949739421));
#5673=CARTESIAN_POINT('Ctrl Pts',(-2.73837576404913,-5.25165212379912,6.68964720683722));
#5674=CARTESIAN_POINT('Ctrl Pts',(-2.73838542814042,-5.25140535682418,6.68960107346589));
#5675=CARTESIAN_POINT('Ctrl Pts',(-2.73839502194355,-5.2511585666974,6.68955516613835));
#5676=CARTESIAN_POINT('Ctrl Pts',(-2.73840454540373,-5.25091175308873,6.68950948839905));
#5677=CARTESIAN_POINT('Ctrl Pts',(-2.7390215092422,-5.23492228407843,6.68655032094899));
#5678=CARTESIAN_POINT('Ctrl Pts',(-2.73934307206639,-5.21883004883694,6.68456017958446));
#5679=CARTESIAN_POINT('Ctrl Pts',(-2.73935548724614,-5.20255676970932,6.68448793207223));
#5680=CARTESIAN_POINT('Ctrl Pts',(-2.73935573540561,-5.20223149303387,6.68448648796066));
#5681=CARTESIAN_POINT('Ctrl Pts',(-2.73935585855841,-5.20190609929581,6.68448578854958));
#5682=CARTESIAN_POINT('Ctrl Pts',(-2.73935585668159,-5.20158059521556,6.68448582993943));
#5683=CARTESIAN_POINT('',(-2.72421204800172,-5.00530397003864,6.71392357747504));
#5684=CARTESIAN_POINT('Ctrl Pts',(-2.73935585668159,-5.20158059521556,6.68448582993943));
#5685=CARTESIAN_POINT('Ctrl Pts',(-2.73935581079045,-5.19362167781679,6.68448582993996));
#5686=CARTESIAN_POINT('Ctrl Pts',(-2.7392810419073,-5.18559311389781,6.68493106966081));
#5687=CARTESIAN_POINT('Ctrl Pts',(-2.73913085099682,-5.17758562008724,6.6857642141036));
#5688=CARTESIAN_POINT('Ctrl Pts',(-2.73912558560827,-5.17730489360306,6.68579342245715));
#5689=CARTESIAN_POINT('Ctrl Pts',(-2.73912022969928,-5.17702425677112,6.68582308746093));
#5690=CARTESIAN_POINT('Ctrl Pts',(-2.73911478337051,-5.17674370823425,6.68585320264688));
#5691=CARTESIAN_POINT('Ctrl Pts',(-2.73895859606161,-5.16869826646426,6.68671683208395));
#5692=CARTESIAN_POINT('Ctrl Pts',(-2.73872791262911,-5.16071940969686,6.68795245301177));
#5693=CARTESIAN_POINT('Ctrl Pts',(-2.7384250156465,-5.1527829051734,6.68941171222956));
#5694=CARTESIAN_POINT('Ctrl Pts',(-2.73841607324906,-5.15254859654091,6.68945479379409));
#5695=CARTESIAN_POINT('Ctrl Pts',(-2.73840706824973,-5.1523143231522,6.68949806102082));
#5696=CARTESIAN_POINT('Ctrl Pts',(-2.7383980006354,-5.1520800844874,6.68954151062557));
#5697=CARTESIAN_POINT('Ctrl Pts',(-2.73777210131028,-5.13591157347822,6.6925406543123));
#5698=CARTESIAN_POINT('Ctrl Pts',(-2.73684766298374,-5.11990892762668,6.69640656608072));
#5699=CARTESIAN_POINT('Ctrl Pts',(-2.73562152916305,-5.10389532388613,6.70004691521416));
#5700=CARTESIAN_POINT('Ctrl Pts',(-2.73560877108009,-5.10372870024221,6.7000847935236));
#5701=CARTESIAN_POINT('Ctrl Pts',(-2.73559598028853,-5.10356207577681,6.70012264942182));
#5702=CARTESIAN_POINT('Ctrl Pts',(-2.73558315676386,-5.10339545037152,6.70016048212014));
#5703=CARTESIAN_POINT('Ctrl Pts',(-2.73434538251621,-5.08731214713641,6.70381223473471));
#5704=CARTESIAN_POINT('Ctrl Pts',(-2.73280254711123,-5.07122057096959,6.70724647616736));
#5705=CARTESIAN_POINT('Ctrl Pts',(-2.73093285575449,-5.05500643600113,6.70975675834646));
#5706=CARTESIAN_POINT('Ctrl Pts',(-2.72904058967744,-5.03859653098722,6.71229734976237));
#5707=CARTESIAN_POINT('Ctrl Pts',(-2.72681398411769,-5.02206524119834,6.71392357705515));
#5708=CARTESIAN_POINT('Ctrl Pts',(-2.72421204800172,-5.00530397003864,6.71392357747504));
#5709=CARTESIAN_POINT('Origin',(-1.4598283005616,-5.20158059521554,6.71392357747504));
#5710=CARTESIAN_POINT('',(-2.71652295059213,-4.96093701860024,6.94030153023095));
#5711=CARTESIAN_POINT('Origin',(0.0323858193299761,-4.69339799687738,6.94030153023095));
#5712=CARTESIAN_POINT('',(-0.247970520443588,-4.59583945062321,6.94030153023095));
#5713=CARTESIAN_POINT('',(-0.248611905482292,-4.78909348187426,6.94030153023095));
#5714=CARTESIAN_POINT('Origin',(0.0323858193299761,-4.69339799687738,6.94030153023095));
#5715=CARTESIAN_POINT('',(-0.247970520443588,-4.59583945062321,6.79266373459178));
#5716=CARTESIAN_POINT('',(-0.247970520443588,-4.59583945062321,6.94030153023095));
#5717=CARTESIAN_POINT('',(-0.247970520443588,-4.59583945062321,6.71392357747504));
#5718=CARTESIAN_POINT('',(-0.247970520443588,-4.59583945062321,6.63518341999473));
#5719=CARTESIAN_POINT('',(-0.248611905482292,-4.78909348187426,6.71392357747504));
#5720=CARTESIAN_POINT('Origin',(0.0323858193299761,-4.69339799687738,6.71392357747504));
#5721=CARTESIAN_POINT('',(-0.248611905482292,-4.78909348187426,6.94030153023095));
#5722=CARTESIAN_POINT('Origin',(-0.186590651396364,-4.8327285432038,6.63518341999473));
#5723=CARTESIAN_POINT('',(-0.342698036726905,-4.71280956328229,6.63518341999473));
#5724=CARTESIAN_POINT('',(-0.303765279902355,-4.99090624054018,6.63518341999473));
#5725=CARTESIAN_POINT('Origin',(-0.186590651396364,-4.8327285432038,6.63518341999473));
#5726=CARTESIAN_POINT('',(-0.339512371435743,-4.70877280497296,6.63525556749126));
#5727=CARTESIAN_POINT('Origin',(-0.289803850509842,-4.79856088698852,6.73730985357265));
#5728=CARTESIAN_POINT('',(-0.339512371435743,-4.70877280497296,6.11038027038843));
#5729=CARTESIAN_POINT('',(-0.339512371435743,-4.70877280497296,6.63518341999473));
#5730=CARTESIAN_POINT('',(-0.303765279902355,-4.99090624054018,6.11038027038843));
#5731=CARTESIAN_POINT('Origin',(-0.186590651396364,-4.8327285432038,6.11038027038843));
#5732=CARTESIAN_POINT('',(-0.303765279902355,-4.99090624054018,6.25834191383121));
#5733=CARTESIAN_POINT('',(-0.303765279902355,-4.99090624054018,6.63518341999473));
#5734=CARTESIAN_POINT('',(-0.317283084141713,-4.97993440423949,6.30880546723882));
#5735=CARTESIAN_POINT('Ctrl Pts',(-0.303765279902355,-4.99090624054018,
6.25834191383121));
#5736=CARTESIAN_POINT('Ctrl Pts',(-0.307776672579466,-4.98793468731462,
6.2650099901896));
#5737=CARTESIAN_POINT('Ctrl Pts',(-0.310893417516311,-4.98540009550631,
6.27214964120581));
#5738=CARTESIAN_POINT('Ctrl Pts',(-0.313150364410561,-4.98350283099052,
6.27980855426629));
#5739=CARTESIAN_POINT('Ctrl Pts',(-0.313368177721787,-4.98331972988721,
6.28054770024192));
#5740=CARTESIAN_POINT('Ctrl Pts',(-0.313577991160616,-4.98314260409496,
6.28129168827189));
#5741=CARTESIAN_POINT('Ctrl Pts',(-0.313779841871159,-4.98297165990066,
6.28204056493434));
#5742=CARTESIAN_POINT('Ctrl Pts',(-0.31382475880484,-4.98293362045548,6.28220720910068));
#5743=CARTESIAN_POINT('Ctrl Pts',(-0.313869294416845,-4.98289587614341,
6.28237414682561));
#5744=CARTESIAN_POINT('Ctrl Pts',(-0.313913446619463,-4.98285843135537,
6.28254137218615));
#5745=CARTESIAN_POINT('Ctrl Pts',(-0.314938029087958,-4.98198949909198,
6.28642195259978));
#5746=CARTESIAN_POINT('Ctrl Pts',(-0.315744100625506,-4.9812918090696,6.29046157428554));
#5747=CARTESIAN_POINT('Ctrl Pts',(-0.316304560620987,-4.98080123511387,
6.2945290626892));
#5748=CARTESIAN_POINT('Ctrl Pts',(-0.316336528129128,-4.98077325376454,
6.29476106402687));
#5749=CARTESIAN_POINT('Ctrl Pts',(-0.316367707220158,-4.98074593768405,
6.29499315251346));
#5750=CARTESIAN_POINT('Ctrl Pts',(-0.316398096738228,-4.98071929035439,
6.2952253027791));
#5751=CARTESIAN_POINT('Ctrl Pts',(-0.316984240292716,-4.98020532496368,
6.29970294475976));
#5752=CARTESIAN_POINT('Ctrl Pts',(-0.31728308407251,-4.97993440430093,6.3042287475068));
#5753=CARTESIAN_POINT('Ctrl Pts',(-0.317283084141713,-4.97993440423949,
6.30880546723882));
#5754=CARTESIAN_POINT('',(-0.317283084141713,-4.97993440423949,6.46628578219945));
#5755=CARTESIAN_POINT('',(-0.317283084141713,-4.97993440423949,6.63518341999473));
#5756=CARTESIAN_POINT('',(-0.303765279902355,-4.99090624054018,6.51674933560706));
#5757=CARTESIAN_POINT('Ctrl Pts',(-0.317283084141713,-4.97993440423949,
6.46628578219945));
#5758=CARTESIAN_POINT('Ctrl Pts',(-0.317283083914655,-4.97993440444108,
6.47524725979863));
#5759=CARTESIAN_POINT('Ctrl Pts',(-0.316169709715008,-4.98094376269091,
6.48393724045837));
#5760=CARTESIAN_POINT('Ctrl Pts',(-0.31395907320453,-4.98281972424062,6.49237556309499));
#5761=CARTESIAN_POINT('Ctrl Pts',(-0.313918711079662,-4.98285397582108,
6.49252963122438));
#5762=CARTESIAN_POINT('Ctrl Pts',(-0.313877967950477,-4.98288852711624,
6.49268361056011));
#5763=CARTESIAN_POINT('Ctrl Pts',(-0.313836844189553,-4.9829233757555,6.49283749831495));
#5764=CARTESIAN_POINT('Ctrl Pts',(-0.312425436628386,-4.98411941502448,
6.49811907606648));
#5765=CARTESIAN_POINT('Ctrl Pts',(-0.310594346659678,-4.98564028823859,
6.50319347016149));
#5766=CARTESIAN_POINT('Ctrl Pts',(-0.308376829882103,-4.98738558824804,
6.50801499931215));
#5767=CARTESIAN_POINT('Ctrl Pts',(-0.306990979547743,-4.98847632389708,
6.51102824270816));
#5768=CARTESIAN_POINT('Ctrl Pts',(-0.305453450104954,-4.98965568044432,
6.51394311631267));
#5769=CARTESIAN_POINT('Ctrl Pts',(-0.303765279902355,-4.99090624054018,
6.51674933560706));
#5770=CARTESIAN_POINT('',(-0.303765279902355,-4.99090624054018,6.63518341999473));
#5771=CARTESIAN_POINT('Origin',(-2.98382122693612,-5.20158059521554,7.92617884604941));
#5772=CARTESIAN_POINT('',(-3.04945351583207,-5.06933339770982,6.94030153023095));
#5773=CARTESIAN_POINT('',(-3.04945351583683,-5.33382779271889,6.94030153023095));
#5774=CARTESIAN_POINT('Origin',(-2.98382122693612,-5.20158059521554,6.94030153023095));
#5775=CARTESIAN_POINT('',(-3.04945351583207,-5.06933339770982,7.92617884604941));
#5776=CARTESIAN_POINT('',(-3.04945351583683,-5.33382779271889,7.92617884604941));
#5777=CARTESIAN_POINT('Origin',(-0.000796004098456066,-5.20158059521554,
7.92617884604941));
#5778=CARTESIAN_POINT('',(0.119495773447687,-5.1159838263009,6.30880546723882));
#5779=CARTESIAN_POINT('',(0.0462592011811607,-5.34151888965252,6.30880546723882));
#5780=CARTESIAN_POINT('Origin',(-0.000796004098456066,-5.20158059521554,
6.30880546723882));
#5781=CARTESIAN_POINT('',(0.0462592011811607,-5.34151888965252,7.92617884604941));
#5782=CARTESIAN_POINT('',(0.146841791177135,-5.20158059521554,6.94030153023095));
#5783=CARTESIAN_POINT('',(0.146841791177135,-5.20158059521554,7.92617884604941));
#5784=CARTESIAN_POINT('',(0.0462592011811607,-5.34151888965252,6.94030153023095));
#5785=CARTESIAN_POINT('Origin',(-0.000796004098456066,-5.20158059521554,
6.94030153023095));
#5786=CARTESIAN_POINT('',(0.0462592011811607,-5.34151888965252,6.46628578219945));
#5787=CARTESIAN_POINT('',(0.0462592011811607,-5.34151888965252,7.92617884604941));
#5788=CARTESIAN_POINT('',(0.119495773447687,-5.1159838263009,6.46628578219945));
#5789=CARTESIAN_POINT('Origin',(-0.000796004098456066,-5.20158059521554,
6.46628578219945));
#5790=CARTESIAN_POINT('',(0.119495773447687,-5.1159838263009,6.94030153023095));
#5791=CARTESIAN_POINT('',(0.119495773447688,-5.1159838263009,7.92617884604941));
#5792=CARTESIAN_POINT('Origin',(-0.000796004098456066,-5.20158059521554,
6.94030153023095));
#5793=CARTESIAN_POINT('',(0.119495773447688,-5.1159838263009,7.92617884604941));
#5794=CARTESIAN_POINT('Origin',(0.27988481017588,-5.00185480108138,7.92617884604941));
#5795=CARTESIAN_POINT('',(0.0830423936617807,-5.00008263826576,6.21038027038843));
#5796=CARTESIAN_POINT('',(0.0830344164750924,-5.00185480108027,6.21040221633486));
#5797=CARTESIAN_POINT('Ctrl Pts',(0.0830423936617807,-5.00008263826576,
6.21038027038843));
#5798=CARTESIAN_POINT('Ctrl Pts',(0.0830370626882864,-5.00067477443728,
6.21038027038843));
#5799=CARTESIAN_POINT('Ctrl Pts',(0.0830344164750954,-5.00126548577988,
6.21038763698198));
#5800=CARTESIAN_POINT('Ctrl Pts',(0.0830344164750924,-5.00185480108027,
6.21040221633486));
#5801=CARTESIAN_POINT('Ctrl Pts',(0.0830344164750924,-5.00185480108027,
6.21040221633486));
#5802=CARTESIAN_POINT('Ctrl Pts',(0.0830344164750538,-5.00868302138267,
6.21057114294037));
#5803=CARTESIAN_POINT('Ctrl Pts',(0.0833877088615598,-5.01532601165432,
6.21169637774998));
#5804=CARTESIAN_POINT('Ctrl Pts',(0.0847096918323127,-5.0282982788936,6.215561057494));
#5805=CARTESIAN_POINT('Ctrl Pts',(0.0856815729647505,-5.03456678311521,
6.21831147684569));
#5806=CARTESIAN_POINT('Ctrl Pts',(0.0891479400103228,-5.05194570151659,
6.22801841364623));
#5807=CARTESIAN_POINT('Ctrl Pts',(0.0922576951944016,-5.06218063253595,
6.2366456059252));
#5808=CARTESIAN_POINT('Ctrl Pts',(0.0990552727151561,-5.08023731570485,
6.25546621451614));
#5809=CARTESIAN_POINT('Ctrl Pts',(0.102754454197736,-5.08813506285428,6.26569064013418));
#5810=CARTESIAN_POINT('Ctrl Pts',(0.110675556878286,-5.10278881506584,6.28688098594273));
#5811=CARTESIAN_POINT('Ctrl Pts',(0.114908967120257,-5.10953784599834,6.29787439224978));
#5812=CARTESIAN_POINT('Ctrl Pts',(0.119495773447687,-5.1159838263009,6.30880546723882));
#5813=CARTESIAN_POINT('',(0.125417776326008,-4.87983016031658,6.24346342148728));
#5814=CARTESIAN_POINT('',(0.125417776326009,-4.87983016031658,7.92617884604941));
#5815=CARTESIAN_POINT('',(0.0945737413080771,-4.93544783416354,6.21038027038843));
#5816=CARTESIAN_POINT('Ctrl Pts',(0.125417776326006,-4.87983016031659,6.24346342148728));
#5817=CARTESIAN_POINT('Ctrl Pts',(0.122689522601973,-4.88328376819201,6.23798332718893));
#5818=CARTESIAN_POINT('Ctrl Pts',(0.119707457710458,-4.8873100314339,6.23294340495004));
#5819=CARTESIAN_POINT('Ctrl Pts',(0.116636804229252,-4.89186625781786,6.22853664929849));
#5820=CARTESIAN_POINT('Ctrl Pts',(0.114302736161481,-4.8953295409846,6.22518698196816));
#5821=CARTESIAN_POINT('Ctrl Pts',(0.111918260900808,-4.89909861260091,6.2222036676037));
#5822=CARTESIAN_POINT('Ctrl Pts',(0.10957130717535,-4.90314637095218,6.21968153593587));
#5823=CARTESIAN_POINT('Ctrl Pts',(0.109419743005275,-4.90340777156205,6.21951865893114));
#5824=CARTESIAN_POINT('Ctrl Pts',(0.109268234743693,-4.90367051342864,6.21935758974686));
#5825=CARTESIAN_POINT('Ctrl Pts',(0.109116822324137,-4.90393456911621,6.21919837776652));
#5826=CARTESIAN_POINT('Ctrl Pts',(0.107100790549224,-4.90745042770983,6.21707849610659));
#5827=CARTESIAN_POINT('Ctrl Pts',(0.105084660891993,-4.91124042228839,6.21527494209527));
#5828=CARTESIAN_POINT('Ctrl Pts',(0.103148376321197,-4.91519662292015,6.2138738123699));
#5829=CARTESIAN_POINT('Ctrl Pts',(0.102622903435657,-4.91627026477688,6.21349357090596));
#5830=CARTESIAN_POINT('Ctrl Pts',(0.102103298955585,-4.91735597879182,6.21314272366423));
#5831=CARTESIAN_POINT('Ctrl Pts',(0.101591093182092,-4.91845128230549,6.21282241312702));
#5832=CARTESIAN_POINT('Ctrl Pts',(0.0998649438524263,-4.92214248908944,
6.21174295669038));
#5833=CARTESIAN_POINT('Ctrl Pts',(0.0982252218440777,-4.92593404325499,
6.21100797657555));
#5834=CARTESIAN_POINT('Ctrl Pts',(0.0966852899835683,-4.92983849833749,
6.2106424562722));
#5835=CARTESIAN_POINT('Ctrl Pts',(0.0959580293118008,-4.93168244786473,
6.21046983269828));
#5836=CARTESIAN_POINT('Ctrl Pts',(0.0952532246309779,-4.93355171111066,
6.21038027047014));
#5837=CARTESIAN_POINT('Ctrl Pts',(0.0945737413080771,-4.93544783416354,
6.21038027038843));
#5838=CARTESIAN_POINT('Origin',(0.279884810175879,-5.00185480108138,6.21038027038843));
#5839=CARTESIAN_POINT('Origin',(-2.45982830055126,-5.20158059522498,6.63518341999473));
#5840=CARTESIAN_POINT('',(-2.64640381739002,-5.01738253158799,6.63518341999473));
#5841=CARTESIAN_POINT('',(-2.72201020330442,-5.20158059522671,6.63518344589497));
#5842=CARTESIAN_POINT('Origin',(-2.45982830055126,-5.20158059522498,6.63518341999473));
#5843=CARTESIAN_POINT('',(-2.64640381738654,-5.3857786588655,6.63518341999473));
#5844=CARTESIAN_POINT('Ctrl Pts',(-2.72201020330442,-5.20158059522886,6.63518347179521));
#5845=CARTESIAN_POINT('Ctrl Pts',(-2.72201020330429,-5.21050493106795,6.63518273071412));
#5846=CARTESIAN_POINT('Ctrl Pts',(-2.72155457043419,-5.21942287457345,6.63519248684745));
#5847=CARTESIAN_POINT('Ctrl Pts',(-2.71975749245817,-5.2369644910226,6.63519605808246));
#5848=CARTESIAN_POINT('Ctrl Pts',(-2.71843882374012,-5.24557820351559,6.63518993504974));
#5849=CARTESIAN_POINT('Ctrl Pts',(-2.71340366292135,-5.27019967489482,6.63517748956672));
#5850=CARTESIAN_POINT('Ctrl Pts',(-2.70860897988457,-5.28594413309948,6.63518802920307));
#5851=CARTESIAN_POINT('Ctrl Pts',(-2.69538542827026,-5.31816036156004,6.635181715307));
#5852=CARTESIAN_POINT('Ctrl Pts',(-2.68662461607774,-5.33440165628424,6.63518306187225));
#5853=CARTESIAN_POINT('Ctrl Pts',(-2.6673927744436,-5.36252066754198,6.63518363348842));
#5854=CARTESIAN_POINT('Ctrl Pts',(-2.6574088412724,-5.37463159261135,6.63518341999473));
#5855=CARTESIAN_POINT('Ctrl Pts',(-2.64640381738654,-5.3857786588655,6.63518341999473));
#5856=CARTESIAN_POINT('',(-2.45982830055126,-5.4637624979685,6.63518341999473));
#5857=CARTESIAN_POINT('Origin',(-2.45982830055126,-5.20158059522498,6.63518341999473));
#5858=CARTESIAN_POINT('',(-2.45982830055126,-5.4637624979685,6.11038027038843));
#5859=CARTESIAN_POINT('',(-2.45982830055126,-5.4637624979685,6.63518341999473));
#5860=CARTESIAN_POINT('',(-2.45982830055126,-4.93939869247182,6.11038027038843));
#5861=CARTESIAN_POINT('Origin',(-2.45982830055126,-5.20158059522498,6.11038027038843));
#5862=CARTESIAN_POINT('',(-2.45982830055126,-4.93939869247182,6.63518341999473));
#5863=CARTESIAN_POINT('',(-2.45982830055126,-4.93939869247182,6.63518341999473));
#5864=CARTESIAN_POINT('Origin',(-2.45982830055126,-5.20158059522498,6.63518341999473));
#5865=CARTESIAN_POINT('Origin',(-1.4598283005616,-5.20158059521554,6.11038027038843));
#5866=CARTESIAN_POINT('',(-1.03659995410491,-5.20158059521554,6.11038027038843));
#5867=CARTESIAN_POINT('Origin',(-1.4598283005616,-5.20158059521554,6.11038027038843));
#5868=CARTESIAN_POINT('',(-1.03659995410491,-5.20158059521554,6.11038027038843));
#5869=CARTESIAN_POINT('Origin',(0.27988481017588,-5.00185480108138,7.92617884604941));
#5870=CARTESIAN_POINT('',(0.125417776326008,-4.87983016031658,6.94030153023095));
#5871=CARTESIAN_POINT('Origin',(0.279884810175879,-5.00185480108138,6.94030153023095));
#5872=CARTESIAN_POINT('',(0.083034416475092,-5.00185480108138,6.56468903310339));
#5873=CARTESIAN_POINT('Ctrl Pts',(0.119495773447687,-5.1159838263009,6.46628578219945));
#5874=CARTESIAN_POINT('Ctrl Pts',(0.114901160439139,-5.10952687502875,6.47723546172654));
#5875=CARTESIAN_POINT('Ctrl Pts',(0.110675385940741,-5.1027885264596,6.48821071189921));
#5876=CARTESIAN_POINT('Ctrl Pts',(0.10275432988331,-5.08813480525406,6.50940095075183));
#5877=CARTESIAN_POINT('Ctrl Pts',(0.099055168893907,-5.08023707326385,6.51962532157462));
#5878=CARTESIAN_POINT('Ctrl Pts',(0.0922576301000966,-5.06218042627883,
6.53844582454097));
#5879=CARTESIAN_POINT('Ctrl Pts',(0.0891478952316494,-5.05194552205203,
6.54707296027968));
#5880=CARTESIAN_POINT('Ctrl Pts',(0.0856815522857276,-5.03456665692028,
6.55677983095396));
#5881=CARTESIAN_POINT('Ctrl Pts',(0.0847096783194115,-5.02829817275773,
6.55953023072407));
#5882=CARTESIAN_POINT('Ctrl Pts',(0.0833877059494166,-5.01532595661526,
6.56339488092542));
#5883=CARTESIAN_POINT('Ctrl Pts',(0.0830344164750924,-5.00868299310415,
6.56452010719739));
#5884=CARTESIAN_POINT('Ctrl Pts',(0.083034416475092,-5.00185480108138,6.56468903310339));
#5885=CARTESIAN_POINT('',(0.0830423936617807,-5.00008263826576,6.56471097904985));
#5886=CARTESIAN_POINT('Ctrl Pts',(0.083034416475092,-5.00185480108138,6.56468903310339));
#5887=CARTESIAN_POINT('Ctrl Pts',(0.083034416475092,-5.00126548578062,6.56470361245628));
#5888=CARTESIAN_POINT('Ctrl Pts',(0.0830370626882832,-5.00067477443765,
6.56471097904985));
#5889=CARTESIAN_POINT('Ctrl Pts',(0.0830423936617807,-5.00008263826576,
6.56471097904985));
#5890=CARTESIAN_POINT('',(0.0945737413080771,-4.93544783416354,6.56471097904985));
#5891=CARTESIAN_POINT('Origin',(0.279884810175879,-5.00185480108138,6.56471097904985));
#5892=CARTESIAN_POINT('',(0.125417776326008,-4.87983016031658,6.531627827951));
#5893=CARTESIAN_POINT('Ctrl Pts',(0.0945737413080771,-4.93544783416354,
6.56471097904985));
#5894=CARTESIAN_POINT('Ctrl Pts',(0.0966933509116911,-4.92953298607668,
6.56471097904985));
#5895=CARTESIAN_POINT('Ctrl Pts',(0.0990328908523856,-4.92389178616193,
6.56387424616152));
#5896=CARTESIAN_POINT('Ctrl Pts',(0.104084499744866,-4.91308600436383,6.56072170714251));
#5897=CARTESIAN_POINT('Ctrl Pts',(0.106828958257448,-4.90787943810909,6.55835565158464));
#5898=CARTESIAN_POINT('Ctrl Pts',(0.11501399251555,-4.89375222063359,6.54956544853481));
#5899=CARTESIAN_POINT('Ctrl Pts',(0.120623418153563,-4.8858991827818,6.54125799385131));
#5900=CARTESIAN_POINT('Ctrl Pts',(0.125417776326008,-4.87983016031658,6.531627827951));
#5901=CARTESIAN_POINT('',(0.125417776326009,-4.87983016031658,7.92617884604941));
#5902=CARTESIAN_POINT('Origin',(0.108999474887316,-5.52810328223516,7.92617884604941));
#5903=CARTESIAN_POINT('',(-0.061723084533853,-5.4301038679265,6.56471097904985));
#5904=CARTESIAN_POINT('',(-0.0513315507197493,-5.41389277602867,6.56471097904985));
#5905=CARTESIAN_POINT('Origin',(0.108999474887316,-5.52810328223516,6.56471097904985));
#5906=CARTESIAN_POINT('Ctrl Pts',(-0.0513315507197492,-5.41389277602867,
6.56471097904985));
#5907=CARTESIAN_POINT('Ctrl Pts',(-0.0475650500946078,-5.40860528603991,
6.56471097869099));
#5908=CARTESIAN_POINT('Ctrl Pts',(-0.0436345136745194,-5.4036390109549,
6.5638330322358));
#5909=CARTESIAN_POINT('Ctrl Pts',(-0.0395685554178855,-5.39896143046729,
6.56222523626881));
#5910=CARTESIAN_POINT('Ctrl Pts',(-0.039290873756449,-5.3986419785105,6.56211543301281));
#5911=CARTESIAN_POINT('Ctrl Pts',(-0.039012351408867,-5.39832369778279,
6.56200202782478));
#5912=CARTESIAN_POINT('Ctrl Pts',(-0.0387330654311996,-5.39800664341347,
6.56188510126303));
#5913=CARTESIAN_POINT('Ctrl Pts',(-0.0348606237992985,-5.39361052388898,
6.56026385522204));
#5914=CARTESIAN_POINT('Ctrl Pts',(-0.0308545587715174,-5.38946639085402,
6.55796590851848));
#5915=CARTESIAN_POINT('Ctrl Pts',(-0.0269422465702779,-5.38573079237923,
6.55523605403321));
#5916=CARTESIAN_POINT('Ctrl Pts',(-0.026440842911534,-5.38525203642968,
6.55488619467732));
#5917=CARTESIAN_POINT('Ctrl Pts',(-0.0259405631103133,-5.38477937497128,
6.55452926308338));
#5918=CARTESIAN_POINT('Ctrl Pts',(-0.0254414830922105,-5.38431269071929,
6.55416558881748));
#5919=CARTESIAN_POINT('Ctrl Pts',(-0.0216447888476563,-5.38076244356597,
6.55139897836989));
#5920=CARTESIAN_POINT('Ctrl Pts',(-0.0178943663636398,-5.37753561123536,
6.54822712325303));
#5921=CARTESIAN_POINT('Ctrl Pts',(-0.0141868910427756,-5.37456111619941,
6.54474553210774));
#5922=CARTESIAN_POINT('Ctrl Pts',(-0.0136043425823107,-5.37409373952016,
6.54419847639297));
#5923=CARTESIAN_POINT('Ctrl Pts',(-0.0130225032211799,-5.37363243726481,
6.54364322675058));
#5924=CARTESIAN_POINT('Ctrl Pts',(-0.0124416653723047,-5.37317720833708,
6.54308044728762));
#5925=CARTESIAN_POINT('Ctrl Pts',(-0.00874516287684491,-5.37028009192052,
6.53949886992789));
#5926=CARTESIAN_POINT('Ctrl Pts',(-0.00508172517329531,-5.36762276560092,
6.53560463860523));
#5927=CARTESIAN_POINT('Ctrl Pts',(-0.00152843963566919,-5.36521173054048,
6.53156112293447));
#5928=CARTESIAN_POINT('Ctrl Pts',(-0.000970022960108813,-5.36483282426659,
6.53092566413035));
#5929=CARTESIAN_POINT('Ctrl Pts',(-0.000413835557154302,-5.36445947176712,
6.5302861428168));
#5930=CARTESIAN_POINT('Ctrl Pts',(0.000140200819324387,-5.36409150094813,
6.52964277023202));
#5931=CARTESIAN_POINT('Ctrl Pts',(0.00616377183928902,-5.3600908640666,
6.52264792184072));
#5932=CARTESIAN_POINT('Ctrl Pts',(0.011950269801928,-5.3567125001772,6.51518933815479));
#5933=CARTESIAN_POINT('Ctrl Pts',(0.0176226803192808,-5.35374384441573,
6.50746156200203));
#5934=CARTESIAN_POINT('Ctrl Pts',(0.0193036097577111,-5.35286413007792,
6.50517155735778));
#5935=CARTESIAN_POINT('Ctrl Pts',(0.0209744252613423,-5.35202064307906,
6.50285766154779));
#5936=CARTESIAN_POINT('Ctrl Pts',(0.0226381393716537,-5.35120840602867,
6.50052438475813));
#5937=CARTESIAN_POINT('Ctrl Pts',(0.0229646742062087,-5.3510489894022,6.50006643579577));
#5938=CARTESIAN_POINT('Ctrl Pts',(0.023290947804634,-5.35089079278373,6.49960769579242));
#5939=CARTESIAN_POINT('Ctrl Pts',(0.0236169809483149,-5.350733798813,6.49914820220893));
#5940=CARTESIAN_POINT('Ctrl Pts',(0.0312098623988876,-5.34707761651586,
6.48844720332486));
#5941=CARTESIAN_POINT('Ctrl Pts',(0.0386795401450174,-5.34406760233649,
6.47733478414161));
#5942=CARTESIAN_POINT('Ctrl Pts',(0.0462592011811607,-5.34151888965252,
6.46628578219945));
#5943=CARTESIAN_POINT('',(-0.0617230845338539,-5.4301038679265,6.94030153023095));
#5944=CARTESIAN_POINT('Origin',(0.108999474887316,-5.52810328223516,6.94030153023095));
#5945=CARTESIAN_POINT('',(-0.061723084533853,-5.4301038679265,7.92617884604941));
#5946=CARTESIAN_POINT('Origin',(-2.45982830055126,-5.20158059522498,6.63518341999473));
#5947=CARTESIAN_POINT('',(-2.45982830055126,-4.74254829876138,6.63518341999473));
#5948=CARTESIAN_POINT('Origin',(-2.45982830055126,-5.20158059522498,6.63518341999473));
#5949=CARTESIAN_POINT('Origin',(-1.4598283005616,-5.20158059521554,6.63518341999473));
#5950=CARTESIAN_POINT('',(-2.05946413831174,-4.93939869246217,6.63518341999473));
#5951=CARTESIAN_POINT('',(-1.4598283005616,-4.93939869246217,6.63518341999473));
#5952=CARTESIAN_POINT('',(-1.90315579362795,-4.86220522034292,6.63518341999473));
#5953=CARTESIAN_POINT('Origin',(-2.05946413831174,-4.74254829876138,6.63518341999473));
#5954=CARTESIAN_POINT('',(-1.89355052388628,-4.85001275798818,6.63518341999473));
#5955=CARTESIAN_POINT('Origin',(-1.4598283005616,-5.20158059521554,6.63518341999473));
#5956=CARTESIAN_POINT('',(-1.11566155959776,-3.89034666978239,6.63518341999473));
#5957=CARTESIAN_POINT('',(-1.89355052388628,-4.85001275798818,6.63518341999473));
#5958=CARTESIAN_POINT('',(-0.852879338927758,-3.86285528398635,6.63518341999473));
#5959=CARTESIAN_POINT('',(-1.5917940555689,-3.94015803869236,6.63518341999473));
#5960=CARTESIAN_POINT('',(-0.728923600696917,-3.70993356394697,6.63518341999473));
#5961=CARTESIAN_POINT('',(-2.78150350211667,-6.24216041784885,6.63518341999473));
#5962=CARTESIAN_POINT('',(-0.79226585111865,-3.65858941603778,6.63518341999473));
#5963=CARTESIAN_POINT('',(-0.440338180605262,-3.94385598373735,6.63518341999473));
#5964=CARTESIAN_POINT('',(-1.21723913172796,-3.70304868112982,6.63518341999473));
#5965=CARTESIAN_POINT('',(-1.61227609772944,-3.7443761103918,6.63518341999473));
#5966=CARTESIAN_POINT('',(-1.8825782998537,-4.52386433235751,6.63518341999473));
#5967=CARTESIAN_POINT('',(-2.04647224392566,-4.72605701975734,6.63518341999473));
#5968=CARTESIAN_POINT('',(-2.34134345997183,-4.74254829876735,6.63518341999473));
#5969=CARTESIAN_POINT('Origin',(-2.34134345997183,-4.15199711766499,6.63518341999473));
#5970=CARTESIAN_POINT('',(-1.4598283005616,-4.74254829876735,6.63518341999473));
#5971=CARTESIAN_POINT('Origin',(-2.45982830055126,-5.20158059522498,6.63518341999473));
#5972=CARTESIAN_POINT('Origin',(-1.4598283005616,-5.20158059521554,6.63518341999473));
#5973=CARTESIAN_POINT('',(-2.45982830055126,-5.66061289168859,6.63518341999473));
#5974=CARTESIAN_POINT('Origin',(-2.45982830055126,-5.20158059522498,6.63518341999473));
#5975=CARTESIAN_POINT('',(-2.30471825650083,-5.66061289165823,6.63518341999473));
#5976=CARTESIAN_POINT('',(-1.45982830047177,-5.66061289149288,6.63518341999473));
#5977=CARTESIAN_POINT('',(-1.93440964846788,-5.79113990773914,6.63518341999473));
#5978=CARTESIAN_POINT('Origin',(-2.30471825638525,-6.25116407276059,6.63518341999473));
#5979=CARTESIAN_POINT('',(-0.985246952663047,-5.79113990774535,6.63518341999473));
#5980=CARTESIAN_POINT('Origin',(-1.4598283005616,-5.20158059521554,6.63518341999473));
#5981=CARTESIAN_POINT('',(-0.61493834475169,-5.66061289166929,6.63518341999473));
#5982=CARTESIAN_POINT('Origin',(-0.614938344751689,-6.25116407277165,6.63518341999473));
#5983=CARTESIAN_POINT('',(-0.459828300552643,-5.66061289167823,6.63518341999473));
#5984=CARTESIAN_POINT('',(-1.4598283005616,-5.66061289166929,6.63518341999473));
#5985=CARTESIAN_POINT('',(-0.193513059118873,-5.57546138019176,6.63518341999473));
#5986=CARTESIAN_POINT('Origin',(-0.459828300552643,-5.20158059522405,6.63518341999473));
#5987=CARTESIAN_POINT('',(-0.279378798616881,-5.42164730587216,6.63518341999473));
#5988=CARTESIAN_POINT('Origin',(-0.143917380360929,-5.44690086283275,6.63518341999473));
#5989=CARTESIAN_POINT('',(-0.273252783742437,-5.38577865890269,6.63518341999473));
#5990=CARTESIAN_POINT('Origin',(-1.4598283005616,-5.20158059521554,6.63518341999473));
#5991=CARTESIAN_POINT('',(-0.459828300552643,-5.46376249798615,6.63518341999473));
#5992=CARTESIAN_POINT('Origin',(-0.459828300552643,-5.20158059522405,6.63518341999473));
#5993=CARTESIAN_POINT('',(-0.857659584893992,-5.46376249791427,6.63518341999473));
#5994=CARTESIAN_POINT('',(-1.45982830060912,-5.46376249780512,6.63518341999473));
#5995=CARTESIAN_POINT('',(-1.01058130496905,-5.53665715338421,6.63518341999473));
#5996=CARTESIAN_POINT('Origin',(-0.857659584929672,-5.66061289161506,6.63518341999473));
#5997=CARTESIAN_POINT('',(-1.02480422780461,-5.55420368939009,6.63518341999473));
#5998=CARTESIAN_POINT('',(-1.02480422780461,-5.55420368939008,6.63518341999473));
#5999=CARTESIAN_POINT('',(-1.90506244259554,-5.54122091848504,6.63518341999473));
#6000=CARTESIAN_POINT('Origin',(-1.4598283005616,-5.20158059521554,6.63518341999473));
#6001=CARTESIAN_POINT('',(-2.06157325448829,-5.4637624979685,6.63518341999473));
#6002=CARTESIAN_POINT('Origin',(-2.06157325448829,-5.66061289166929,6.63518341999473));
#6003=CARTESIAN_POINT('',(-1.4598283005616,-5.4637624979685,6.63518341999473));
#6004=CARTESIAN_POINT('Origin',(-2.45982830055126,-5.20158059522498,6.63518341999473));
#6005=CARTESIAN_POINT('',(-0.273196684904567,-4.35470982677585,6.63518341999473));
#6006=CARTESIAN_POINT('',(-0.275708498723686,-4.33070012358393,6.63518341999473));
#6007=CARTESIAN_POINT('',(-0.198405744019633,-5.06961484020628,6.63518341999473));
#6008=CARTESIAN_POINT('',(-0.0703645095616286,-4.2436032349964,6.63518341999473));
#6009=CARTESIAN_POINT('Origin',(0.0469519289427025,-4.69846671934517,6.63518341999473));
#6010=CARTESIAN_POINT('',(-0.0884105100711128,-4.22912255145374,6.63518341999473));
#6011=CARTESIAN_POINT('Origin',(1.38661993733067,-2.4094069308096,6.63518341999473));
#6012=CARTESIAN_POINT('',(-0.151752760492845,-4.17777840354455,6.63518341999473));
#6013=CARTESIAN_POINT('',(-0.440338180605262,-3.94385598373735,6.63518341999473));
#6014=CARTESIAN_POINT('',(-2.2043326619126,-6.71000525744644,6.63518341999473));
#6015=CARTESIAN_POINT('Origin',(-0.564293918836102,-4.09677770377673,6.63518341999473));
#6016=CARTESIAN_POINT('',(-0.275708498723686,-4.33070012358393,6.18912042786874));
#6017=CARTESIAN_POINT('',(-0.275708498723686,-4.33070012358393,6.11038027038843));
#6018=CARTESIAN_POINT('',(-0.275708498723686,-4.33070012358393,6.63518341999473));
#6019=CARTESIAN_POINT('',(-0.336877186739438,-4.2811178282916,6.11038027038843));
#6020=CARTESIAN_POINT('Origin',(-0.336877186739438,-4.2811178282916,6.18912042786874));
#6021=CARTESIAN_POINT('',(-0.564293918836102,-4.09677770377673,6.11038027038843));
#6022=CARTESIAN_POINT('Origin',(-2.45982830055126,-5.20158059522498,6.63518341999473));
#6023=CARTESIAN_POINT('',(-0.273252783739303,-5.01738253154858,6.63518341999473));
#6024=CARTESIAN_POINT('',(-0.323148299025634,-4.81447730423372,6.63518341999473));
#6025=CARTESIAN_POINT('Origin',(-1.4598283005616,-5.20158059521554,6.63518341999473));
#6026=CARTESIAN_POINT('Origin',(0.0323858193299761,-4.69339799687738,6.63518341999473));
#6027=CARTESIAN_POINT('Origin',(-0.459828300552643,-5.20158059522405,6.63518341999473));
#6028=CARTESIAN_POINT('Origin',(-2.45982830055126,-5.20158059522498,6.11038027038843));
#6029=CARTESIAN_POINT('',(-2.7865178954992,-4.87911422837505,7.92617884604941));
#6030=CARTESIAN_POINT('',(-2.45982830055126,-4.74254829876138,6.11038027038843));
#6031=CARTESIAN_POINT('Origin',(-0.459828300552643,-5.20158059522405,6.11038027038843));
#6032=CARTESIAN_POINT('',(-0.174503762903773,-5.56116446221957,6.46628578219945));
#6033=CARTESIAN_POINT('',(-0.0960178652360437,-5.48149596876174,6.56471097904985));
#6034=CARTESIAN_POINT('Ctrl Pts',(-0.174503762903773,-5.56116446221957,
6.46628578219945));
#6035=CARTESIAN_POINT('Ctrl Pts',(-0.174503762723922,-5.56116446207686,
6.47293504111911));
#6036=CARTESIAN_POINT('Ctrl Pts',(-0.173890636208214,-5.56068023457492,
6.47944173393195));
#6037=CARTESIAN_POINT('Ctrl Pts',(-0.172720334488187,-5.55974210209514,
6.48580100539675));
#6038=CARTESIAN_POINT('Ctrl Pts',(-0.172665603973244,-5.55969822924353,
6.48609840408974));
#6039=CARTESIAN_POINT('Ctrl Pts',(-0.172609586987523,-5.55965330773274,
6.48639562839619));
#6040=CARTESIAN_POINT('Ctrl Pts',(-0.172552297513435,-5.55960734487625,
6.48669264668844));
#6041=CARTESIAN_POINT('Ctrl Pts',(-0.171375022772776,-5.55866282739176,
6.49279624841542));
#6042=CARTESIAN_POINT('Ctrl Pts',(-0.169650592108861,-5.5572704478326,6.49883895997447));
#6043=CARTESIAN_POINT('Ctrl Pts',(-0.167507711502505,-5.55550053306667,
6.5045107856782));
#6044=CARTESIAN_POINT('Ctrl Pts',(-0.167316527001588,-5.5553426240025,6.50501681721502));
#6045=CARTESIAN_POINT('Ctrl Pts',(-0.167122098168155,-5.55518178547259,
6.50552012407698));
#6046=CARTESIAN_POINT('Ctrl Pts',(-0.166924481387318,-5.55501803115573,
6.50602068803202));
#6047=CARTESIAN_POINT('Ctrl Pts',(-0.16476573663989,-5.55322919637218,6.5114887955689));
#6048=CARTESIAN_POINT('Ctrl Pts',(-0.16222161661588,-5.55108798635998,6.51664488835008));
#6049=CARTESIAN_POINT('Ctrl Pts',(-0.159342415153308,-5.54859483391309,
6.52150433878102));
#6050=CARTESIAN_POINT('Ctrl Pts',(-0.156146287819115,-5.54582724964106,
6.52689868945547));
#6051=CARTESIAN_POINT('Ctrl Pts',(-0.152554706843074,-5.54263808899849,
6.5318762498792));
#6052=CARTESIAN_POINT('Ctrl Pts',(-0.148760126305153,-5.53914131592211,
6.53631205941165));
#6053=CARTESIAN_POINT('Ctrl Pts',(-0.148332470332471,-5.53874722337979,
6.536811983032));
#6054=CARTESIAN_POINT('Ctrl Pts',(-0.147901538268504,-5.53834860135252,
6.53730595191624));
#6055=CARTESIAN_POINT('Ctrl Pts',(-0.147467499806622,-5.53794552653619,
6.53779389555636));
#6056=CARTESIAN_POINT('Ctrl Pts',(-0.143985034043498,-5.53471149459868,
6.54170886432135));
#6057=CARTESIAN_POINT('Ctrl Pts',(-0.140294067524636,-5.53118254807633,
6.54524575201528));
#6058=CARTESIAN_POINT('Ctrl Pts',(-0.13647676493496,-5.52739409034035,6.54836560042378));
#6059=CARTESIAN_POINT('Ctrl Pts',(-0.136043979035513,-5.52696457472029,
6.54871931259825));
#6060=CARTESIAN_POINT('Ctrl Pts',(-0.135610434819245,-5.52653259697033,
6.5490670402373));
#6061=CARTESIAN_POINT('Ctrl Pts',(-0.135176173888833,-5.5260981591012,6.54940882664934));
#6062=CARTESIAN_POINT('Ctrl Pts',(-0.131242717959729,-5.52216310049363,
6.55250466533698));
#6063=CARTESIAN_POINT('Ctrl Pts',(-0.12724202972518,-5.51801750785705,6.5551199326646));
#6064=CARTESIAN_POINT('Ctrl Pts',(-0.123202803988387,-5.51366059175756,
6.55728399299207));
#6065=CARTESIAN_POINT('Ctrl Pts',(-0.122862782489254,-5.51329382712486,
6.55746616331002));
#6066=CARTESIAN_POINT('Ctrl Pts',(-0.122522399469685,-5.51292538754001,
6.55764506941206));
#6067=CARTESIAN_POINT('Ctrl Pts',(-0.12218171241483,-5.51255533222735,6.55782070226788));
#6068=CARTESIAN_POINT('Ctrl Pts',(-0.117793893270771,-5.50778926975997,
6.56008273481684));
#6069=CARTESIAN_POINT('Ctrl Pts',(-0.113326814080142,-5.50272221137851,
6.56180983056402));
#6070=CARTESIAN_POINT('Ctrl Pts',(-0.108944597002179,-5.49752706793763,
6.56296265080859));
#6071=CARTESIAN_POINT('Ctrl Pts',(-0.105320723686036,-5.49323094536907,
6.56391597522138));
#6072=CARTESIAN_POINT('Ctrl Pts',(-0.101743792617634,-5.48883698485204,
6.56448622932622));
#6073=CARTESIAN_POINT('Ctrl Pts',(-0.098221613389173,-5.48433595383497,
6.56465711990332));
#6074=CARTESIAN_POINT('Ctrl Pts',(-0.0974845504697782,-5.48339405314039,
6.56469288103286));
#6075=CARTESIAN_POINT('Ctrl Pts',(-0.0967499190553805,-5.48244743068154,
6.56471097902191));
#6076=CARTESIAN_POINT('Ctrl Pts',(-0.0960178652360516,-5.48149596876175,
6.56471097904985));
#6077=CARTESIAN_POINT('Origin',(-0.459828300552643,-5.20158059522405,6.56471097904985));
#6078=CARTESIAN_POINT('',(-0.097274327421056,-5.48312147281468,6.94030153023095));
#6079=CARTESIAN_POINT('Origin',(-0.459828300552643,-5.20158059522405,6.94030153023095));
#6080=CARTESIAN_POINT('',(-0.0972743274210618,-5.48312147281468,6.71392357747504));
#6081=CARTESIAN_POINT('',(-0.0972743274210618,-5.48312147281468,6.11038027038843));
#6082=CARTESIAN_POINT('Ctrl Pts',(-0.0972743274210618,-5.48312147281468,
6.71392357747504));
#6083=CARTESIAN_POINT('Ctrl Pts',(-0.0973110560258644,-5.48316877003742,
6.71385903114311));
#6084=CARTESIAN_POINT('Ctrl Pts',(-0.0973477939433053,-5.48321606014683,
6.7137944847105));
#6085=CARTESIAN_POINT('Ctrl Pts',(-0.106470623962409,-5.49495448869114,
6.69777031176295));
#6086=CARTESIAN_POINT('Ctrl Pts',(-0.119117044611756,-5.51021036340584,
6.67569468094108));
#6087=CARTESIAN_POINT('Ctrl Pts',(-0.148071388930542,-5.53887205953938,
6.64877576679948));
#6088=CARTESIAN_POINT('Ctrl Pts',(-0.158680326895134,-5.54824478621422,
6.64295924024463));
#6089=CARTESIAN_POINT('Ctrl Pts',(-0.176344168621324,-5.56276681182759,
6.63669782440174));
#6090=CARTESIAN_POINT('Ctrl Pts',(-0.184802136585157,-5.56925659104251,
6.63518341999473));
#6091=CARTESIAN_POINT('Ctrl Pts',(-0.193513059118873,-5.57546138019176,
6.63518341999473));
#6092=CARTESIAN_POINT('',(-0.459828300552643,-5.66061289166929,6.11038027038843));
#6093=CARTESIAN_POINT('',(-0.061723084533853,-5.4301038679265,6.21038027038843));
#6094=CARTESIAN_POINT('',(-0.061723084533853,-5.4301038679265,7.92617884604941));
#6095=CARTESIAN_POINT('',(-0.0960178652360437,-5.48149596876174,6.21038027038843));
#6096=CARTESIAN_POINT('Origin',(-0.459828300552643,-5.20158059522405,6.21038027038843));
#6097=CARTESIAN_POINT('',(-0.174503762903773,-5.56116446221957,6.30880546723882));
#6098=CARTESIAN_POINT('Ctrl Pts',(-0.0960178652360437,-5.48149596876174,
6.21038027038843));
#6099=CARTESIAN_POINT('Ctrl Pts',(-0.100249296868965,-5.48699562733686,
6.21038027058721));
#6100=CARTESIAN_POINT('Ctrl Pts',(-0.104546840835282,-5.49232348228224,
6.21096450073316));
#6101=CARTESIAN_POINT('Ctrl Pts',(-0.108903681944263,-5.49749031478491,
6.21210717723589));
#6102=CARTESIAN_POINT('Ctrl Pts',(-0.109084422039181,-5.49770465672982,
6.21215458026354));
#6103=CARTESIAN_POINT('Ctrl Pts',(-0.10926524685783,-5.49791870109249,6.21220294132441));
#6104=CARTESIAN_POINT('Ctrl Pts',(-0.109446158067645,-5.49813245142313,
6.21225225873441));
#6105=CARTESIAN_POINT('Ctrl Pts',(-0.113626212787123,-5.5030712724023,6.21339176508473));
#6106=CARTESIAN_POINT('Ctrl Pts',(-0.117893200720788,-5.50789694118903,
6.21506328293988));
#6107=CARTESIAN_POINT('Ctrl Pts',(-0.122127283104383,-5.51249637757527,
6.21724189043715));
#6108=CARTESIAN_POINT('Ctrl Pts',(-0.12246893935026,-5.51286751493787,6.21741768646362));
#6109=CARTESIAN_POINT('Ctrl Pts',(-0.122810301879363,-5.51323708787383,
6.21759675414344));
#6110=CARTESIAN_POINT('Ctrl Pts',(-0.123151297317516,-5.51360502484012,
6.21777907803009));
#6111=CARTESIAN_POINT('Ctrl Pts',(-0.12721909007414,-5.5179942076822,6.21995405077887));
#6112=CARTESIAN_POINT('Ctrl Pts',(-0.131215518747339,-5.52213477938879,
6.22256956575207));
#6113=CARTESIAN_POINT('Ctrl Pts',(-0.135128132893593,-5.52605009978904,
6.22564463658459));
#6114=CARTESIAN_POINT('Ctrl Pts',(-0.135560152003294,-5.52648241771519,
6.22598417667561));
#6115=CARTESIAN_POINT('Ctrl Pts',(-0.135991152423692,-5.5269119919826,6.22632934875614));
#6116=CARTESIAN_POINT('Ctrl Pts',(-0.136421092978652,-5.52733882961803,
6.22668016899499));
#6117=CARTESIAN_POINT('Ctrl Pts',(-0.140211351055939,-5.53110173306297,
6.2297729203734));
#6118=CARTESIAN_POINT('Ctrl Pts',(-0.14394146440408,-5.53466985022692,6.23333996647026));
#6119=CARTESIAN_POINT('Ctrl Pts',(-0.147434262966369,-5.53791456392154,
6.23726151635539));
#6120=CARTESIAN_POINT('Ctrl Pts',(-0.147870746443867,-5.53832004505412,
6.23775157946682));
#6121=CARTESIAN_POINT('Ctrl Pts',(-0.148303761481917,-5.53872070168216,
6.23824740546634));
#6122=CARTESIAN_POINT('Ctrl Pts',(-0.148732932994601,-5.53911625475894,
6.23874875805845));
#6123=CARTESIAN_POINT('Ctrl Pts',(-0.152127610430487,-5.54224501578979,
6.24271437618912));
#6124=CARTESIAN_POINT('Ctrl Pts',(-0.155314214403499,-5.54508743114819,
6.2470444379421));
#6125=CARTESIAN_POINT('Ctrl Pts',(-0.158237354858601,-5.54763487730554,
6.25176249802732));
#6126=CARTESIAN_POINT('Ctrl Pts',(-0.158585226410862,-5.54793803894374,
6.25232397596884));
#6127=CARTESIAN_POINT('Ctrl Pts',(-0.158929485390018,-5.54823713301746,
6.25289114778503));
#6128=CARTESIAN_POINT('Ctrl Pts',(-0.159270009469572,-5.54853212331839,
6.25346402080513));
#6129=CARTESIAN_POINT('Ctrl Pts',(-0.162152637566724,-5.55102929570915,
6.25831354529687));
#6130=CARTESIAN_POINT('Ctrl Pts',(-0.164742222277613,-5.55320923819866,
6.26355740681828));
#6131=CARTESIAN_POINT('Ctrl Pts',(-0.166895425505424,-5.55499392751008,
6.26899786974214));
#6132=CARTESIAN_POINT('Ctrl Pts',(-0.16709447500594,-5.55515891031868,6.26950080481747));
#6133=CARTESIAN_POINT('Ctrl Pts',(-0.167289808866679,-5.55532053047238,
6.27000536965164));
#6134=CARTESIAN_POINT('Ctrl Pts',(-0.167481353782376,-5.55547876121887,
6.27051149152153));
#6135=CARTESIAN_POINT('Ctrl Pts',(-0.169358980774138,-5.55702982468333,
6.27547277217242));
#6136=CARTESIAN_POINT('Ctrl Pts',(-0.170900852750015,-5.55828346474087,
6.28066281191304));
#6137=CARTESIAN_POINT('Ctrl Pts',(-0.172064747699147,-5.55922109037642,
6.28606934973183));
#6138=CARTESIAN_POINT('Ctrl Pts',(-0.172218240363041,-5.55934474299356,
6.28678235556872));
#6139=CARTESIAN_POINT('Ctrl Pts',(-0.172365101239986,-5.55946285328157,
6.287499133586));
#6140=CARTESIAN_POINT('Ctrl Pts',(-0.172505178466926,-5.55957533547903,
6.28821965809567));
#6141=CARTESIAN_POINT('Ctrl Pts',(-0.173608071916656,-5.56046096036968,
6.29389268417881));
#6142=CARTESIAN_POINT('Ctrl Pts',(-0.174268652507392,-5.56098026992168,
6.29966473863964));
#6143=CARTESIAN_POINT('Ctrl Pts',(-0.174451818641791,-5.56112381430761,
6.30550120134281));
#6144=CARTESIAN_POINT('Ctrl Pts',(-0.174486314576087,-5.5611508482226,6.30660039052747));
#6145=CARTESIAN_POINT('Ctrl Pts',(-0.174503762885219,-5.56116446220485,
6.30770188483634));
#6146=CARTESIAN_POINT('Ctrl Pts',(-0.174503762903773,-5.56116446221957,
6.30880546723882));
#6147=CARTESIAN_POINT('',(-0.174503762903773,-5.56116446221957,6.11038027038843));
#6148=CARTESIAN_POINT('Origin',(-1.4598283005616,-5.20158059521554,6.11038027038843));
#6149=CARTESIAN_POINT('',(-0.459828300552643,-5.46376249798615,6.11038027038843));
#6150=CARTESIAN_POINT('Origin',(-0.459828300552643,-5.20158059522405,6.11038027038843));
#6151=CARTESIAN_POINT('',(-0.247970520443588,-4.59583945062321,6.11038027038843));
#6152=CARTESIAN_POINT('',(-1.0248042277895,-5.55420368940234,6.11038027038843));
#6153=CARTESIAN_POINT('',(-0.198405744019633,-5.06961484020628,6.11038027038843));
#6154=CARTESIAN_POINT('',(-0.212921448508597,-4.12819610825222,6.11038027038843));
#6155=CARTESIAN_POINT('',(-2.26550134992835,-6.6604229621541,6.11038027038843));
#6156=CARTESIAN_POINT('',(-0.667754912681165,-3.7595158592393,6.11038027038843));
#6157=CARTESIAN_POINT('',(-0.667754912681165,-3.7595158592393,6.11038027038843));
#6158=CARTESIAN_POINT('',(-0.791710650912006,-3.91243757927868,6.11038027038843));
#6159=CARTESIAN_POINT('',(-2.72033481410092,-6.29174271314119,6.11038027038843));
#6160=CARTESIAN_POINT('',(-0.852879338927758,-3.86285528398635,6.11038027038843));
#6161=CARTESIAN_POINT('',(-0.564293918836102,-4.09677770377673,6.11038027038843));
#6162=CARTESIAN_POINT('',(-1.11566155959776,-3.89034666978239,6.11038027038843));
#6163=CARTESIAN_POINT('',(-1.5917940555689,-3.94015803869236,6.11038027038843));
#6164=CARTESIAN_POINT('',(-1.89355052388628,-4.85001275798818,6.11038027038843));
#6165=CARTESIAN_POINT('',(-1.89355052388628,-4.85001275798818,6.11038027038843));
#6166=CARTESIAN_POINT('',(-1.90315579362795,-4.86220522034292,6.11038027038843));
#6167=CARTESIAN_POINT('Origin',(-1.4598283005616,-5.20158059521554,6.11038027038843));
#6168=CARTESIAN_POINT('',(-2.05946413831174,-4.93939869246217,6.11038027038843));
#6169=CARTESIAN_POINT('Origin',(-2.05946413831174,-4.74254829876138,6.11038027038843));
#6170=CARTESIAN_POINT('',(-1.4598283005616,-4.93939869246217,6.11038027038843));
#6171=CARTESIAN_POINT('',(-2.06157325448829,-5.4637624979685,6.11038027038843));
#6172=CARTESIAN_POINT('',(-1.4598283005616,-5.4637624979685,6.11038027038843));
#6173=CARTESIAN_POINT('',(-1.90506244259554,-5.54122091848504,6.11038027038843));
#6174=CARTESIAN_POINT('Origin',(-2.06157325448829,-5.66061289166929,6.11038027038843));
#6175=CARTESIAN_POINT('',(-1.02480422780461,-5.55420368939009,6.11038027038843));
#6176=CARTESIAN_POINT('Origin',(-1.4598283005616,-5.20158059521554,6.11038027038843));
#6177=CARTESIAN_POINT('',(-1.01058130496905,-5.53665715338421,6.11038027038843));
#6178=CARTESIAN_POINT('',(-1.02480422780461,-5.55420368939008,6.11038027038843));
#6179=CARTESIAN_POINT('',(-0.857659584893992,-5.46376249791427,6.11038027038843));
#6180=CARTESIAN_POINT('Origin',(-0.857659584929672,-5.66061289161506,6.11038027038843));
#6181=CARTESIAN_POINT('',(-1.45982830060913,-5.46376249780512,6.11038027038843));
#6182=CARTESIAN_POINT('',(-2.45982830055126,-4.99882468969428,6.11038027038843));
#6183=CARTESIAN_POINT('',(-2.45982830055126,-5.4043365007368,6.11038027038843));
#6184=CARTESIAN_POINT('Origin',(-2.45982830055126,-5.20158059522498,6.11038027038843));
#6185=CARTESIAN_POINT('',(-2.45982830055126,-4.99882468969428,6.11038027038843));
#6186=CARTESIAN_POINT('',(-2.45982830055126,-5.4043365007368,6.11038027038843));
#6187=CARTESIAN_POINT('',(-0.558440481686317,-4.99882468969379,6.11038027038843));
#6188=CARTESIAN_POINT('',(-0.558440481686317,-5.40433650073729,6.11038027038843));
#6189=CARTESIAN_POINT('Origin',(-0.558440481686317,-5.2015805952245,6.11038027038843));
#6190=CARTESIAN_POINT('',(-0.558440481686317,-4.99882468969379,6.11038027038843));
#6191=CARTESIAN_POINT('',(-0.558440481686317,-5.40433650073729,6.11038027038843));
#6192=CARTESIAN_POINT('Origin',(-2.04647224392566,-4.72605701975734,6.11038027038843));
#6193=CARTESIAN_POINT('',(-1.8825782998537,-4.52386433235751,6.63518341999473));
#6194=CARTESIAN_POINT('',(-1.21723913172796,-3.70304868112982,6.11038027038843));
#6195=CARTESIAN_POINT('Origin',(-1.4598283005616,-4.74254829876735,6.11038027038843));
#6196=CARTESIAN_POINT('',(-2.34134345997183,-4.74254829876735,6.03164011290811));
#6197=CARTESIAN_POINT('Origin',(-2.45982830055126,-5.20158059522498,6.11038027038843));
#6198=CARTESIAN_POINT('',(-2.78651789551083,-5.52404696206314,7.92617884604941));
#6199=CARTESIAN_POINT('',(-2.45982830055126,-5.66061289168859,6.11038027038843));
#6200=CARTESIAN_POINT('Origin',(-1.45982830047177,-5.66061289149288,6.11038027038843));
#6201=CARTESIAN_POINT('',(-2.30471825650083,-5.66061289165823,6.63518341999473));
#6202=CARTESIAN_POINT('Origin',(-1.4598283005616,-5.20158059521554,6.11038027038843));
#6203=CARTESIAN_POINT('',(-0.985246952663047,-5.79113990774535,6.11038027038843));
#6204=CARTESIAN_POINT('',(-1.93440964846788,-5.79113990773914,6.11038027038843));
#6205=CARTESIAN_POINT('Origin',(-1.4598283005616,-5.66061289166929,6.11038027038843));
#6206=CARTESIAN_POINT('',(-0.61493834475169,-5.66061289166929,6.11038027038843));
#6207=CARTESIAN_POINT('Origin',(-0.440338180605262,-3.94385598373735,6.11038027038843));
#6208=CARTESIAN_POINT('',(-0.728923600696917,-3.70993356394697,6.18912042786874));
#6209=CARTESIAN_POINT('',(-0.728923600696917,-3.70993356394697,6.18912042786874));
#6210=CARTESIAN_POINT('Origin',(-0.667754912681165,-3.7595158592393,6.18912042786874));
#6211=CARTESIAN_POINT('',(-0.151752760492845,-4.17777840354455,6.18912042786874));
#6212=CARTESIAN_POINT('Origin',(-0.212921448508597,-4.12819610825222,6.18912042786874));
#6213=CARTESIAN_POINT('',(-0.151752760492845,-4.17777840354455,6.18912042786874));
#6214=CARTESIAN_POINT('',(-0.0884105100711132,-4.22912255145374,6.11038027038843));
#6215=CARTESIAN_POINT('',(-0.79226585111865,-3.65858941603778,6.11038027038843));
#6216=CARTESIAN_POINT('Origin',(-1.61227609772944,-3.7443761103918,6.11038027038843));
#6217=CARTESIAN_POINT('Origin',(-1.0248042277895,-5.55420368940234,6.63518341999473));
#6218=CARTESIAN_POINT('Ctrl Pts',(-0.339512371435743,-4.70877280497296,
6.63525556749126));
#6219=CARTESIAN_POINT('Ctrl Pts',(-0.329342074611389,-4.69622591278476,
6.63571306897312));
#6220=CARTESIAN_POINT('Ctrl Pts',(-0.317865138515498,-4.68206704580841,
6.6387621470149));
#6221=CARTESIAN_POINT('Ctrl Pts',(-0.297186880531107,-4.65655669168102,
6.64783249352633));
#6222=CARTESIAN_POINT('Ctrl Pts',(-0.284307785157487,-4.64066800879151,
6.65621425205042));
#6223=CARTESIAN_POINT('Ctrl Pts',(-0.26690000143144,-4.6191923734764,6.6723251880758));
#6224=CARTESIAN_POINT('Ctrl Pts',(-0.258537915326674,-4.6088762347602,6.6817642755189));
#6225=CARTESIAN_POINT('Ctrl Pts',(-0.251702001032462,-4.60044290374356,
6.69573919018955));
#6226=CARTESIAN_POINT('Ctrl Pts',(-0.250080468250712,-4.59844245111729,
6.69995818454434));
#6227=CARTESIAN_POINT('Ctrl Pts',(-0.248451173530834,-4.59643242274288,
6.70685506522819));
#6228=CARTESIAN_POINT('Ctrl Pts',(-0.247970520443589,-4.59583945062321,
6.7106763029029));
#6229=CARTESIAN_POINT('Ctrl Pts',(-0.247970520443589,-4.59583945062321,
6.71392357747504));
#6230=CARTESIAN_POINT('',(-0.247970520443588,-4.59583945062321,6.63518341999473));
#6231=CARTESIAN_POINT('Origin',(-0.198405744019633,-5.06961484020628,6.63518341999473));
#6232=CARTESIAN_POINT('Ctrl Pts',(-0.247970520443589,-4.59583945062321,
6.79266373495536));
#6233=CARTESIAN_POINT('Ctrl Pts',(-0.247970520447644,-4.59583945058444,
6.78548588120012));
#6234=CARTESIAN_POINT('Ctrl Pts',(-0.248125513897225,-4.59435791294308,
6.77700224372218));
#6235=CARTESIAN_POINT('Ctrl Pts',(-0.248644308035269,-4.5893989095419,6.76196362770484));
#6236=CARTESIAN_POINT('Ctrl Pts',(-0.249148952786055,-4.5845751560489,6.75276500350565));
#6237=CARTESIAN_POINT('Ctrl Pts',(-0.251095764181432,-4.56596614792183,
6.72493269913744));
#6238=CARTESIAN_POINT('Ctrl Pts',(-0.253423435054296,-4.54371661399517,
6.70517711277888));
#6239=CARTESIAN_POINT('Ctrl Pts',(-0.256811864987023,-4.51132759043293,
6.68252536035493));
#6240=CARTESIAN_POINT('Ctrl Pts',(-0.258263574601017,-4.49745111730918,
6.67420218444999));
#6241=CARTESIAN_POINT('Ctrl Pts',(-0.261283072747901,-4.46858860618538,
6.659804602034));
#6242=CARTESIAN_POINT('Ctrl Pts',(-0.262851273036761,-4.45359863232887,
6.65373817337786));
#6243=CARTESIAN_POINT('Ctrl Pts',(-0.265664160111374,-4.42671105680086,
6.6449833136528));
#6244=CARTESIAN_POINT('Ctrl Pts',(-0.26717246857971,-4.41229357156729,6.64129225314516));
#6245=CARTESIAN_POINT('Ctrl Pts',(-0.27023010783889,-4.38306648056154,6.63638528859397));
#6246=CARTESIAN_POINT('Ctrl Pts',(-0.271779682302761,-4.36825454558924,
6.63518341999473));
#6247=CARTESIAN_POINT('Ctrl Pts',(-0.273196684904568,-4.35470982677585,
6.63518341999473));
#6248=CARTESIAN_POINT('',(-0.275708498723686,-4.33070012358393,6.63518341999473));
#6249=CARTESIAN_POINT('Origin',(-0.564293918836102,-4.09677770377673,6.63518341999473));
#6250=CARTESIAN_POINT('',(-0.852879338927758,-3.86285528398635,6.18912042786874));
#6251=CARTESIAN_POINT('Origin',(-0.791710650912006,-3.91243757927868,6.18912042786874));
#6252=CARTESIAN_POINT('',(-0.852879338927758,-3.86285528398635,6.63518341999473));
#6253=CARTESIAN_POINT('Origin',(-1.5917940555689,-3.94015803869236,6.63518341999473));
#6254=CARTESIAN_POINT('',(-0.852879338927758,-3.86285528398635,6.63518341999473));
#6255=CARTESIAN_POINT('',(-1.11566155959776,-3.89034666978239,6.63518341999473));
#6256=CARTESIAN_POINT('Origin',(-1.89355052388628,-4.85001275798818,6.63518341999473));
#6257=CARTESIAN_POINT('',(-1.89355052388628,-4.85001275798818,6.63518341999473));
#6258=CARTESIAN_POINT('Origin',(-1.4598283005616,-5.20158059521554,6.63518341999473));
#6259=CARTESIAN_POINT('',(-1.90315579362795,-4.86220522034292,6.63518341999473));
#6260=CARTESIAN_POINT('Origin',(-1.4598283005616,-4.93939869246217,6.63518341999473));
#6261=CARTESIAN_POINT('',(-2.05946413831174,-4.93939869246217,6.63518341999473));
#6262=CARTESIAN_POINT('Origin',(-1.4598283005616,-5.4637624979685,6.63518341999473));
#6263=CARTESIAN_POINT('',(-2.06157325448829,-5.4637624979685,6.63518341999473));
#6264=CARTESIAN_POINT('Origin',(-1.4598283005616,-5.20158059521554,6.63518341999473));
#6265=CARTESIAN_POINT('',(-1.90506244259554,-5.54122091848504,6.63518341999473));
#6266=CARTESIAN_POINT('',(-1.02480422780461,-5.55420368939009,6.63518341999473));
#6267=CARTESIAN_POINT('Origin',(-1.02480422780461,-5.55420368939008,6.63518341999473));
#6268=CARTESIAN_POINT('',(-1.01058130496905,-5.53665715338421,6.11038027038843));
#6269=CARTESIAN_POINT('Origin',(-1.45982830060912,-5.46376249780512,6.63518341999473));
#6270=CARTESIAN_POINT('',(-0.857659584893992,-5.46376249791427,6.63518341999473));
#6271=CARTESIAN_POINT('',(-0.459828300552643,-5.46376249798615,6.63518341999473));
#6272=CARTESIAN_POINT('Origin',(-0.459828300552643,-5.20158059522405,6.63518341999473));
#6273=CARTESIAN_POINT('',(-0.214619123735048,-5.10878075826086,6.21038027038843));
#6274=CARTESIAN_POINT('',(-0.251316909552908,-5.04263925397102,6.21038027038843));
#6275=CARTESIAN_POINT('Origin',(-0.459828300552643,-5.20158059522405,6.21038027038843));
#6276=CARTESIAN_POINT('Ctrl Pts',(-0.251316909552908,-5.04263925397102,
6.21038027038843));
#6277=CARTESIAN_POINT('Ctrl Pts',(-0.255871190567641,-5.03666460029124,
6.21038027049));
#6278=CARTESIAN_POINT('Ctrl Pts',(-0.260548909393262,-5.03105854218248,
6.21144662500768));
#6279=CARTESIAN_POINT('Ctrl Pts',(-0.265323259573021,-5.02577633141974,
6.21356370287492));
#6280=CARTESIAN_POINT('Ctrl Pts',(-0.265515203508804,-5.0255639698867,6.21364881608256));
#6281=CARTESIAN_POINT('Ctrl Pts',(-0.265707247916472,-5.02535221634354,
6.21373566100228));
#6282=CARTESIAN_POINT('Ctrl Pts',(-0.265899373368447,-5.02514108176316,
6.21382422511974));
#6283=CARTESIAN_POINT('Ctrl Pts',(-0.268244589641245,-5.02256382690919,
6.21490530004914));
#6284=CARTESIAN_POINT('Ctrl Pts',(-0.270620596528533,-5.02005978553525,
6.21625630734785));
#6285=CARTESIAN_POINT('Ctrl Pts',(-0.272933018985872,-5.01770916767544,
6.21781472722773));
#6286=CARTESIAN_POINT('Ctrl Pts',(-0.273071336454975,-5.01756856554966,
6.21790794405881));
#6287=CARTESIAN_POINT('Ctrl Pts',(-0.273209427899476,-5.01742850574224,
6.21800188913299));
#6288=CARTESIAN_POINT('Ctrl Pts',(-0.27334727392084,-5.01728900276473,6.21809654394992));
#6289=CARTESIAN_POINT('Ctrl Pts',(-0.275499410270886,-5.01511099700241,
6.21957435281365));
#6290=CARTESIAN_POINT('Ctrl Pts',(-0.277614042736853,-5.01304583111548,
6.22124088829818));
#6291=CARTESIAN_POINT('Ctrl Pts',(-0.279674485616785,-5.01109712322452,
6.22307919536572));
#6292=CARTESIAN_POINT('Ctrl Pts',(-0.279952369630483,-5.01083430847943,
6.22332712077599));
#6293=CARTESIAN_POINT('Ctrl Pts',(-0.280229686853127,-5.01057321644814,
6.22357859292121));
#6294=CARTESIAN_POINT('Ctrl Pts',(-0.280506384905185,-5.01031385524488,
6.22383354446743));
#6295=CARTESIAN_POINT('Ctrl Pts',(-0.284405382817478,-5.00665915373001,
6.22742610877743));
#6296=CARTESIAN_POINT('Ctrl Pts',(-0.288164180571153,-5.00336354383671,
6.23170186593379));
#6297=CARTESIAN_POINT('Ctrl Pts',(-0.291571690224132,-5.00051104666535,
6.23640251567679));
#6298=CARTESIAN_POINT('Ctrl Pts',(-0.29203926564509,-5.00011962955975,6.23704753462205));
#6299=CARTESIAN_POINT('Ctrl Pts',(-0.292500292007151,-4.99973651142246,
6.23770057179762));
#6300=CARTESIAN_POINT('Ctrl Pts',(-0.292954289713659,-4.99936186552137,
6.23836098047952));
#6301=CARTESIAN_POINT('Ctrl Pts',(-0.293143248343761,-4.99920593394896,
6.23863584953293));
#6302=CARTESIAN_POINT('Ctrl Pts',(-0.293331145018453,-4.99905132199058,
6.23891213574378));
#6303=CARTESIAN_POINT('Ctrl Pts',(-0.293517965132847,-4.99889802411279,
6.23918981422896));
#6304=CARTESIAN_POINT('Ctrl Pts',(-0.296535415840033,-4.99642201240898,
6.24367477637669));
#6305=CARTESIAN_POINT('Ctrl Pts',(-0.299293842451299,-4.99427080721909,
6.24856152643628));
#6306=CARTESIAN_POINT('Ctrl Pts',(-0.301714101266244,-4.9924411897424,6.25371736821766));
#6307=CARTESIAN_POINT('Ctrl Pts',(-0.302427433837153,-4.99190193925796,
6.25523697010916));
#6308=CARTESIAN_POINT('Ctrl Pts',(-0.303111623957165,-4.99139045477414,
6.25677975905297));
#6309=CARTESIAN_POINT('Ctrl Pts',(-0.303765279902346,-4.99090624054017,
6.25834191383121));
#6310=CARTESIAN_POINT('Origin',(-0.459828300552643,-5.20158059522405,6.63518341999473));
#6311=CARTESIAN_POINT('',(-0.251316909552908,-5.04263925397102,6.56471097904985));
#6312=CARTESIAN_POINT('Ctrl Pts',(-0.303765279902355,-4.99090624054018,
6.51674933560706));
#6313=CARTESIAN_POINT('Ctrl Pts',(-0.301396828250631,-4.9926607384694,6.52240963456411));
#6314=CARTESIAN_POINT('Ctrl Pts',(-0.298594843482916,-4.99479861650947,
6.52785747221998));
#6315=CARTESIAN_POINT('Ctrl Pts',(-0.295480743547099,-4.99730353064247,
6.53286459463923));
#6316=CARTESIAN_POINT('Ctrl Pts',(-0.294840627127122,-4.99781842634274,
6.53389382984152));
#6317=CARTESIAN_POINT('Ctrl Pts',(-0.294187352218671,-4.99834885546354,
6.53490427480504));
#6318=CARTESIAN_POINT('Ctrl Pts',(-0.293522035381074,-4.99889471023562,
6.53589365903039));
#6319=CARTESIAN_POINT('Ctrl Pts',(-0.29333447751292,-4.99904859084044,6.53617257395574));
#6320=CARTESIAN_POINT('Ctrl Pts',(-0.293145971957627,-4.99920368992864,
6.53644981613995));
#6321=CARTESIAN_POINT('Ctrl Pts',(-0.292956544944764,-4.99936000446489,
6.53672533151104));
#6322=CARTESIAN_POINT('Ctrl Pts',(-0.289612543545115,-5.00211946321419,
6.54158907175929));
#6323=CARTESIAN_POINT('Ctrl Pts',(-0.28592220476192,-5.00530461058935,6.5460219697572));
#6324=CARTESIAN_POINT('Ctrl Pts',(-0.281994113496694,-5.00892996941326,
6.54984865199852));
#6325=CARTESIAN_POINT('Ctrl Pts',(-0.281515469122872,-5.00937172534177,
6.55031493951619));
#6326=CARTESIAN_POINT('Ctrl Pts',(-0.281033324691783,-5.00982002138407,
6.55077216952371));
#6327=CARTESIAN_POINT('Ctrl Pts',(-0.280547903554498,-5.01027488655528,
6.55121997604207));
#6328=CARTESIAN_POINT('Ctrl Pts',(-0.280267734973529,-5.01053741927123,
6.55147843474353));
#6329=CARTESIAN_POINT('Ctrl Pts',(-0.279986669986806,-5.0108019575921,6.55173358603464));
#6330=CARTESIAN_POINT('Ctrl Pts',(-0.279704752646132,-5.01106850209685,
6.55198537628492));
#6331=CARTESIAN_POINT('Ctrl Pts',(-0.275262574459389,-5.01526845014531,
6.55595284119758));
#6332=CARTESIAN_POINT('Ctrl Pts',(-0.270688817011275,-5.01988294209783,
6.55904516095759));
#6333=CARTESIAN_POINT('Ctrl Pts',(-0.266004668632438,-5.02502535540578,
6.56121828762213));
#6334=CARTESIAN_POINT('Ctrl Pts',(-0.265805093452786,-5.02524445565128,
6.56131087694881));
#6335=CARTESIAN_POINT('Ctrl Pts',(-0.265605410371963,-5.02546441836572,
6.56140174462162));
#6336=CARTESIAN_POINT('Ctrl Pts',(-0.265405621580638,-5.02568525122723,
6.56149088996252));
#6337=CARTESIAN_POINT('Ctrl Pts',(-0.260618656538949,-5.03097643488716,
6.56362682375392));
#6338=CARTESIAN_POINT('Ctrl Pts',(-0.255861692601424,-5.03667706044876,
6.56471097901387));
#6339=CARTESIAN_POINT('Ctrl Pts',(-0.251316909552908,-5.04263925397102,
6.56471097904985));
#6340=CARTESIAN_POINT('',(-0.214619123735048,-5.10878075826086,6.56471097904985));
#6341=CARTESIAN_POINT('Origin',(-0.459828300552643,-5.20158059522405,6.56471097904985));
#6342=CARTESIAN_POINT('',(-0.214619123731609,-5.29438043217815,6.56471097904985));
#6343=CARTESIAN_POINT('Ctrl Pts',(-0.214619123735049,-5.10878075826086,
6.56471097904985));
#6344=CARTESIAN_POINT('Ctrl Pts',(-0.211753502059904,-5.11635271910721,
6.56471097849067));
#6345=CARTESIAN_POINT('Ctrl Pts',(-0.209294987993313,-5.12390066228842,
6.56390067755285));
#6346=CARTESIAN_POINT('Ctrl Pts',(-0.20719352150858,-5.13147340191755,6.56267244771488));
#6347=CARTESIAN_POINT('Ctrl Pts',(-0.205084673713009,-5.13907274046962,
6.56143990377232));
#6348=CARTESIAN_POINT('Ctrl Pts',(-0.203335676939861,-5.14669638935568,
6.55977844813195));
#6349=CARTESIAN_POINT('Ctrl Pts',(-0.201925810663927,-5.15440373812496,
6.55809922477549));
#6350=CARTESIAN_POINT('Ctrl Pts',(-0.200518411768816,-5.1620975984061,6.55642294019668));
#6351=CARTESIAN_POINT('Ctrl Pts',(-0.199448527169589,-5.16990344870919,
6.55473114836332));
#6352=CARTESIAN_POINT('Ctrl Pts',(-0.198733731628151,-5.17772737354516,
6.55350608103859));
#6353=CARTESIAN_POINT('Ctrl Pts',(-0.198018936086714,-5.18555129838114,
6.55228101371386));
#6354=CARTESIAN_POINT('Ctrl Pts',(-0.197654025879118,-5.19341470153937,
6.55153928261254));
#6355=CARTESIAN_POINT('Ctrl Pts',(-0.197646515946644,-5.20133163866204,
6.5515246080113));
#6356=CARTESIAN_POINT('Ctrl Pts',(-0.197639006014169,-5.20924857578472,
6.55150993341005));
#6357=CARTESIAN_POINT('Ctrl Pts',(-0.197996096730166,-5.2172798805261,6.55223888656065));
#6358=CARTESIAN_POINT('Ctrl Pts',(-0.198712432861322,-5.22519952250269,
6.55346945833856));
#6359=CARTESIAN_POINT('Ctrl Pts',(-0.199428768992478,-5.23311916447927,
6.55470003011647));
#6360=CARTESIAN_POINT('Ctrl Pts',(-0.200491909880014,-5.24088983549466,
6.55638519761973));
#6361=CARTESIAN_POINT('Ctrl Pts',(-0.201894781074046,-5.24858750641182,
6.55806219865022));
#6362=CARTESIAN_POINT('Ctrl Pts',(-0.203302574189527,-5.25631218432134,
6.55974508337649));
#6363=CARTESIAN_POINT('Ctrl Pts',(-0.205052821571443,-5.2639637755929,6.56141655869769));
#6364=CARTESIAN_POINT('Ctrl Pts',(-0.207170269102613,-5.27160394332847,
6.56265882615812));
#6365=CARTESIAN_POINT('Ctrl Pts',(-0.209272910608226,-5.2791906880077,6.5638924071961));
#6366=CARTESIAN_POINT('Ctrl Pts',(-0.211737259996583,-5.2867655542067,6.56471097847442));
#6367=CARTESIAN_POINT('Ctrl Pts',(-0.214619123731609,-5.29438043217815,
6.56471097904985));
#6368=CARTESIAN_POINT('',(-0.251316909547016,-5.36052193646935,6.56471097904985));
#6369=CARTESIAN_POINT('Origin',(-0.459828300552643,-5.20158059522405,6.56471097904985));
#6370=CARTESIAN_POINT('',(-0.313703145434203,-5.419265664022,6.46628578219945));
#6371=CARTESIAN_POINT('Ctrl Pts',(-0.251316909547015,-5.36052193646935,
6.56471097904985));
#6372=CARTESIAN_POINT('Ctrl Pts',(-0.254769857104998,-5.3650517768038,6.56471097897283));
#6373=CARTESIAN_POINT('Ctrl Pts',(-0.258299543090052,-5.36937601174058,
6.56409156753924));
#6374=CARTESIAN_POINT('Ctrl Pts',(-0.261878549928194,-5.37349698876798,
6.56287654639349));
#6375=CARTESIAN_POINT('Ctrl Pts',(-0.262140724022785,-5.37379886397242,
6.56278754207379));
#6376=CARTESIAN_POINT('Ctrl Pts',(-0.262403396730592,-5.37409987733629,
6.5626951721903));
#6377=CARTESIAN_POINT('Ctrl Pts',(-0.26266648673589,-5.37439996026941,6.56259947615905));
#6378=CARTESIAN_POINT('Ctrl Pts',(-0.26603395229642,-5.37824092314236,6.56137459842507));
#6379=CARTESIAN_POINT('Ctrl Pts',(-0.269492192228677,-5.38195343950951,
6.55958985831688));
#6380=CARTESIAN_POINT('Ctrl Pts',(-0.272842725247233,-5.38536238095222,
6.55734026075272));
#6381=CARTESIAN_POINT('Ctrl Pts',(-0.273327410419032,-5.3858555154355,6.55701483593947));
#6382=CARTESIAN_POINT('Ctrl Pts',(-0.273809920875702,-5.38634254651936,
6.55668006624797));
#6383=CARTESIAN_POINT('Ctrl Pts',(-0.274290070099351,-5.38682347596775,
6.55633614825326));
#6384=CARTESIAN_POINT('Ctrl Pts',(-0.27746515354049,-5.39000371880211,6.55406192124985));
#6385=CARTESIAN_POINT('Ctrl Pts',(-0.280549430376114,-5.39292997192333,
6.55137835583465));
#6386=CARTESIAN_POINT('Ctrl Pts',(-0.283523569661966,-5.39563211436297,
6.54831345094996));
#6387=CARTESIAN_POINT('Ctrl Pts',(-0.28703805231544,-5.39882518362387,6.54469171235048));
#6388=CARTESIAN_POINT('Ctrl Pts',(-0.290386850391077,-5.40169116267188,
6.54052963134165));
#6389=CARTESIAN_POINT('Ctrl Pts',(-0.293408760175785,-5.40417350425871,
6.53605870739465));
#6390=CARTESIAN_POINT('Ctrl Pts',(-0.293949712701126,-5.40461786859974,
6.53525836662605));
#6391=CARTESIAN_POINT('Ctrl Pts',(-0.294481923003267,-5.40505144741837,
6.53444536559624));
#6392=CARTESIAN_POINT('Ctrl Pts',(-0.29500500060741,-5.40547433426785,6.53362068338989));
#6393=CARTESIAN_POINT('Ctrl Pts',(-0.297963965408279,-5.40786653628997,
6.52895559048369));
#6394=CARTESIAN_POINT('Ctrl Pts',(-0.300646971383869,-5.40993025255883,
6.52388243612145));
#6395=CARTESIAN_POINT('Ctrl Pts',(-0.302979382915248,-5.41167150702017,
6.51856151553471));
#6396=CARTESIAN_POINT('Ctrl Pts',(-0.305021563975612,-5.41319609084013,
6.5139026964971));
#6397=CARTESIAN_POINT('Ctrl Pts',(-0.30678456776824,-5.41446603381215,6.50908104781485));
#6398=CARTESIAN_POINT('Ctrl Pts',(-0.308254166622301,-5.41550729313583,
6.50413211154315));
#6399=CARTESIAN_POINT('Ctrl Pts',(-0.308463022916141,-5.41565527471779,
6.50342877914377));
#6400=CARTESIAN_POINT('Ctrl Pts',(-0.308666162542835,-5.41579884622142,
6.50272178154294));
#6401=CARTESIAN_POINT('Ctrl Pts',(-0.308863594449417,-5.4159380570218,6.50201123795453));
#6402=CARTESIAN_POINT('Ctrl Pts',(-0.310450238518741,-5.41705681231644,
6.49630101720008));
#6403=CARTESIAN_POINT('Ctrl Pts',(-0.31166176746723,-5.41788944893717,6.49035989524257));
#6404=CARTESIAN_POINT('Ctrl Pts',(-0.312472140012111,-5.41843973957678,
6.48438398805594));
#6405=CARTESIAN_POINT('Ctrl Pts',(-0.313181316128205,-5.41892131188694,
6.47915433081307));
#6406=CARTESIAN_POINT('Ctrl Pts',(-0.313590896222952,-5.41919180027311,
6.47388173260935));
#6407=CARTESIAN_POINT('Ctrl Pts',(-0.313683303560698,-5.41925262310414,
6.46856466964812));
#6408=CARTESIAN_POINT('Ctrl Pts',(-0.313696489696498,-5.41926130226457,
6.46780594727846));
#6409=CARTESIAN_POINT('Ctrl Pts',(-0.313703145422355,-5.41926566401405,
6.46704631763459));
#6410=CARTESIAN_POINT('Ctrl Pts',(-0.313703145434203,-5.419265664022,6.46628578219945));
#6411=CARTESIAN_POINT('',(-0.313703145434203,-5.419265664022,6.30880546723882));
#6412=CARTESIAN_POINT('',(-0.313703145434203,-5.419265664022,6.63518341999473));
#6413=CARTESIAN_POINT('',(-0.251316909547016,-5.36052193646935,6.21038027038843));
#6414=CARTESIAN_POINT('Ctrl Pts',(-0.313703145434203,-5.419265664022,6.30880546723882));
#6415=CARTESIAN_POINT('Ctrl Pts',(-0.31370314530434,-5.41926566393483,6.30230540259797));
#6416=CARTESIAN_POINT('Ctrl Pts',(-0.313239362189841,-5.41895642829863,
6.29590036746382));
#6417=CARTESIAN_POINT('Ctrl Pts',(-0.312326385137699,-5.41833514554535,
6.28956875669118));
#6418=CARTESIAN_POINT('Ctrl Pts',(-0.311528806997962,-5.41779239198823,
6.28403745190128));
#6419=CARTESIAN_POINT('Ctrl Pts',(-0.310371001752297,-5.41699943987524,
6.27851028676565));
#6420=CARTESIAN_POINT('Ctrl Pts',(-0.308885075400838,-5.41595296589616,
6.27315430916112));
#6421=CARTESIAN_POINT('Ctrl Pts',(-0.308687767645494,-5.41581401053566,
6.27244311919011));
#6422=CARTESIAN_POINT('Ctrl Pts',(-0.308484666520864,-5.41567057647589,
6.27173493034235));
#6423=CARTESIAN_POINT('Ctrl Pts',(-0.308275838454775,-5.41552264666457,
6.2710301446627));
#6424=CARTESIAN_POINT('Ctrl Pts',(-0.306798207282122,-5.41447592097936,
6.26604320344454));
#6425=CARTESIAN_POINT('Ctrl Pts',(-0.305045927559467,-5.41321306407822,
6.2612342465594));
#6426=CARTESIAN_POINT('Ctrl Pts',(-0.303018928187757,-5.41170009875615,
6.25659789063697));
#6427=CARTESIAN_POINT('Ctrl Pts',(-0.302643976769329,-5.41142023261438,
6.25574026420959));
#6428=CARTESIAN_POINT('Ctrl Pts',(-0.30225951369923,-5.41113171345124,6.25488840480455));
#6429=CARTESIAN_POINT('Ctrl Pts',(-0.301865589945793,-5.41083434595443,
6.25404246666409));
#6430=CARTESIAN_POINT('Ctrl Pts',(-0.29982898593242,-5.40929694225084,6.24966892737666));
#6431=CARTESIAN_POINT('Ctrl Pts',(-0.297523065370941,-5.40750871517494,
6.24544240619027));
#6432=CARTESIAN_POINT('Ctrl Pts',(-0.295039000862548,-5.40550162766329,
6.24152132028743));
#6433=CARTESIAN_POINT('Ctrl Pts',(-0.294514173513059,-5.40507757490002,
6.24069288241291));
#6434=CARTESIAN_POINT('Ctrl Pts',(-0.293980718836956,-5.40464319688265,
6.23987687711079));
#6435=CARTESIAN_POINT('Ctrl Pts',(-0.293439522467326,-5.40419876981134,
6.23907499386234));
#6436=CARTESIAN_POINT('Ctrl Pts',(-0.290923719972166,-5.40213280854912,
6.23534736376268));
#6437=CARTESIAN_POINT('Ctrl Pts',(-0.288224143516505,-5.39983869457718,
6.23188348517848));
#6438=CARTESIAN_POINT('Ctrl Pts',(-0.285353118014158,-5.39727881279273,
6.22872295485223));
#6439=CARTESIAN_POINT('Ctrl Pts',(-0.284778583335814,-5.39676654257554,
6.22809048597555));
#6440=CARTESIAN_POINT('Ctrl Pts',(-0.284196838875935,-5.39624330880496,
6.22746980004498));
#6441=CARTESIAN_POINT('Ctrl Pts',(-0.283608088705225,-5.39570887001609,
6.22686133098908));
#6442=CARTESIAN_POINT('Ctrl Pts',(-0.280621883848434,-5.39299813839109,
6.22377510980335));
#6443=CARTESIAN_POINT('Ctrl Pts',(-0.277499637316059,-5.39003591385082,
6.22105924732095));
#6444=CARTESIAN_POINT('Ctrl Pts',(-0.27433853554519,-5.38687186149538,6.2187897354752));
#6445=CARTESIAN_POINT('Ctrl Pts',(-0.273856772314799,-5.38638964858533,
6.21844385374236));
#6446=CARTESIAN_POINT('Ctrl Pts',(-0.273373686693357,-5.3859023352366,6.21810796356727));
#6447=CARTESIAN_POINT('Ctrl Pts',(-0.272889569694804,-5.38541002986972,
6.21778231198102));
#6448=CARTESIAN_POINT('Ctrl Pts',(-0.269570863402022,-5.38203519088676,
6.21554991367277));
#6449=CARTESIAN_POINT('Ctrl Pts',(-0.266161884923827,-5.3783730276502,6.21378292067682));
#6450=CARTESIAN_POINT('Ctrl Pts',(-0.262751821605503,-5.37448502401222,
6.21253624256644));
#6451=CARTESIAN_POINT('Ctrl Pts',(-0.259879417563069,-5.37121003574243,
6.2114861262168));
#6452=CARTESIAN_POINT('Ctrl Pts',(-0.257054598408265,-5.36783151591463,
6.21081841197531));
#6453=CARTESIAN_POINT('Ctrl Pts',(-0.254286425619737,-5.3643406612513,6.21053454810942));
#6454=CARTESIAN_POINT('Ctrl Pts',(-0.253288883520348,-5.36308269263606,
6.21043225458284));
#6455=CARTESIAN_POINT('Ctrl Pts',(-0.252298768798878,-5.36181001442801,
6.2103802703962));
#6456=CARTESIAN_POINT('Ctrl Pts',(-0.251316909547016,-5.36052193646935,
6.21038027038843));
#6457=CARTESIAN_POINT('',(-0.214619123731609,-5.29438043217815,6.21038027038843));
#6458=CARTESIAN_POINT('Origin',(-0.459828300552643,-5.20158059522405,6.21038027038843));
#6459=CARTESIAN_POINT('Ctrl Pts',(-0.214619123731609,-5.29438043217815,
6.21038027038843));
#6460=CARTESIAN_POINT('Ctrl Pts',(-0.211753502056745,-5.28680847133169,
6.2103802709476));
#6461=CARTESIAN_POINT('Ctrl Pts',(-0.209294987990433,-5.27926052815038,
6.21119057188543));
#6462=CARTESIAN_POINT('Ctrl Pts',(-0.207193521505981,-5.27168778852118,
6.2124188017234));
#6463=CARTESIAN_POINT('Ctrl Pts',(-0.205084673710692,-5.26408844996903,
6.21365134566596));
#6464=CARTESIAN_POINT('Ctrl Pts',(-0.203335676937827,-5.25646480108291,
6.21531280130632));
#6465=CARTESIAN_POINT('Ctrl Pts',(-0.201925810662178,-5.24875745231357,
6.21699202466279));
#6466=CARTESIAN_POINT('Ctrl Pts',(-0.200518411767353,-5.24106359203239,
6.21866830924159));
#6467=CARTESIAN_POINT('Ctrl Pts',(-0.199448527168414,-5.23325774172925,
6.22036010107496));
#6468=CARTESIAN_POINT('Ctrl Pts',(-0.198733731627267,-5.22543381689325,
6.22158516839969));
#6469=CARTESIAN_POINT('Ctrl Pts',(-0.19801893608612,-5.21760989205725,6.22281023572441));
#6470=CARTESIAN_POINT('Ctrl Pts',(-0.197654025878815,-5.209746488899,6.22355196682573));
#6471=CARTESIAN_POINT('Ctrl Pts',(-0.197646515946635,-5.20182955177633,
6.22356664142697));
#6472=CARTESIAN_POINT('Ctrl Pts',(-0.197639006014454,-5.19391261465366,
6.22358131602822));
#6473=CARTESIAN_POINT('Ctrl Pts',(-0.197996096730748,-5.18588130991228,
6.22285236287762));
#6474=CARTESIAN_POINT('Ctrl Pts',(-0.198712432862197,-5.17796166793573,
6.22162179109971));
#6475=CARTESIAN_POINT('Ctrl Pts',(-0.199428768993647,-5.17004202595917,
6.22039121932181));
#6476=CARTESIAN_POINT('Ctrl Pts',(-0.200491909881472,-5.16227135494382,
6.21870605181854));
#6477=CARTESIAN_POINT('Ctrl Pts',(-0.201894781075788,-5.15457368402671,
6.21702905078806));
#6478=CARTESIAN_POINT('Ctrl Pts',(-0.203302574191556,-5.14684900611724,
6.21534616606179));
#6479=CARTESIAN_POINT('Ctrl Pts',(-0.205052821573761,-5.13919741484573,
6.21367469074059));
#6480=CARTESIAN_POINT('Ctrl Pts',(-0.207170269105209,-5.13155724711026,
6.21243242328016));
#6481=CARTESIAN_POINT('Ctrl Pts',(-0.209272910611097,-5.12397050243113,
6.21119884224217));
#6482=CARTESIAN_POINT('Ctrl Pts',(-0.211737259999742,-5.1163956362322,6.21038027096382));
#6483=CARTESIAN_POINT('Ctrl Pts',(-0.214619123735049,-5.10878075826086,
6.21038027038843));
#6484=CARTESIAN_POINT('Origin',(1.38661993733067,-2.4094069308096,7.92617884604941));
#6485=CARTESIAN_POINT('',(0.171882445996167,-4.41227801700685,6.79266373495536));
#6486=CARTESIAN_POINT('Ctrl Pts',(-0.0703645095616286,-4.2436032349964,
6.63518341999473));
#6487=CARTESIAN_POINT('Ctrl Pts',(-0.0667170307086887,-4.24650059115559,
6.63518341999473));
#6488=CARTESIAN_POINT('Ctrl Pts',(-0.0630024388658383,-4.24943351353784,
6.63531497351966));
#6489=CARTESIAN_POINT('Ctrl Pts',(-0.0349170907996543,-4.27146666808011,
6.63731058734521));
#6490=CARTESIAN_POINT('Ctrl Pts',(-0.00386877917430675,-4.29511549937656,
6.64483002736899));
#6491=CARTESIAN_POINT('Ctrl Pts',(0.0815741993362786,-4.35547310197035,
6.69151211246216));
#6492=CARTESIAN_POINT('Ctrl Pts',(0.122306006541268,-4.3814947181965,6.7273211984402));
#6493=CARTESIAN_POINT('Ctrl Pts',(0.150296031295513,-4.39904985191665,6.75496218910849));
#6494=CARTESIAN_POINT('Ctrl Pts',(0.158229377651704,-4.40394376883557,6.76355324240507));
#6495=CARTESIAN_POINT('Ctrl Pts',(0.166602468985936,-4.40906912687451,6.77559559444071));
#6496=CARTESIAN_POINT('Ctrl Pts',(0.168618335020426,-4.41029528455194,6.77930088133298));
#6497=CARTESIAN_POINT('Ctrl Pts',(0.170923433997326,-4.41169640322059,6.78532975860932));
#6498=CARTESIAN_POINT('Ctrl Pts',(0.17161801339477,-4.4121176293121,6.78805790280689));
#6499=CARTESIAN_POINT('Ctrl Pts',(0.171862143649847,-4.41226570411373,6.79150811157925));
#6500=CARTESIAN_POINT('Ctrl Pts',(0.171882445996168,-4.41227801700685,6.79208759602075));
#6501=CARTESIAN_POINT('Ctrl Pts',(0.171882445996168,-4.41227801700685,6.79266373495536));
#6502=CARTESIAN_POINT('',(0.171882445996167,-4.41227801700685,7.92617884604941));
#6503=CARTESIAN_POINT('Origin',(0.0478531254124878,-4.61677877689105,7.92617884604941));
#6504=CARTESIAN_POINT('',(0.171882445996167,-4.41227801700685,6.94030153023095));
#6505=CARTESIAN_POINT('',(0.171882445996167,-4.41227801700685,6.94030153023095));
#6506=CARTESIAN_POINT('',(0.203789872563782,-4.79812806430498,6.94030153023095));
#6507=CARTESIAN_POINT('Origin',(0.0478531254124878,-4.61677877689105,6.94030153023095));
#6508=CARTESIAN_POINT('',(0.203789872563783,-4.79812806430498,7.92617884604941));
#6509=CARTESIAN_POINT('Origin',(0.588818877875621,-5.24590408261097,7.92617884604941));
#6510=CARTESIAN_POINT('',(0.14154464208168,-4.86029228883861,6.46628578219945));
#6511=CARTESIAN_POINT('Ctrl Pts',(0.125417776326009,-4.87983016031658,6.531627827951));
#6512=CARTESIAN_POINT('Ctrl Pts',(0.12760087374877,-4.87706664811621,6.52772998903255));
#6513=CARTESIAN_POINT('Ctrl Pts',(0.129617570192046,-4.87456336126293,6.52354909725048));
#6514=CARTESIAN_POINT('Ctrl Pts',(0.131415329258181,-4.87236175282171,6.51917540562626));
#6515=CARTESIAN_POINT('Ctrl Pts',(0.131676937819537,-4.87204137639984,6.51853894927614));
#6516=CARTESIAN_POINT('Ctrl Pts',(0.131933956634459,-4.8717273240704,6.51789845325475));
#6517=CARTESIAN_POINT('Ctrl Pts',(0.132186272995799,-4.8714196578216,6.51725423772558));
#6518=CARTESIAN_POINT('Ctrl Pts',(0.134141067010458,-4.86903604647558,6.51226324683664));
#6519=CARTESIAN_POINT('Ctrl Pts',(0.135821369248188,-4.86702603247771,6.50703315903718));
#6520=CARTESIAN_POINT('Ctrl Pts',(0.137206677500387,-4.86538191771912,6.50155479847327));
#6521=CARTESIAN_POINT('Ctrl Pts',(0.137228948195881,-4.86535548636055,6.50146672645051));
#6522=CARTESIAN_POINT('Ctrl Pts',(0.137251136393207,-4.86532915657752,6.50137860066881));
#6523=CARTESIAN_POINT('Ctrl Pts',(0.137273242011273,-4.86530292840692,6.50129042138323));
#6524=CARTESIAN_POINT('Ctrl Pts',(0.138576301797937,-4.86375685653143,6.49609251736148));
#6525=CARTESIAN_POINT('Ctrl Pts',(0.139596838001386,-4.86255865115332,6.49069184941557));
#6526=CARTESIAN_POINT('Ctrl Pts',(0.140307887775108,-4.86172826684585,6.48525049500507));
#6527=CARTESIAN_POINT('Ctrl Pts',(0.14035922820153,-4.86166831002424,6.48485760906927));
#6528=CARTESIAN_POINT('Ctrl Pts',(0.140408969551049,-4.86161025382613,6.4844645147942));
#6529=CARTESIAN_POINT('Ctrl Pts',(0.140457108508264,-4.86155409778445,6.48407127436895));
#6530=CARTESIAN_POINT('Ctrl Pts',(0.141096363506188,-4.86080838095998,6.47884928947838));
#6531=CARTESIAN_POINT('Ctrl Pts',(0.141461270933698,-4.8603881581802,6.47355749733835));
#6532=CARTESIAN_POINT('Ctrl Pts',(0.141532053870382,-4.8603067573644,6.46819225200069));
#6533=CARTESIAN_POINT('Ctrl Pts',(0.141540424221115,-4.86029713140919,6.46755779138988));
#6534=CARTESIAN_POINT('Ctrl Pts',(0.141544642068754,-4.8602922888536,6.46692230275673));
#6535=CARTESIAN_POINT('Ctrl Pts',(0.14154464208168,-4.86029228883861,6.46628578219945));
#6536=CARTESIAN_POINT('',(0.14154464208168,-4.86029228883861,6.30880546723882));
#6537=CARTESIAN_POINT('',(0.141544642081681,-4.86029228883861,7.92617884604941));
#6538=CARTESIAN_POINT('Ctrl Pts',(0.14154464208168,-4.86029228883861,6.30880546723882));
#6539=CARTESIAN_POINT('Ctrl Pts',(0.141544642056794,-4.86029228886748,6.30382098495609));
#6540=CARTESIAN_POINT('Ctrl Pts',(0.141288588404782,-4.86058626092939,6.29884034810161));
#6541=CARTESIAN_POINT('Ctrl Pts',(0.140791182961037,-4.86116488741824,6.29395874302658));
#6542=CARTESIAN_POINT('Ctrl Pts',(0.140687484135702,-4.86128551916434,6.29294102856769));
#6543=CARTESIAN_POINT('Ctrl Pts',(0.140573407467203,-4.86141839364688,6.2919275588253));
#6544=CARTESIAN_POINT('Ctrl Pts',(0.140449257742963,-4.86156322547497,6.29091909852162));
#6545=CARTESIAN_POINT('Ctrl Pts',(0.139729607071853,-4.86240276275882,6.2850734219502));
#6546=CARTESIAN_POINT('Ctrl Pts',(0.138668077946171,-4.86364792164692,6.27936077772958));
#6547=CARTESIAN_POINT('Ctrl Pts',(0.137268609573473,-4.86530842434779,6.27378244719765));
#6548=CARTESIAN_POINT('Ctrl Pts',(0.137246391543513,-4.86533478657182,6.27369388534281));
#6549=CARTESIAN_POINT('Ctrl Pts',(0.137224087436303,-4.86536125459098,6.27360534905211));
#6550=CARTESIAN_POINT('Ctrl Pts',(0.137201697360256,-4.86538782833891,6.27351683880405));
#6551=CARTESIAN_POINT('Ctrl Pts',(0.135888823980454,-4.86694601716256,6.2683269167928));
#6552=CARTESIAN_POINT('Ctrl Pts',(0.134288837833947,-4.86886052761673,6.26330181840571));
#6553=CARTESIAN_POINT('Ctrl Pts',(0.132466648266985,-4.87107908025401,6.25856325898287));
#6554=CARTESIAN_POINT('Ctrl Pts',(0.132362494817145,-4.87120588918488,6.25829241048274));
#6555=CARTESIAN_POINT('Ctrl Pts',(0.132257622876496,-4.87133368182161,6.25802249114486));
#6556=CARTESIAN_POINT('Ctrl Pts',(0.132152047130435,-4.87146244500217,6.25775352099859));
#6557=CARTESIAN_POINT('Ctrl Pts',(0.130313907369252,-4.87370429249829,6.25307058255038));
#6558=CARTESIAN_POINT('Ctrl Pts',(0.128249432744475,-4.87625552595067,6.2486352635354));
#6559=CARTESIAN_POINT('Ctrl Pts',(0.125966068967009,-4.87913715300454,6.24445473698466));
#6560=CARTESIAN_POINT('Ctrl Pts',(0.12578469395922,-4.87936605000925,6.24412266417034));
#6561=CARTESIAN_POINT('Ctrl Pts',(0.125601929751639,-4.87959704646964,6.24379222055914));
#6562=CARTESIAN_POINT('Ctrl Pts',(0.12541777632601,-4.87983016031658,6.24346342148728));
#6563=CARTESIAN_POINT('Origin',(0.588818877875621,-5.24590408261097,6.94030153023095));
#6564=CARTESIAN_POINT('Origin',(0.108999474887316,-5.52810328223516,7.92617884604941));
#6565=CARTESIAN_POINT('',(-0.0513315507197493,-5.41389277602867,6.21038027038843));
#6566=CARTESIAN_POINT('Ctrl Pts',(0.0462592011811607,-5.34151888965252,
6.30880546723882));
#6567=CARTESIAN_POINT('Ctrl Pts',(0.0391689872303042,-5.34390302241815,
6.29846994070965));
#6568=CARTESIAN_POINT('Ctrl Pts',(0.0321968382774519,-5.34668251914416,
6.2881119913466));
#6569=CARTESIAN_POINT('Ctrl Pts',(0.0251220898561576,-5.35001675869356,
6.27807176814027));
#6570=CARTESIAN_POINT('Ctrl Pts',(0.0246208377039058,-5.35025299250016,
6.27736040948953));
#6571=CARTESIAN_POINT('Ctrl Pts',(0.024119068159923,-5.35049202898361,6.27665066098612));
#6572=CARTESIAN_POINT('Ctrl Pts',(0.0236167009526329,-5.35073393363893,
6.27594265261402));
#6573=CARTESIAN_POINT('Ctrl Pts',(0.0232907610041292,-5.35089088335569,
6.27548329099767));
#6574=CARTESIAN_POINT('Ctrl Pts',(0.0229645807334686,-5.35104903503627,
6.27502468254159));
#6575=CARTESIAN_POINT('Ctrl Pts',(0.0226381393770393,-5.35120840602604,
6.27456686467444));
#6576=CARTESIAN_POINT('Ctrl Pts',(0.0170238438402188,-5.35394934500002,
6.26669309268566));
#6577=CARTESIAN_POINT('Ctrl Pts',(0.0113294438092542,-5.35704376802987,
6.25903766604542));
#6578=CARTESIAN_POINT('Ctrl Pts',(0.00543581263832411,-5.36069371138733,
6.25178453619896));
#6579=CARTESIAN_POINT('Ctrl Pts',(0.00368923427184711,-5.36177537257753,
6.24963507022261));
#6580=CARTESIAN_POINT('Ctrl Pts',(0.00192508134105477,-5.36290604512234,
6.24752115970765));
#6581=CARTESIAN_POINT('Ctrl Pts',(0.000140000268455583,-5.36409163414691,
6.24544824623985));
#6582=CARTESIAN_POINT('Ctrl Pts',(-0.000413969769524942,-5.36445956186014,
6.24480495223483));
#6583=CARTESIAN_POINT('Ctrl Pts',(-0.00097009032567162,-5.36483286997669,
6.24416550859337));
#6584=CARTESIAN_POINT('Ctrl Pts',(-0.00152843961834525,-5.36521173052872,
6.24353012647712));
#6585=CARTESIAN_POINT('Ctrl Pts',(-0.00508177558401374,-5.36762279980589,
6.23948655347499));
#6586=CARTESIAN_POINT('Ctrl Pts',(-0.0087452669379851,-5.37028016738466,
6.23559226885345));
#6587=CARTESIAN_POINT('Ctrl Pts',(-0.0124418230990525,-5.37317733195481,
6.23201064930106));
#6588=CARTESIAN_POINT('Ctrl Pts',(-0.0130226085499415,-5.37363252077322,
6.23144792214746));
#6589=CARTESIAN_POINT('Ctrl Pts',(-0.0136043953064719,-5.37409378182063,
6.23089272350919));
#6590=CARTESIAN_POINT('Ctrl Pts',(-0.0141868910348753,-5.37456111619307,
6.23034571731394));
#6591=CARTESIAN_POINT('Ctrl Pts',(-0.0178944014722288,-5.37753563940255,
6.22686409319328));
#6592=CARTESIAN_POINT('Ctrl Pts',(-0.0216448599284567,-5.3807625047044,
6.22369221088391));
#6593=CARTESIAN_POINT('Ctrl Pts',(-0.0254415910931963,-5.38431279170991,
6.22092558190683));
#6594=CARTESIAN_POINT('Ctrl Pts',(-0.0259406352727807,-5.38477944315007,
6.22056193485673));
#6595=CARTESIAN_POINT('Ctrl Pts',(-0.026440879067912,-5.38525207095294,
6.22020502952107));
#6596=CARTESIAN_POINT('Ctrl Pts',(-0.0269422465677056,-5.38573079237678,
6.21985519539661));
#6597=CARTESIAN_POINT('Ctrl Pts',(-0.030854576566877,-5.38946640784545,
6.21712532850176));
#6598=CARTESIAN_POINT('Ctrl Pts',(-0.0348606608272921,-5.39361056220444,
6.21482737298028));
#6599=CARTESIAN_POINT('Ctrl Pts',(-0.0387331191236313,-5.39800670436685,
6.21320612563674));
#6600=CARTESIAN_POINT('Ctrl Pts',(-0.0390123871045645,-5.39832373857398,
6.21308920701875));
#6601=CARTESIAN_POINT('Ctrl Pts',(-0.039290891546916,-5.39864199897714,
6.21297580932929));
#6602=CARTESIAN_POINT('Ctrl Pts',(-0.0395685554095867,-5.39896143045774,
6.21286601311098));
#6603=CARTESIAN_POINT('Ctrl Pts',(-0.0436345138072212,-5.40363901110696,
6.21125821708166));
#6604=CARTESIAN_POINT('Ctrl Pts',(-0.0475650500851577,-5.40860528602664,
6.21038027074728));
#6605=CARTESIAN_POINT('Ctrl Pts',(-0.0513315507197492,-5.41389277602867,
6.21038027038843));
#6606=CARTESIAN_POINT('Origin',(0.108999474887316,-5.52810328223516,6.21038027038843));
#6607=CARTESIAN_POINT('Origin',(-3.48700210850826,-6.21547577607457,7.92617884604941));
#6608=CARTESIAN_POINT('',(-2.81485317796109,-5.49647108021495,6.94030153023095));
#6609=CARTESIAN_POINT('',(-2.81485317796109,-5.49647108021495,7.92617884604941));
#6610=CARTESIAN_POINT('Origin',(-3.48700210850826,-6.21547577607457,6.94030153023095));
#6611=CARTESIAN_POINT('Origin',(-3.4870021084717,-4.18768541433837,7.92617884604941));
#6612=CARTESIAN_POINT('',(-2.81485317796255,-4.90669011023352,6.94030153023095));
#6613=CARTESIAN_POINT('Origin',(-3.4870021084717,-4.18768541433837,6.94030153023095));
#6614=CARTESIAN_POINT('',(-2.81485317796255,-4.90669011023352,7.92617884604941));
#6615=CARTESIAN_POINT('Origin',(-0.857659584929672,-5.66061289161506,6.63518341999473));
#6616=CARTESIAN_POINT('Origin',(-2.06157325448829,-5.66061289166929,6.63518341999473));
#6617=CARTESIAN_POINT('Origin',(-2.05946413831174,-4.74254829876138,6.63518341999473));
#6618=CARTESIAN_POINT('Origin',(-0.614938344751689,-6.25116407277165,6.11038027038843));
#6619=CARTESIAN_POINT('Origin',(-2.30471825638525,-6.25116407276059,6.11038027038843));
#6620=CARTESIAN_POINT('Origin',(-2.34134345997183,-4.15199711766499,6.11038027038843));
#6621=CARTESIAN_POINT('Origin',(0.0474025271775954,-4.65762274811811,6.94030153023095));
#6622=CARTESIAN_POINT('',(-0.201972273899194,-5.43607790984964,6.94030153023095));
#6623=CARTESIAN_POINT('Origin',(-1.4598283005616,-5.20158059521554,6.94030153023095));
#6624=CARTESIAN_POINT('Origin',(-0.143917380360929,-5.44690086283275,6.94030153023095));
#6625=CARTESIAN_POINT('Origin',(0.0469519289427025,-4.69846671934517,6.94030153023095));
#6626=CARTESIAN_POINT('Origin',(0.0469519289427025,-4.69846671934517,6.94030153023095));
#6627=CARTESIAN_POINT('Origin',(0.0469519289427025,-4.69846671934517,6.79266373495536));
#6628=CARTESIAN_POINT('Origin',(-1.4598283005616,-5.20158059521554,6.94030153023095));
#6629=CARTESIAN_POINT('',(-0.195444553128005,-5.00530396999665,6.71392357747504));
#6630=CARTESIAN_POINT('Origin',(-1.4598283005616,-5.20158059521554,6.71392357747504));
#6631=CARTESIAN_POINT('',(-0.195444553131345,-5.39785722045595,6.71392357747504));
#6632=CARTESIAN_POINT('Ctrl Pts',(-0.195444553128005,-5.00530396999665,
6.71392357747504));
#6633=CARTESIAN_POINT('Ctrl Pts',(-0.192881690043837,-5.02181353870818,
6.71392357718382));
#6634=CARTESIAN_POINT('Ctrl Pts',(-0.19065641578115,-5.0382956568403,6.7123270729186));
#6635=CARTESIAN_POINT('Ctrl Pts',(-0.188773885734055,-5.05457226576304,
6.7098238021672));
#6636=CARTESIAN_POINT('Ctrl Pts',(-0.18689353274331,-5.07083005156269,6.70732342632922));
#6637=CARTESIAN_POINT('Ctrl Pts',(-0.185342741974999,-5.08695661806536,
6.70389083826935));
#6638=CARTESIAN_POINT('Ctrl Pts',(-0.184098220525557,-5.1030740610529,6.7002337071537));
#6639=CARTESIAN_POINT('Ctrl Pts',(-0.18285457964824,-5.11918010000153,6.69657916367342));
#6640=CARTESIAN_POINT('Ctrl Pts',(-0.181915650216813,-5.13529943016759,
6.6926776695705));
#6641=CARTESIAN_POINT('Ctrl Pts',(-0.181280830956122,-5.15150922269321,
6.6896479916152));
#6642=CARTESIAN_POINT('Ctrl Pts',(-0.180645094039584,-5.16774244710226,
6.68661393414298));
#6643=CARTESIAN_POINT('Ctrl Pts',(-0.180313723363176,-5.18407645869624,
6.68456137899975));
#6644=CARTESIAN_POINT('Ctrl Pts',(-0.180301113877423,-5.20060442038852,
6.6844878568173));
#6645=CARTESIAN_POINT('Ctrl Pts',(-0.180294796673976,-5.20888473400454,
6.68445102307218));
#6646=CARTESIAN_POINT('Ctrl Pts',(-0.180369424983003,-5.217241024879,6.68489711607186));
#6647=CARTESIAN_POINT('Ctrl Pts',(-0.180525749999131,-5.22557556356097,
6.68576427556993));
#6648=CARTESIAN_POINT('Ctrl Pts',(-0.180682006401134,-5.23390644404993,
6.68663105445464));
#6649=CARTESIAN_POINT('Ctrl Pts',(-0.18091812380563,-5.24216495479793,6.68790198134165));
#6650=CARTESIAN_POINT('Ctrl Pts',(-0.181231583192534,-5.25037822542987,
6.68941201822794));
#6651=CARTESIAN_POINT('Ctrl Pts',(-0.181857781630478,-5.26678589243557,
6.69242862190592));
#6652=CARTESIAN_POINT('Ctrl Pts',(-0.182791171722557,-5.28302021967044,
6.69635415420285));
#6653=CARTESIAN_POINT('Ctrl Pts',(-0.184035067632914,-5.29926581003762,
6.70004715003288));
#6654=CARTESIAN_POINT('Ctrl Pts',(-0.185279282811821,-5.3155155701316,6.70374109373757));
#6655=CARTESIAN_POINT('Ctrl Pts',(-0.186834679783578,-5.33177260369908,
6.70722053730318));
#6656=CARTESIAN_POINT('Ctrl Pts',(-0.188723744679712,-5.34815474845494,
6.70975679536258));
#6657=CARTESIAN_POINT('Ctrl Pts',(-0.190616011488814,-5.36456466049493,
6.71229735230952));
#6658=CARTESIAN_POINT('Ctrl Pts',(-0.192842618738973,-5.38109596040491,
6.71392357705515));
#6659=CARTESIAN_POINT('Ctrl Pts',(-0.195444553131345,-5.39785722045595,
6.71392357747504));
#6660=CARTESIAN_POINT('',(-0.201972273899194,-5.43607790984964,6.71392357747504));
#6661=CARTESIAN_POINT('Origin',(-1.4598283005616,-5.20158059521554,6.71392357747504));
#6662=CARTESIAN_POINT('',(-0.201972273899194,-5.43607790984964,6.94030153023095));
#6663=CARTESIAN_POINT('Origin',(-2.97341520451148,-4.69463300478168,6.94030153023095));
#6664=CARTESIAN_POINT('Origin',(-2.77452424212826,-5.45333079846338,6.94030153023095));
#6665=CARTESIAN_POINT('Origin',(-2.774524242132,-4.94983039198723,6.94030153023095));
#6666=CARTESIAN_POINT('Origin',(-0.143917380360929,-5.44690086283275,6.94030153023095));
#6667=CARTESIAN_POINT('Origin',(-0.143917380360929,-5.44690086283275,6.71392357747504));
#6668=CARTESIAN_POINT('Origin',(-2.77452424212826,-5.45333079846338,7.92617884604941));
#6669=CARTESIAN_POINT('Origin',(-2.774524242132,-4.94983039198723,6.94030153023095));
#6670=CARTESIAN_POINT('Origin',(-2.98382122693612,-5.20158059521554,6.86156137275063));
#6671=CARTESIAN_POINT('Origin',(-0.000796004098456066,-5.20158059521554,
6.86156137275063));
#6672=CARTESIAN_POINT('Origin',(-0.558440481686317,-5.2015805952245,6.03164011290811));
#6673=CARTESIAN_POINT('',(-0.558440481686317,-5.40433650073729,6.03164011290811));
#6674=CARTESIAN_POINT('',(-0.558440481686317,-4.99882468969379,6.03164011290811));
#6675=CARTESIAN_POINT('Origin',(-0.558440481686317,-4.99882468969379,6.03164011290811));
#6676=CARTESIAN_POINT('Origin',(-0.558440481686317,-5.40433650073729,6.03164011290811));
#6677=CARTESIAN_POINT('Origin',(-2.45982830055126,-5.20158059522498,6.03164011290811));
#6678=CARTESIAN_POINT('',(-2.45982830055126,-5.4043365007368,6.03164011290811));
#6679=CARTESIAN_POINT('',(-2.45982830055126,-4.99882468969428,6.03164011290811));
#6680=CARTESIAN_POINT('Origin',(-2.45982830055126,-4.99882468969428,6.03164011290811));
#6681=CARTESIAN_POINT('Origin',(-2.45982830055126,-5.4043365007368,6.03164011290811));
#6682=CARTESIAN_POINT('Origin',(-2.78150350211667,-6.24216041784885,6.18912042786874));
#6683=CARTESIAN_POINT('',(-2.78150350211667,-6.24216041784885,6.18912042786874));
#6684=CARTESIAN_POINT('Origin',(-2.72033481410092,-6.29174271314119,6.18912042786874));
#6685=CARTESIAN_POINT('Origin',(-2.26550134992835,-6.6604229621541,6.18912042786874));
#6686=CARTESIAN_POINT('',(-2.2043326619126,-6.71000525744644,6.18912042786874));
#6687=CARTESIAN_POINT('Origin',(-2.2043326619126,-6.71000525744644,6.18912042786874));
#6688=CARTESIAN_POINT('Origin',(0.0469519289427025,-4.69846671934517,6.79266373495536));
#6689=CARTESIAN_POINT('Origin',(-0.143917380360929,-5.44690086283275,6.71392357747504));
#6690=CARTESIAN_POINT('Origin',(-0.279378798616881,-5.42164730587216,6.71392357747504));
#6691=CARTESIAN_POINT('Origin',(-1.4598283005616,-5.20158059521554,6.71392357747504));
#6692=CARTESIAN_POINT('Origin',(-0.273252783742437,-5.38577865890269,6.71392357747504));
#6693=CARTESIAN_POINT('Ctrl Pts',(-0.202241096276414,-4.96572741425285,
6.71049944827145));
#6694=CARTESIAN_POINT('Ctrl Pts',(-0.198785164054731,-4.98456684941915,
6.61235510904674));
#6695=CARTESIAN_POINT('Ctrl Pts',(-0.294238291812854,-4.99847923960856,
6.63521968525225));
#6696=CARTESIAN_POINT('Ctrl Pts',(-0.196663509000644,-4.9952906596726,6.71590212785286));
#6697=CARTESIAN_POINT('Ctrl Pts',(-0.197343255134601,-4.99344616017676,
6.63129218609551));
#6698=CARTESIAN_POINT('Ctrl Pts',(-0.27927332897362,-5.01063841722314,6.6351901481406));
#6699=CARTESIAN_POINT('Ctrl Pts',(-0.192160093196535,-5.02529296740081,
6.71432740459089));
#6700=CARTESIAN_POINT('Ctrl Pts',(-0.193404309915959,-5.01657256681585,
6.64452527691843));
#6701=CARTESIAN_POINT('Ctrl Pts',(-0.262297852344837,-5.02728762296886,
6.63516536930304));
#6702=CARTESIAN_POINT('Ctrl Pts',(-0.186891163150592,-5.07085147948508,
6.70731981138674));
#6703=CARTESIAN_POINT('Ctrl Pts',(-0.18808760349144,-5.05948152454261,6.65478883477338));
#6704=CARTESIAN_POINT('Ctrl Pts',(-0.238048435778678,-5.06113053149069,
6.63514174218743));
#6705=CARTESIAN_POINT('Ctrl Pts',(-0.185341728116833,-5.08696974647896,
6.70388795716499));
#6706=CARTESIAN_POINT('Ctrl Pts',(-0.186351202499932,-5.07562460926108,
6.65673979324183));
#6707=CARTESIAN_POINT('Ctrl Pts',(-0.22977028027526,-5.07484925803992,6.63513622400589));
#6708=CARTESIAN_POINT('Ctrl Pts',(-0.182854711268123,-5.11917839720442,
6.69657954691642));
#6709=CARTESIAN_POINT('Ctrl Pts',(-0.183498027372641,-5.10920070812566,
6.65836835005298));
#6710=CARTESIAN_POINT('Ctrl Pts',(-0.215260165625225,-5.10575241531439,
6.63513015078822));
#6711=CARTESIAN_POINT('Ctrl Pts',(-0.181915913226751,-5.13529270120314,
6.69267894295359));
#6712=CARTESIAN_POINT('Ctrl Pts',(-0.182326068872954,-5.12690516439956,
6.6581629795069));
#6713=CARTESIAN_POINT('Ctrl Pts',(-0.20903705274132,-5.12298180439385,6.63512960365775));
#6714=CARTESIAN_POINT('Ctrl Pts',(-0.180645745511253,-5.167725825222,6.68661744782947));
#6715=CARTESIAN_POINT('Ctrl Pts',(-0.180753133599189,-5.16295177528613,
6.65731520617797));
#6716=CARTESIAN_POINT('Ctrl Pts',(-0.200282511833284,-5.16015470142007,
6.63513022616845));
#6717=CARTESIAN_POINT('Ctrl Pts',(-0.180313740247507,-5.18405431635974,
6.68456147969366));
#6718=CARTESIAN_POINT('Ctrl Pts',(-0.180317239877249,-5.18169296326496,
6.65676368400851));
#6719=CARTESIAN_POINT('Ctrl Pts',(-0.197783796459306,-5.18010034486296,
6.6351311832929));
#6720=CARTESIAN_POINT('Ctrl Pts',(-0.180294800691433,-5.20887947339849,
6.68445125580821));
#6721=CARTESIAN_POINT('Ctrl Pts',(-0.180293204256004,-5.20985954830855,
6.65673747672636));
#6722=CARTESIAN_POINT('Ctrl Pts',(-0.197644741317632,-5.21052609740344,
6.63513122605296));
#6723=CARTESIAN_POINT('Ctrl Pts',(-0.180369384707944,-5.21723887709066,
6.68489689456252));
#6724=CARTESIAN_POINT('Ctrl Pts',(-0.180388793290363,-5.21937665253094,
6.65684911710583));
#6725=CARTESIAN_POINT('Ctrl Pts',(-0.198197017048228,-5.22077749510483,
6.63513103788553));
#6726=CARTESIAN_POINT('Ctrl Pts',(-0.180682115235765,-5.23391224712286,
6.68663168281962));
#6727=CARTESIAN_POINT('Ctrl Pts',(-0.180783430068967,-5.23820368123374,
6.65722429664014));
#6728=CARTESIAN_POINT('Ctrl Pts',(-0.200459471711872,-5.24089542975609,
6.63513047598738));
#6729=CARTESIAN_POINT('Ctrl Pts',(-0.180918309906164,-5.24216982916261,
6.68790296152366));
#6730=CARTESIAN_POINT('Ctrl Pts',(-0.181082454906873,-5.24750911966516,
6.65748245850189));
#6731=CARTESIAN_POINT('Ctrl Pts',(-0.202153998999371,-5.25069204024124,
6.63513011805428));
#6732=CARTESIAN_POINT('Ctrl Pts',(-0.181858128509767,-5.26679498506918,
6.6924302997943));
#6733=CARTESIAN_POINT('Ctrl Pts',(-0.182255203327972,-5.27508183418526,
6.65814339531462));
#6734=CARTESIAN_POINT('Ctrl Pts',(-0.208651687169658,-5.27900876774375,
6.63512958659688));
#6735=CARTESIAN_POINT('Ctrl Pts',(-0.182791395341254,-5.28302313757157,
6.69635491411431));
#6736=CARTESIAN_POINT('Ctrl Pts',(-0.183422834267068,-5.29293834853328,
6.65838165319758));
#6737=CARTESIAN_POINT('Ctrl Pts',(-0.214864553709837,-5.29642771490357,
6.63513005345891));
#6738=CARTESIAN_POINT('Ctrl Pts',(-0.185278737529815,-5.31550845122828,
6.7037395158242));
#6739=CARTESIAN_POINT('Ctrl Pts',(-0.186281654686302,-5.32685515271495,
6.6568090465665));
#6740=CARTESIAN_POINT('Ctrl Pts',(-0.229427675364306,-5.32771392549432,
6.63513601574091));
#6741=CARTESIAN_POINT('Ctrl Pts',(-0.186833466849045,-5.33176208483042,
6.70721892908826));
#6742=CARTESIAN_POINT('Ctrl Pts',(-0.188028191468117,-5.34316204418823,
6.65487842711276));
#6743=CARTESIAN_POINT('Ctrl Pts',(-0.237762728875478,-5.34159317085455,
6.63514150721146));
#6744=CARTESIAN_POINT('Ctrl Pts',(-0.192126244237264,-5.37766153831655,
6.71432498329499));
#6745=CARTESIAN_POINT('Ctrl Pts',(-0.193380238631806,-5.38646870931762,
6.64462068475608));
#6746=CARTESIAN_POINT('Ctrl Pts',(-0.262177571853579,-5.37577404882286,
6.63516517556791));
#6747=CARTESIAN_POINT('Ctrl Pts',(-0.196614287342673,-5.40760506370433,
6.71594806080697));
#6748=CARTESIAN_POINT('Ctrl Pts',(-0.197329357898663,-5.40962404481347,
6.63145128564342));
#6749=CARTESIAN_POINT('Ctrl Pts',(-0.279130152285091,-5.39239837374199,
6.63518987281325));
#6750=CARTESIAN_POINT('Ctrl Pts',(-0.202449398126338,-5.43868577288456,
6.71042750550894));
#6751=CARTESIAN_POINT('Ctrl Pts',(-0.198925764786854,-5.41947193929912,
6.61154012128968));
#6752=CARTESIAN_POINT('Ctrl Pts',(-0.294928523237967,-5.40533342334893,
6.63522083019484));
#6753=CARTESIAN_POINT('Origin',(-0.273252783739303,-5.01738253154858,6.71392357747504));
#6754=CARTESIAN_POINT('Origin',(-1.4598283005616,-5.20158059521554,6.71392357747504));
#6755=CARTESIAN_POINT('Origin',(-0.323148299025634,-4.81447730423372,6.71392357747504));
#6756=CARTESIAN_POINT('Origin',(0.0323858193299761,-4.69339799687738,6.71392357747504));
#6757=CARTESIAN_POINT('Origin',(-1.4598283005616,-5.20158059521554,6.71392357747504));
#6758=CARTESIAN_POINT('Origin',(-2.64640381739002,-5.01738253158799,6.71392357747504));
#6759=CARTESIAN_POINT('Ctrl Pts',(-2.72421204799801,-5.39785722041632,6.71392357747504));
#6760=CARTESIAN_POINT('Ctrl Pts',(-2.72421204799801,-5.39785722041632,6.63514956569564));
#6761=CARTESIAN_POINT('Ctrl Pts',(-2.64637037096072,-5.38577346680922,6.63518342726942));
#6762=CARTESIAN_POINT('Ctrl Pts',(-2.72677563526129,-5.38134298665312,6.71392357718374));
#6763=CARTESIAN_POINT('Ctrl Pts',(-2.7258774584409,-5.38712890414849,6.64227813827523));
#6764=CARTESIAN_POINT('Ctrl Pts',(-2.65529942568176,-5.37673138917908,6.63518021955393));
#6765=CARTESIAN_POINT('Ctrl Pts',(-2.72900191651262,-5.36485150528074,6.71232523510528));
#6766=CARTESIAN_POINT('Ctrl Pts',(-2.7278831647755,-5.37342708625016,6.64775266214182));
#6767=CARTESIAN_POINT('Ctrl Pts',(-2.66438190113421,-5.36621643350305,6.6351775181068));
#6768=CARTESIAN_POINT('Ctrl Pts',(-2.73276543797305,-5.33230971094132,6.70731981139255));
#6769=CARTESIAN_POINT('Ctrl Pts',(-2.73157040936973,-5.34366624992807,6.65485081856111));
#6770=CARTESIAN_POINT('Ctrl Pts',(-2.6816888466482,-5.34203331101526,6.63517351973482));
#6771=CARTESIAN_POINT('Ctrl Pts',(-2.73431487300648,-5.31619144395054,6.70388795717407));
#6772=CARTESIAN_POINT('Ctrl Pts',(-2.73330655474331,-5.32752358793052,6.65679379055845));
#6773=CARTESIAN_POINT('Ctrl Pts',(-2.68995856336238,-5.32831063151628,6.63517221342019));
#6774=CARTESIAN_POINT('Ctrl Pts',(-2.73680188985481,-5.28398279323035,6.69657954693348));
#6775=CARTESIAN_POINT('Ctrl Pts',(-2.73615927560404,-5.29394959671616,6.65841003819472));
#6776=CARTESIAN_POINT('Ctrl Pts',(-2.70445191460339,-5.29740274250783,6.63517077707433));
#6777=CARTESIAN_POINT('Ctrl Pts',(-2.7377406878961,-5.267868489234,6.69267894297546));
#6778=CARTESIAN_POINT('Ctrl Pts',(-2.73733097122094,-5.27624704923497,6.65819992036875));
#6779=CARTESIAN_POINT('Ctrl Pts',(-2.71066710952754,-5.28017239221818,6.63517064910105));
#6780=CARTESIAN_POINT('Ctrl Pts',(-2.73901085561159,-5.23543536522125,6.68661744786034));
#6781=CARTESIAN_POINT('Ctrl Pts',(-2.73890357950312,-5.24020443699185,6.65734576122921));
#6782=CARTESIAN_POINT('Ctrl Pts',(-2.71940978085907,-5.24300137258856,6.63517079892083));
#6783=CARTESIAN_POINT('Ctrl Pts',(-2.7393428608754,-5.21910687408741,6.6845614797287));
#6784=CARTESIAN_POINT('Ctrl Pts',(-2.73933936486914,-5.22146578226844,6.65679246546662));
#6785=CARTESIAN_POINT('Ctrl Pts',(-2.72190495358432,-5.22305791195472,6.63517102657697));
#6786=CARTESIAN_POINT('Ctrl Pts',(-2.7393618004319,-5.19428171705852,6.68445125584345));
#6787=CARTESIAN_POINT('Ctrl Pts',(-2.73936339521504,-5.19330265650287,6.65676615982207));
#6788=CARTESIAN_POINT('Ctrl Pts',(-2.72204380969362,-5.19263632132676,6.63517103672661));
#6789=CARTESIAN_POINT('Ctrl Pts',(-2.73928721641564,-5.18592231337187,6.68489689459658));
#6790=CARTESIAN_POINT('Ctrl Pts',(-2.73926782795221,-5.18378675395736,6.6568781915174));
#6791=CARTESIAN_POINT('Ctrl Pts',(-2.7214923233695,-5.18238627276108,6.63517099195244));
#6792=CARTESIAN_POINT('Ctrl Pts',(-2.73897448588831,-5.16924894334274,6.68663168285059));
#6793=CARTESIAN_POINT('Ctrl Pts',(-2.73887327676478,-5.1649619868123,6.65725497959499));
#6794=CARTESIAN_POINT('Ctrl Pts',(-2.71923306758771,-5.16227068126106,6.63517085817835));
#6795=CARTESIAN_POINT('Ctrl Pts',(-2.73873829121818,-5.16099136130436,6.68790296155249));
#6796=CARTESIAN_POINT('Ctrl Pts',(-2.73857431832722,-5.15565766916554,6.6575143550556));
#6797=CARTESIAN_POINT('Ctrl Pts',(-2.71754090014549,-5.15247494033618,6.63517077281355));
#6798=CARTESIAN_POINT('Ctrl Pts',(-2.73779847261542,-5.13636620540131,6.69243029981651));
#6799=CARTESIAN_POINT('Ctrl Pts',(-2.73740182227028,-5.12808821492145,6.65818004797462));
#6800=CARTESIAN_POINT('Ctrl Pts',(-2.71105197036542,-5.12415943103967,6.63517064516438));
#6801=CARTESIAN_POINT('Ctrl Pts',(-2.73686520578457,-5.12013805290106,6.69635491413172));
#6802=CARTESIAN_POINT('Ctrl Pts',(-2.73623445488869,-5.11023364577001,6.65842302967139));
#6803=CARTESIAN_POINT('Ctrl Pts',(-2.70484703604243,-5.10673958754376,6.6351707541014));
#6804=CARTESIAN_POINT('Ctrl Pts',(-2.7343778635975,-5.08765273924907,6.70373951583364));
#6805=CARTESIAN_POINT('Ctrl Pts',(-2.73337609366596,-5.07631901711338,6.65686272971806));
#6806=CARTESIAN_POINT('Ctrl Pts',(-2.69030080076233,-5.07544870638259,6.63517216412531));
#6807=CARTESIAN_POINT('Ctrl Pts',(-2.73282313427912,-5.07139910564951,6.70721892909445));
#6808=CARTESIAN_POINT('Ctrl Pts',(-2.73162981785309,-5.06001258314406,6.65494011954424));
#6809=CARTESIAN_POINT('Ctrl Pts',(-2.68197427492376,-5.06156549423985,6.63517346408528));
#6810=CARTESIAN_POINT('Ctrl Pts',(-2.72856077892373,-5.03443556702013,6.71294154426807));
#6811=CARTESIAN_POINT('Ctrl Pts',(-2.72740640749855,-5.02583541523483,6.64686815492228));
#6812=CARTESIAN_POINT('Ctrl Pts',(-2.66232872517555,-5.03402829237721,6.63517797983096));
#6813=CARTESIAN_POINT('Ctrl Pts',(-2.72566109633314,-5.013652425299,6.71469488068263));
#6814=CARTESIAN_POINT('Ctrl Pts',(-2.72481331715009,-5.00891736384894,6.63932811541001));
#6815=CARTESIAN_POINT('Ctrl Pts',(-2.65078278450988,-5.02130368920781,6.63518158633864));
#6816=CARTESIAN_POINT('Ctrl Pts',(-2.72214519442493,-4.9924196792981,6.71359419137233));
#6817=CARTESIAN_POINT('Ctrl Pts',(-2.72291298363571,-4.99708008485347,6.6288603556319));
#6818=CARTESIAN_POINT('Ctrl Pts',(-2.6394411955008,-5.01062118038698,6.63518602833532));
#6819=CARTESIAN_POINT('Origin',(-2.64640381738654,-5.3857786588655,6.71392357747504));
#6820=CARTESIAN_POINT('Origin',(-1.4598283005616,-5.20158059521554,6.71392357747504));
#6821=CARTESIAN_POINT('Origin',(-0.000796004098456066,-5.20158059521554,
6.46628578219945));
#6822=CARTESIAN_POINT('',(-0.220006167670373,-5.38438908005924,6.52534090030969));
#6823=CARTESIAN_POINT('',(-0.127220997554942,-5.45748831095229,6.52534090030969));
#6824=CARTESIAN_POINT('Origin',(-0.000796004098456066,-5.20158059521554,
6.52534090030969));
#6825=CARTESIAN_POINT('',(-0.178649264591961,-5.49660657725111,6.46628578219945));
#6826=CARTESIAN_POINT('Ctrl Pts',(-0.127220997554942,-5.45748831095229,
6.52534090030969));
#6827=CARTESIAN_POINT('Ctrl Pts',(-0.132954675102942,-5.46328534539085,
6.52534090030969));
#6828=CARTESIAN_POINT('Ctrl Pts',(-0.138984467959894,-5.46869348877086,
6.52381727272621));
#6829=CARTESIAN_POINT('Ctrl Pts',(-0.150671350016418,-5.47822994987507,
6.51816650388045));
#6830=CARTESIAN_POINT('Ctrl Pts',(-0.156420136507288,-5.48243371492097,
6.51397923536203));
#6831=CARTESIAN_POINT('Ctrl Pts',(-0.166461726071915,-5.48928188712294,
6.50341545105399));
#6832=CARTESIAN_POINT('Ctrl Pts',(-0.170837077793405,-5.4919917101766,6.49693394393665));
#6833=CARTESIAN_POINT('Ctrl Pts',(-0.17541183170639,-5.49473443467348,6.48606492975107));
#6834=CARTESIAN_POINT('Ctrl Pts',(-0.176624514133646,-5.49544050925236,
6.4821925848584));
#6835=CARTESIAN_POINT('Ctrl Pts',(-0.17823122057978,-5.49636932910263,6.47436708333981));
#6836=CARTESIAN_POINT('Ctrl Pts',(-0.178649264591961,-5.49660657725111,
6.47037113558442));
#6837=CARTESIAN_POINT('Ctrl Pts',(-0.178649264591961,-5.49660657725111,
6.46628578219945));
#6838=CARTESIAN_POINT('',(-0.26191800700333,-5.42627463595354,6.46628578219945));
#6839=CARTESIAN_POINT('Origin',(-0.000796004098456066,-5.20158059521554,
6.46628578219945));
#6840=CARTESIAN_POINT('Ctrl Pts',(-0.26191800700333,-5.42627463595354,6.46628578219945));
#6841=CARTESIAN_POINT('Ctrl Pts',(-0.26191800700333,-5.42627463595354,6.47415479697779));
#6842=CARTESIAN_POINT('Ctrl Pts',(-0.26050751439689,-5.42547188751285,6.48195972503565));
#6843=CARTESIAN_POINT('Ctrl Pts',(-0.255406794170048,-5.42221205025467,
6.49625682383626));
#6844=CARTESIAN_POINT('Ctrl Pts',(-0.251668579224469,-5.41970823792341,
6.50286529908379));
#6845=CARTESIAN_POINT('Ctrl Pts',(-0.245186374552297,-5.41453351744414,
6.51104386842655));
#6846=CARTESIAN_POINT('Ctrl Pts',(-0.242840589051085,-5.41253574928373,
6.51353507940055));
#6847=CARTESIAN_POINT('Ctrl Pts',(-0.238077997403245,-5.40808602798144,
6.51780634784325));
#6848=CARTESIAN_POINT('Ctrl Pts',(-0.235663333929207,-5.40564073728356,
6.51959678649025));
#6849=CARTESIAN_POINT('Ctrl Pts',(-0.23085177911961,-5.40023254274068,6.52249487296154));
#6850=CARTESIAN_POINT('Ctrl Pts',(-0.228461132884877,-5.39726549764314,
6.52358732849034));
#6851=CARTESIAN_POINT('Ctrl Pts',(-0.224019733256095,-5.39107687763254,
6.52499937009266));
#6852=CARTESIAN_POINT('Ctrl Pts',(-0.221934888162418,-5.38781938077163,
6.52534090030969));
#6853=CARTESIAN_POINT('Ctrl Pts',(-0.220006167670373,-5.38438908005924,
6.52534090030969));
#6854=CARTESIAN_POINT('Origin',(-0.000796004098456066,-5.20158059521554,
6.46628578219945));
#6855=CARTESIAN_POINT('',(0.100185604434508,-4.87222542661738,6.46628578219945));
#6856=CARTESIAN_POINT('',(-0.261365254670162,-4.97624578210242,6.46628578219945));
#6857=CARTESIAN_POINT('Origin',(-0.000796004098456066,-5.20158059521554,
6.46628578219945));
#6858=CARTESIAN_POINT('',(0.0867077278968142,-4.88381131928915,6.50549100965038));
#6859=CARTESIAN_POINT('Ctrl Pts',(0.100185604434508,-4.87222542661738,6.46628578219945));
#6860=CARTESIAN_POINT('Ctrl Pts',(0.100185604434508,-4.87222542661738,6.47001338398382));
#6861=CARTESIAN_POINT('Ctrl Pts',(0.0998630821618644,-4.87249199441159,
6.47366119396349));
#6862=CARTESIAN_POINT('Ctrl Pts',(0.0986234716904192,-4.87352428585278,
6.48080877277461));
#6863=CARTESIAN_POINT('Ctrl Pts',(0.0976891858712845,-4.87430457218114,
6.48435003059488));
#6864=CARTESIAN_POINT('Ctrl Pts',(0.0941238163403817,-4.87731836733481,
6.49439256451367));
#6865=CARTESIAN_POINT('Ctrl Pts',(0.0907415650496118,-4.8802154493156,6.50037930338379));
#6866=CARTESIAN_POINT('Ctrl Pts',(0.0867077278968142,-4.88381131928915,
6.50549100965038));
#6867=CARTESIAN_POINT('',(0.0575115275345167,-4.92216644077997,6.52534090030969));
#6868=CARTESIAN_POINT('Ctrl Pts',(0.0867077278968142,-4.88381131928915,
6.50549100965038));
#6869=CARTESIAN_POINT('Ctrl Pts',(0.0818751438094846,-4.88811921357344,
6.51161489354241));
#6870=CARTESIAN_POINT('Ctrl Pts',(0.0764335630183429,-4.8935887706829,6.51654785317852));
#6871=CARTESIAN_POINT('Ctrl Pts',(0.068730484889597,-4.90327070357522,6.5216840466648));
#6872=CARTESIAN_POINT('Ctrl Pts',(0.0661955777410822,-4.90680211835121,
6.52303964797478));
#6873=CARTESIAN_POINT('Ctrl Pts',(0.0615499824066969,-4.91418530775263,
6.52485622285067));
#6874=CARTESIAN_POINT('Ctrl Pts',(0.0594125275259554,-4.91806253448718,
6.52534090030969));
#6875=CARTESIAN_POINT('Ctrl Pts',(0.0575115275345167,-4.92216644077997,
6.52534090030969));
#6876=CARTESIAN_POINT('',(-0.220006167677149,-5.01877211037997,6.52534090030969));
#6877=CARTESIAN_POINT('Origin',(-0.000796004098456066,-5.20158059521554,
6.52534090030969));
#6878=CARTESIAN_POINT('',(-0.254788928799716,-4.98141087841784,6.49656391424402));
#6879=CARTESIAN_POINT('Ctrl Pts',(-0.220006167677149,-5.01877211037997,
6.52534090030969));
#6880=CARTESIAN_POINT('Ctrl Pts',(-0.22255201768861,-5.01424422199841,6.52534090030969));
#6881=CARTESIAN_POINT('Ctrl Pts',(-0.225411899559233,-5.00995471666081,
6.52473995216309));
#6882=CARTESIAN_POINT('Ctrl Pts',(-0.231543937079141,-5.00201666761668,
6.52221002232666));
#6883=CARTESIAN_POINT('Ctrl Pts',(-0.234717195326621,-4.99848325434224,
6.52033074277217));
#6884=CARTESIAN_POINT('Ctrl Pts',(-0.241093135046831,-4.99214140627178,
6.51530935807223));
#6885=CARTESIAN_POINT('Ctrl Pts',(-0.244235862873449,-4.98939946460335,
6.51219508799368));
#6886=CARTESIAN_POINT('Ctrl Pts',(-0.249962117774899,-4.98480329146708,
6.50506236848798));
#6887=CARTESIAN_POINT('Ctrl Pts',(-0.252609248250378,-4.98289714499631,
6.50095214831582));
#6888=CARTESIAN_POINT('Ctrl Pts',(-0.254788928799716,-4.98141087841784,
6.49656391424402));
#6889=CARTESIAN_POINT('Ctrl Pts',(-0.254788928799716,-4.98141087841784,
6.49656391424402));
#6890=CARTESIAN_POINT('Ctrl Pts',(-0.25706192853578,-4.97986097995147,6.49198780565323));
#6891=CARTESIAN_POINT('Ctrl Pts',(-0.258697245504587,-4.97853484446449,
6.48704205173117));
#6892=CARTESIAN_POINT('Ctrl Pts',(-0.260844274504961,-4.97673001253091,
6.47684167514328));
#6893=CARTESIAN_POINT('Ctrl Pts',(-0.261365254670162,-4.97624578210242,
6.47162404856575));
#6894=CARTESIAN_POINT('Ctrl Pts',(-0.261365254670162,-4.97624578210242,
6.46628578219945));
#6895=CARTESIAN_POINT('Origin',(-0.000796004098456066,-5.20158059521554,
7.42455349873488));
#6896=CARTESIAN_POINT('',(-0.178649264591961,-5.49660657725111,6.30880546723882));
#6897=CARTESIAN_POINT('',(-0.178649264591961,-5.49660657725111,7.42455349873488));
#6898=CARTESIAN_POINT('',(-0.26191800700333,-5.42627463595354,6.30880546723882));
#6899=CARTESIAN_POINT('Origin',(-0.000796004098456066,-5.20158059521554,
6.30880546723882));
#6900=CARTESIAN_POINT('',(-0.26191800700333,-5.42627463595354,7.42455349873488));
#6901=CARTESIAN_POINT('Origin',(-0.000796004098456066,-5.20158059521554,
6.30880546723882));
#6902=CARTESIAN_POINT('',(-0.127220997554942,-5.45748831095229,6.24975034912859));
#6903=CARTESIAN_POINT('Ctrl Pts',(-0.178649264591961,-5.49660657725111,
6.30880546723882));
#6904=CARTESIAN_POINT('Ctrl Pts',(-0.178649264537613,-5.49660657728388,
6.30263777819803));
#6905=CARTESIAN_POINT('Ctrl Pts',(-0.17765818837869,-5.49605191635381,6.29652331145768));
#6906=CARTESIAN_POINT('Ctrl Pts',(-0.175865031365505,-5.49499599805949,
6.29080479547398));
#6907=CARTESIAN_POINT('Ctrl Pts',(-0.175333210077415,-5.49468282981863,
6.28910877637802));
#6908=CARTESIAN_POINT('Ctrl Pts',(-0.174731064511008,-5.49432572940679,
6.28744738392681));
#6909=CARTESIAN_POINT('Ctrl Pts',(-0.174064020164344,-5.49392647248826,
6.2858288997385));
#6910=CARTESIAN_POINT('Ctrl Pts',(-0.173999276421055,-5.49388772036095,
6.28567180864654));
#6911=CARTESIAN_POINT('Ctrl Pts',(-0.1739338753595,-5.49384853611117,6.28551498803055));
#6912=CARTESIAN_POINT('Ctrl Pts',(-0.173867826595075,-5.49380892291164,
6.28535844980582));
#6913=CARTESIAN_POINT('Ctrl Pts',(-0.172426214491335,-5.49294430616353,
6.2819417712134));
#6914=CARTESIAN_POINT('Ctrl Pts',(-0.170669940868553,-5.49187185757298,
6.27864744981824));
#6915=CARTESIAN_POINT('Ctrl Pts',(-0.168695282956666,-5.49062297820309,
6.27560044918083));
#6916=CARTESIAN_POINT('Ctrl Pts',(-0.168587249489314,-5.49055465205515,
6.27543374787935));
#6917=CARTESIAN_POINT('Ctrl Pts',(-0.168478615681129,-5.49048583336565,
6.2752678166099));
#6918=CARTESIAN_POINT('Ctrl Pts',(-0.168369388481159,-5.49041652187313,
6.27510265387965));
#6919=CARTESIAN_POINT('Ctrl Pts',(-0.166369083231015,-5.48914720303673,
6.27207798716172));
#6920=CARTESIAN_POINT('Ctrl Pts',(-0.164166420841705,-5.48771017036923,
6.2693058524691));
#6921=CARTESIAN_POINT('Ctrl Pts',(-0.161796353549207,-5.48609978952123,
6.26677095446359));
#6922=CARTESIAN_POINT('Ctrl Pts',(-0.161671471068266,-5.48601493608429,
6.26663738679956));
#6923=CARTESIAN_POINT('Ctrl Pts',(-0.161546056535186,-5.48592954991755,
6.26650444291148));
#6924=CARTESIAN_POINT('Ctrl Pts',(-0.161420130240092,-5.48584364117983,
6.26637213568512));
#6925=CARTESIAN_POINT('Ctrl Pts',(-0.159003920965684,-5.48419526830684,
6.26383349236874));
#6926=CARTESIAN_POINT('Ctrl Pts',(-0.156394044998638,-5.48235093759495,
6.26152332499998));
#6927=CARTESIAN_POINT('Ctrl Pts',(-0.153723165939988,-5.48037433762377,
6.25953009424282));
#6928=CARTESIAN_POINT('Ctrl Pts',(-0.153613074439175,-5.48029286375222,
6.25944793486356));
#6929=CARTESIAN_POINT('Ctrl Pts',(-0.153502851194291,-5.48021114857917,
6.25936627370647));
#6930=CARTESIAN_POINT('Ctrl Pts',(-0.153392497215641,-5.48012919095301,
6.25928511047889));
#6931=CARTESIAN_POINT('Ctrl Pts',(-0.15067457888521,-5.47811064901023,6.25728613385215));
#6932=CARTESIAN_POINT('Ctrl Pts',(-0.147877244526728,-5.47594494797692,
6.25558863671875));
#6933=CARTESIAN_POINT('Ctrl Pts',(-0.145012990748805,-5.47361264237021,
6.25418933580765));
#6934=CARTESIAN_POINT('Ctrl Pts',(-0.144939556409444,-5.47355284622968,
6.25415346023728));
#6935=CARTESIAN_POINT('Ctrl Pts',(-0.1448660876442,-5.47349294624184,6.25411779091527));
#6936=CARTESIAN_POINT('Ctrl Pts',(-0.144792586238163,-5.47343294361464,
6.25408232833207));
#6937=CARTESIAN_POINT('Ctrl Pts',(-0.141882733380801,-5.47105749495826,
6.2526783973786));
#6938=CARTESIAN_POINT('Ctrl Pts',(-0.138920568375524,-5.46852023155305,
6.25159747943525));
#6939=CARTESIAN_POINT('Ctrl Pts',(-0.136017207158735,-5.46589501200402,
6.25087342300708));
#6940=CARTESIAN_POINT('Ctrl Pts',(-0.133052945680682,-5.46321472643168,
6.25013417893178));
#6941=CARTESIAN_POINT('Ctrl Pts',(-0.130119014999615,-5.46041835136522,
6.24975034912859));
#6942=CARTESIAN_POINT('Ctrl Pts',(-0.127220997554942,-5.45748831095229,
6.24975034912859));
#6943=CARTESIAN_POINT('',(-0.220006167670373,-5.38438908005924,6.24975034912859));
#6944=CARTESIAN_POINT('Origin',(-0.000796004098456066,-5.20158059521554,
6.24975034912859));
#6945=CARTESIAN_POINT('Ctrl Pts',(-0.220006167670373,-5.38438908005924,
6.24975034912859));
#6946=CARTESIAN_POINT('Ctrl Pts',(-0.222787503409369,-5.38933578823402,
6.24975034912859));
#6947=CARTESIAN_POINT('Ctrl Pts',(-0.225977985278175,-5.39402116896904,
6.25049281767083));
#6948=CARTESIAN_POINT('Ctrl Pts',(-0.22933512752445,-5.39826116126597,6.25198981684307));
#6949=CARTESIAN_POINT('Ctrl Pts',(-0.230636387839816,-5.39990462267115,
6.25257006798291));
#6950=CARTESIAN_POINT('Ctrl Pts',(-0.231962211049985,-5.4014811307593,6.25326332593727));
#6951=CARTESIAN_POINT('Ctrl Pts',(-0.233296953701473,-5.40297999362239,
6.25406896970607));
#6952=CARTESIAN_POINT('Ctrl Pts',(-0.233364088366526,-5.40305538317869,
6.25410949184306));
#6953=CARTESIAN_POINT('Ctrl Pts',(-0.233431243703144,-5.40313057500875,
6.25415029726107));
#6954=CARTESIAN_POINT('Ctrl Pts',(-0.23349841765059,-5.40320556774969,6.25419138577671));
#6955=CARTESIAN_POINT('Ctrl Pts',(-0.235882015636832,-5.40586660752881,
6.2556493692192));
#6956=CARTESIAN_POINT('Ctrl Pts',(-0.238318541992015,-5.4083219610731,6.257475726699));
#6957=CARTESIAN_POINT('Ctrl Pts',(-0.240701527035085,-5.41053582724703,
6.25963877241958));
#6958=CARTESIAN_POINT('Ctrl Pts',(-0.243031218276189,-5.41270018184479,
6.26175344312806));
#6959=CARTESIAN_POINT('Ctrl Pts',(-0.245268246031161,-5.41459978316656,
6.26414699818875));
#6960=CARTESIAN_POINT('Ctrl Pts',(-0.247372469271887,-5.41627861938928,
6.2668055538201));
#6961=CARTESIAN_POINT('Ctrl Pts',(-0.247414893872255,-5.41631246748793,
6.26685915467291));
#6962=CARTESIAN_POINT('Ctrl Pts',(-0.247457265838004,-5.41634622712246,
6.26691286469243));
#6963=CARTESIAN_POINT('Ctrl Pts',(-0.247499584880299,-5.41637989869037,
6.26696668381013));
#6964=CARTESIAN_POINT('Ctrl Pts',(-0.249610514770958,-5.4180594811035,6.26965125269637));
#6965=CARTESIAN_POINT('Ctrl Pts',(-0.251606546513736,-5.4195298229037,6.27264353742652));
#6966=CARTESIAN_POINT('Ctrl Pts',(-0.253358717461911,-5.42076052160317,
6.27580393406147));
#6967=CARTESIAN_POINT('Ctrl Pts',(-0.253385235249229,-5.42077914730085,
6.27585176428368));
#6968=CARTESIAN_POINT('Ctrl Pts',(-0.25341169746019,-5.42079771830709,6.27589963346046));
#6969=CARTESIAN_POINT('Ctrl Pts',(-0.253438103649942,-5.42081623451732,
6.27594754111489));
#6970=CARTESIAN_POINT('Ctrl Pts',(-0.255191473529774,-5.42204571009135,
6.2791286073371));
#6971=CARTESIAN_POINT('Ctrl Pts',(-0.256713360114236,-5.42304734875047,
6.28248849445952));
#6972=CARTESIAN_POINT('Ctrl Pts',(-0.257973729797795,-5.42385254995451,
6.28602946905254));
#6973=CARTESIAN_POINT('Ctrl Pts',(-0.257986843696134,-5.42386092791446,
6.28606631219582));
#6974=CARTESIAN_POINT('Ctrl Pts',(-0.257999929323854,-5.42386928462798,
6.28610317504631));
#6975=CARTESIAN_POINT('Ctrl Pts',(-0.258012986646194,-5.42387762012989,
6.28614005760559));
#6976=CARTESIAN_POINT('Ctrl Pts',(-0.259273761112004,-5.4246824702897,6.28970132290596));
#6977=CARTESIAN_POINT('Ctrl Pts',(-0.260258765582653,-5.42528176312445,
6.29343961655522));
#6978=CARTESIAN_POINT('Ctrl Pts',(-0.260914156339145,-5.42567632800355,
6.29720233748929));
#6979=CARTESIAN_POINT('Ctrl Pts',(-0.260917703031443,-5.42567846321862,
6.29722269971324));
#6980=CARTESIAN_POINT('Ctrl Pts',(-0.260921240082293,-5.42568059244352,
6.29724306269902));
#6981=CARTESIAN_POINT('Ctrl Pts',(-0.260924767483125,-5.42568271567836,
6.29726342642256));
#6982=CARTESIAN_POINT('Ctrl Pts',(-0.261579816675141,-5.42607700692369,
6.30104503256464));
#6983=CARTESIAN_POINT('Ctrl Pts',(-0.26191800700333,-5.42627463595354,6.30489175622961));
#6984=CARTESIAN_POINT('Ctrl Pts',(-0.26191800700333,-5.42627463595354,6.30880546723882));
#6985=CARTESIAN_POINT('Origin',(-0.000796004098456066,-5.20158059521554,
6.30880546723882));
#6986=CARTESIAN_POINT('',(0.0575115275345167,-4.92216644077997,6.24975034912859));
#6987=CARTESIAN_POINT('',(-0.220006167677149,-5.01877211037997,6.24975034912859));
#6988=CARTESIAN_POINT('Origin',(-0.000796004098456066,-5.20158059521554,
6.24975034912859));
#6989=CARTESIAN_POINT('',(0.0867077278968397,-4.88381131928912,6.26960023978785));
#6990=CARTESIAN_POINT('Ctrl Pts',(0.0575115275345167,-4.92216644077997,
6.24975034912859));
#6991=CARTESIAN_POINT('Ctrl Pts',(0.058924017469661,-4.91911713727916,6.24975034912859));
#6992=CARTESIAN_POINT('Ctrl Pts',(0.06047774899763,-4.91619035310077,6.25002647665621));
#6993=CARTESIAN_POINT('Ctrl Pts',(0.0621389575409613,-4.91336528422203,
6.25054069337298));
#6994=CARTESIAN_POINT('Ctrl Pts',(0.062711929657684,-4.91239088175954,6.25071805330882));
#6995=CARTESIAN_POINT('Ctrl Pts',(0.0632979648472152,-4.91142861035812,
6.25092412474251));
#6996=CARTESIAN_POINT('Ctrl Pts',(0.06389639610333,-4.91047783371301,6.25115849777009));
#6997=CARTESIAN_POINT('Ctrl Pts',(0.06619082179619,-4.90683249209621,6.25205709972428));
#6998=CARTESIAN_POINT('Ctrl Pts',(0.0686665248311973,-4.90336175110631,
6.25337452862633));
#6999=CARTESIAN_POINT('Ctrl Pts',(0.0711802718310887,-4.90019203940694,
6.25504078714107));
#7000=CARTESIAN_POINT('Ctrl Pts',(0.071223029775331,-4.90013812373598,6.25506912960699));
#7001=CARTESIAN_POINT('Ctrl Pts',(0.0712658068748402,-4.90008428103669,
6.25509757715233));
#7002=CARTESIAN_POINT('Ctrl Pts',(0.0713086023302739,-4.90003051161744,
6.25512612929483));
#7003=CARTESIAN_POINT('Ctrl Pts',(0.0744712635367094,-4.89605685472705,
6.2572361840315));
#7004=CARTESIAN_POINT('Ctrl Pts',(0.0777563926474951,-4.89245267097311,
6.25992870035663));
#7005=CARTESIAN_POINT('Ctrl Pts',(0.0809481338989581,-4.88925573949886,
6.263120097977));
#7006=CARTESIAN_POINT('Ctrl Pts',(0.0829209424972052,-4.88727972283476,
6.26509269417758));
#7007=CARTESIAN_POINT('Ctrl Pts',(0.0848585150173413,-4.88545975694694,
6.2672569044706));
#7008=CARTESIAN_POINT('Ctrl Pts',(0.086707727896829,-4.88381131928916,6.26960023978789));
#7009=CARTESIAN_POINT('',(0.100185604434508,-4.87222542661738,6.30880546723882));
#7010=CARTESIAN_POINT('Ctrl Pts',(0.0867077278968397,-4.88381131928912,
6.26960023978785));
#7011=CARTESIAN_POINT('Ctrl Pts',(0.0907422904089822,-4.88021480271092,
6.27471286523482));
#7012=CARTESIAN_POINT('Ctrl Pts',(0.0941110374118849,-4.87732922069623,
6.28066736453273));
#7013=CARTESIAN_POINT('Ctrl Pts',(0.0988810712330338,-4.8732970241252,6.2940937234462));
#7014=CARTESIAN_POINT('Ctrl Pts',(0.100185604434509,-4.87222542661738,6.30134475892032));
#7015=CARTESIAN_POINT('Ctrl Pts',(0.100185604434508,-4.87222542661738,6.30880546723882));
#7016=CARTESIAN_POINT('',(-0.261365254670162,-4.97624578210242,6.30880546723882));
#7017=CARTESIAN_POINT('Origin',(-0.000796004098456066,-5.20158059521554,
6.30880546723882));
#7018=CARTESIAN_POINT('',(-0.254788928799713,-4.98141087841783,6.27852733519426));
#7019=CARTESIAN_POINT('Ctrl Pts',(-0.261365254670162,-4.97624578210242,
6.30880546723882));
#7020=CARTESIAN_POINT('Ctrl Pts',(-0.261365254670162,-4.97624578210242,
6.30346708460101));
#7021=CARTESIAN_POINT('Ctrl Pts',(-0.260829697389819,-4.97674310549725,
6.29814202141118));
#7022=CARTESIAN_POINT('Ctrl Pts',(-0.258667597761122,-4.97855891037953,
6.28794743569386));
#7023=CARTESIAN_POINT('Ctrl Pts',(-0.257062644417466,-4.97986049181067,
6.28310488503129));
#7024=CARTESIAN_POINT('Ctrl Pts',(-0.254788928799713,-4.98141087841783,
6.27852733519426));
#7025=CARTESIAN_POINT('Ctrl Pts',(-0.254788928799713,-4.98141087841783,
6.27852733519426));
#7026=CARTESIAN_POINT('Ctrl Pts',(-0.253053421476446,-4.9825942750087,6.27503333128155));
#7027=CARTESIAN_POINT('Ctrl Pts',(-0.251044229522492,-4.98402691303556,
6.27174631529258));
#7028=CARTESIAN_POINT('Ctrl Pts',(-0.248858586069432,-4.98571568797506,
6.2687584074293));
#7029=CARTESIAN_POINT('Ctrl Pts',(-0.24830305445771,-4.98614492901282,6.26799896184423));
#7030=CARTESIAN_POINT('Ctrl Pts',(-0.247736272916885,-4.98659057073059,
6.26725867987776));
#7031=CARTESIAN_POINT('Ctrl Pts',(-0.247160094753563,-4.98705241173348,
6.26653872426192));
#7032=CARTESIAN_POINT('Ctrl Pts',(-0.247138364752907,-4.98706982961902,
6.26651157183408));
#7033=CARTESIAN_POINT('Ctrl Pts',(-0.247116618536083,-4.98708727333692,
6.26648444602692));
#7034=CARTESIAN_POINT('Ctrl Pts',(-0.247094856270732,-4.98710474281901,
6.26645734695911));
#7035=CARTESIAN_POINT('Ctrl Pts',(-0.244270244431043,-4.98937217707464,
6.26294005008964));
#7036=CARTESIAN_POINT('Ctrl Pts',(-0.241146935015761,-4.99209800644563,
6.25984048198731));
#7037=CARTESIAN_POINT('Ctrl Pts',(-0.238029352325185,-4.99518916056309,
6.257369262039));
#7038=CARTESIAN_POINT('Ctrl Pts',(-0.237980320959526,-4.99523777627689,
6.2573303962571));
#7039=CARTESIAN_POINT('Ctrl Pts',(-0.237931271922018,-4.99528650125841,
6.25729166849166));
#7040=CARTESIAN_POINT('Ctrl Pts',(-0.237882206243972,-4.99533533504599,
6.25725307912381));
#7041=CARTESIAN_POINT('Ctrl Pts',(-0.235030361459634,-4.99817370165923,
6.25501014899817));
#7042=CARTESIAN_POINT('Ctrl Pts',(-0.232110297424571,-5.00139489895025,
6.25322816333208));
#7043=CARTESIAN_POINT('Ctrl Pts',(-0.229335635190873,-5.00489043646441,
6.25198532149405));
#7044=CARTESIAN_POINT('Ctrl Pts',(-0.22908370918189,-5.00520781448776,6.25187247742234));
#7045=CARTESIAN_POINT('Ctrl Pts',(-0.228832971462579,-5.0055274384006,6.2517640471478));
#7046=CARTESIAN_POINT('Ctrl Pts',(-0.228583573734094,-5.00584921835443,
6.25166007004749));
#7047=CARTESIAN_POINT('Ctrl Pts',(-0.228527660199847,-5.0059213595667,6.25163675898049));
#7048=CARTESIAN_POINT('Ctrl Pts',(-0.228471820547221,-5.00599359531716,
6.25161366786507));
#7049=CARTESIAN_POINT('Ctrl Pts',(-0.228416055294119,-5.0060659255695,6.25159079643581));
#7050=CARTESIAN_POINT('Ctrl Pts',(-0.225372021926698,-5.01001418527169,
6.25034232377642));
#7051=CARTESIAN_POINT('Ctrl Pts',(-0.222552844010036,-5.01424275266213,
6.24975034912859));
#7052=CARTESIAN_POINT('Ctrl Pts',(-0.220006167677149,-5.01877211037997,
6.24975034912859));
#7053=CARTESIAN_POINT('Origin',(0.205896909287371,-5.20158059521554,6.52534090030969));
#7054=CARTESIAN_POINT('',(0.043673910358961,-4.99972820570263,6.52534090030969));
#7055=CARTESIAN_POINT('Origin',(0.279884810175879,-5.00185480108138,6.52534090030969));
#7056=CARTESIAN_POINT('',(-0.177797724174616,-5.09484563592852,6.52534090030969));
#7057=CARTESIAN_POINT('Origin',(-0.000796004098456066,-5.20158059521554,
6.52534090030969));
#7058=CARTESIAN_POINT('Origin',(-0.459828300552643,-5.20158059522405,6.52534090030969));
#7059=CARTESIAN_POINT('Origin',(0.205896909287371,-5.20158059521554,6.24975034912859));
#7060=CARTESIAN_POINT('',(0.043673910358961,-4.99972820570263,6.24975034912859));
#7061=CARTESIAN_POINT('',(-0.177797724174616,-5.09484563592852,6.24975034912859));
#7062=CARTESIAN_POINT('Origin',(-0.000796004098456066,-5.20158059521554,
6.24975034912859));
#7063=CARTESIAN_POINT('Origin',(0.279884810175879,-5.00185480108138,6.24975034912859));
#7064=CARTESIAN_POINT('Origin',(-0.459828300552643,-5.20158059522405,6.24975034912859));
#7065=CARTESIAN_POINT('Origin',(-0.000796004098456066,-5.20158059521554,
6.46628578219945));
#7066=CARTESIAN_POINT('',(-0.0833977558411629,-5.39105067478737,6.52534090030969));
#7067=CARTESIAN_POINT('Ctrl Pts',(0.0462592011811606,-5.34151888965252,
6.46628578219945));
#7068=CARTESIAN_POINT('Ctrl Pts',(0.0408464970220701,-5.34333894831729,
6.46917886022831));
#7069=CARTESIAN_POINT('Ctrl Pts',(0.0353944712752378,-5.34503378490768,
6.47207350665095));
#7070=CARTESIAN_POINT('Ctrl Pts',(0.0299142947758549,-5.34663151756399,
6.47496949883754));
#7071=CARTESIAN_POINT('Ctrl Pts',(0.024434118276472,-5.3482292502203,6.47786549102413));
#7072=CARTESIAN_POINT('Ctrl Pts',(0.0189262089314756,-5.34972964122376,
6.4807631957353));
#7073=CARTESIAN_POINT('Ctrl Pts',(0.013400098544887,-5.35115626239002,6.48366133020552));
#7074=CARTESIAN_POINT('Ctrl Pts',(0.0113875345968757,-5.35167582608416,
6.48471680694109));
#7075=CARTESIAN_POINT('Ctrl Pts',(0.00937154825604778,-5.35218586069373,
6.48577297902677));
#7076=CARTESIAN_POINT('Ctrl Pts',(0.00735400949862017,-5.35268712520153,
6.4868291359802));
#7077=CARTESIAN_POINT('Ctrl Pts',(0.00115622544656915,-5.35422698616371,
6.49007360040416));
#7078=CARTESIAN_POINT('Ctrl Pts',(-0.00505244821865547,-5.35569190389695,
6.49332171616941));
#7079=CARTESIAN_POINT('Ctrl Pts',(-0.0112688998552114,-5.35719904454041,
6.49654239408017));
#7080=CARTESIAN_POINT('Ctrl Pts',(-0.014141744501587,-5.35789554813797,
6.49803078453739));
#7081=CARTESIAN_POINT('Ctrl Pts',(-0.0170159493585046,-5.3586015110534,
6.49951301949844));
#7082=CARTESIAN_POINT('Ctrl Pts',(-0.0198894107802707,-5.3593315267543,
6.50098418982025));
#7083=CARTESIAN_POINT('Ctrl Pts',(-0.0228278553898169,-5.36007805172413,
6.50248863058605));
#7084=CARTESIAN_POINT('Ctrl Pts',(-0.0257602208555878,-5.36084811790493,
6.50397862110956));
#7085=CARTESIAN_POINT('Ctrl Pts',(-0.0286913973215111,-5.36166242092326,
6.50545177458779));
#7086=CARTESIAN_POINT('Ctrl Pts',(-0.0328093677797314,-5.36280642429955,
6.5075213881284));
#7087=CARTESIAN_POINT('Ctrl Pts',(-0.0369481808956149,-5.3640471981253,
6.50956583842155));
#7088=CARTESIAN_POINT('Ctrl Pts',(-0.0410558841745709,-5.36543984983733,
6.51152381551936));
#7089=CARTESIAN_POINT('Ctrl Pts',(-0.0423620914777241,-5.3658826987272,
6.5121464320549));
#7090=CARTESIAN_POINT('Ctrl Pts',(-0.0436648951094769,-5.36634103792356,
6.5127600728279));
#7091=CARTESIAN_POINT('Ctrl Pts',(-0.044961807555874,-5.36681705405259,
6.51336203174783));
#7092=CARTESIAN_POINT('Ctrl Pts',(-0.0476648160301762,-5.36780916083223,
6.51461662689514));
#7093=CARTESIAN_POINT('Ctrl Pts',(-0.0503504855300596,-5.36887901262332,
6.51582535625059));
#7094=CARTESIAN_POINT('Ctrl Pts',(-0.0530217103510306,-5.37005567960326,
6.51697038764152));
#7095=CARTESIAN_POINT('Ctrl Pts',(-0.0552229368790789,-5.37102531366422,
6.51791395235137));
#7096=CARTESIAN_POINT('Ctrl Pts',(-0.0574150925928867,-5.37206797977792,
6.5188143745668));
#7097=CARTESIAN_POINT('Ctrl Pts',(-0.0595929001039717,-5.37320027196293,
6.51965611853774));
#7098=CARTESIAN_POINT('Ctrl Pts',(-0.0627835280307582,-5.37485915276317,
6.52088932753681));
#7099=CARTESIAN_POINT('Ctrl Pts',(-0.0659560013724735,-5.37672460738799,
6.52199741006209));
#7100=CARTESIAN_POINT('Ctrl Pts',(-0.0690168970604147,-5.37879018522898,
6.52289770049861));
#7101=CARTESIAN_POINT('Ctrl Pts',(-0.0702092911197085,-5.37959484602037,
6.52324841515131));
#7102=CARTESIAN_POINT('Ctrl Pts',(-0.0713861093216814,-5.38043070838261,
6.52356785743673));
#7103=CARTESIAN_POINT('Ctrl Pts',(-0.0725405278885508,-5.38129700369948,
6.52385017618458));
#7104=CARTESIAN_POINT('Ctrl Pts',(-0.0763722393672134,-5.38417238512942,
6.52478724010385));
#7105=CARTESIAN_POINT('Ctrl Pts',(-0.0800031616867615,-5.38740032930813,
6.52534090030969));
#7106=CARTESIAN_POINT('Ctrl Pts',(-0.0833977558411629,-5.39105067478737,
6.52534090030969));
#7107=CARTESIAN_POINT('',(-0.177797724170659,-5.30831555450912,6.52534090030969));
#7108=CARTESIAN_POINT('Origin',(-0.000796004098456066,-5.20158059521554,
6.52534090030969));
#7109=CARTESIAN_POINT('Ctrl Pts',(-0.177797724170659,-5.30831555450912,
6.52534090030969));
#7110=CARTESIAN_POINT('Ctrl Pts',(-0.177224916668986,-5.30308806712086,
6.52534090030969));
#7111=CARTESIAN_POINT('Ctrl Pts',(-0.176863777131968,-5.29787929261425,
6.52508677350341));
#7112=CARTESIAN_POINT('Ctrl Pts',(-0.17665105921658,-5.29268504472367,6.5247054723258));
#7113=CARTESIAN_POINT('Ctrl Pts',(-0.176498981254251,-5.28897153223651,
6.52443286949392));
#7114=CARTESIAN_POINT('Ctrl Pts',(-0.176422213583849,-5.28526470326921,
6.5240940710283));
#7115=CARTESIAN_POINT('Ctrl Pts',(-0.176393642677141,-5.28155919778316,
6.52372043521519));
#7116=CARTESIAN_POINT('Ctrl Pts',(-0.176344599754213,-5.27519857290641,
6.52307907676714));
#7117=CARTESIAN_POINT('Ctrl Pts',(-0.176441944885612,-5.26884615701601,
6.52233833928816));
#7118=CARTESIAN_POINT('Ctrl Pts',(-0.176597867192064,-5.26249225209077,
6.52161742216901));
#7119=CARTESIAN_POINT('Ctrl Pts',(-0.176659836022408,-5.25996699406135,
6.52133090517433));
#7120=CARTESIAN_POINT('Ctrl Pts',(-0.176731062301447,-5.25744147610332,
6.52104691616753));
#7121=CARTESIAN_POINT('Ctrl Pts',(-0.176806256635419,-5.25491526291242,
6.52077071419387));
#7122=CARTESIAN_POINT('Ctrl Pts',(-0.177011763184594,-5.24801110766678,
6.52001585260416));
#7123=CARTESIAN_POINT('Ctrl Pts',(-0.177246430516328,-5.24109771585851,
6.51932232906199));
#7124=CARTESIAN_POINT('Ctrl Pts',(-0.177444302625812,-5.23417549134826,
6.51877504325923));
#7125=CARTESIAN_POINT('Ctrl Pts',(-0.177639879292324,-5.22733356906778,
6.51823410632167));
#7126=CARTESIAN_POINT('Ctrl Pts',(-0.177798744620749,-5.22048301399185,
6.51783560569396));
#7127=CARTESIAN_POINT('Ctrl Pts',(-0.177884811099644,-5.21363391773424,
6.51761993216991));
#7128=CARTESIAN_POINT('Ctrl Pts',(-0.177935724365279,-5.20958228390879,
6.51749234889288));
#7129=CARTESIAN_POINT('Ctrl Pts',(-0.177961767338253,-5.20553136954052,
6.51742799595984));
#7130=CARTESIAN_POINT('Ctrl Pts',(-0.177961353500803,-5.2014843049993,6.51742902696859));
#7131=CARTESIAN_POINT('Ctrl Pts',(-0.177960645272996,-5.19455829177465,
6.51743079140308));
#7132=CARTESIAN_POINT('Ctrl Pts',(-0.177878896558836,-5.18763348097434,
6.51762514857978));
#7133=CARTESIAN_POINT('Ctrl Pts',(-0.177735283921283,-5.18071642991277,
6.51799336312864));
#7134=CARTESIAN_POINT('Ctrl Pts',(-0.177590664756105,-5.17375089981001,
6.51836415835647));
#7135=CARTESIAN_POINT('Ctrl Pts',(-0.177383875264259,-5.16679362591869,
6.51891159377426));
#7136=CARTESIAN_POINT('Ctrl Pts',(-0.177166230331727,-5.15984234856057,
6.51957499763496));
#7137=CARTESIAN_POINT('Ctrl Pts',(-0.177044231045141,-5.15594586051149,
6.51994686385203));
#7138=CARTESIAN_POINT('Ctrl Pts',(-0.176919353488738,-5.15205103233551,
6.52035439784449));
#7139=CARTESIAN_POINT('Ctrl Pts',(-0.176803584175911,-5.14815607970135,
6.52078054101024));
#7140=CARTESIAN_POINT('Ctrl Pts',(-0.176614411023138,-5.14179152201583,
6.52147688138082));
#7141=CARTESIAN_POINT('Ctrl Pts',(-0.176450321961812,-5.13543219547747,
6.52222570632606));
#7142=CARTESIAN_POINT('Ctrl Pts',(-0.17639810047731,-5.12906971778072,6.52292781149302));
#7143=CARTESIAN_POINT('Ctrl Pts',(-0.176377528160376,-5.12656326073691,
6.52320440129422));
#7144=CARTESIAN_POINT('Ctrl Pts',(-0.176374388352776,-5.12405625017356,
6.52347319472013));
#7145=CARTESIAN_POINT('Ctrl Pts',(-0.176394060791944,-5.12154823060983,
6.52372585370654));
#7146=CARTESIAN_POINT('Ctrl Pts',(-0.176434822013858,-5.11635162325817,
6.52424936220115));
#7147=CARTESIAN_POINT('Ctrl Pts',(-0.176571067833279,-5.11115311896337,
6.52470585538241));
#7148=CARTESIAN_POINT('Ctrl Pts',(-0.176875843652716,-5.10593933020173,
6.52500229971971));
#7149=CARTESIAN_POINT('Ctrl Pts',(-0.177091546241093,-5.10224931393596,
6.52521210576989));
#7150=CARTESIAN_POINT('Ctrl Pts',(-0.177391654459207,-5.09855146085073,
6.52534090030969));
#7151=CARTESIAN_POINT('Ctrl Pts',(-0.177797724174616,-5.09484563592852,
6.52534090030969));
#7152=CARTESIAN_POINT('Ctrl Pts',(0.043673910358961,-4.99972820570263,6.52534090030969));
#7153=CARTESIAN_POINT('Ctrl Pts',(0.0442763304346111,-5.0046764765819,6.52534090030969));
#7154=CARTESIAN_POINT('Ctrl Pts',(0.0453181528021537,-5.00942177076961,
6.52478724022276));
#7155=CARTESIAN_POINT('Ctrl Pts',(0.0467295895530847,-5.013999727074,6.52385017616825));
#7156=CARTESIAN_POINT('Ctrl Pts',(0.0471548700303725,-5.01537911261207,
6.52356782908605));
#7157=CARTESIAN_POINT('Ctrl Pts',(0.0476161634597372,-5.01674702861178,
6.52324835099352));
#7158=CARTESIAN_POINT('Ctrl Pts',(0.0481083979806956,-5.01809884283839,
6.52289759476042));
#7159=CARTESIAN_POINT('Ctrl Pts',(0.0493717962271065,-5.02156848921759,
6.52199732305871));
#7160=CARTESIAN_POINT('Ctrl Pts',(0.0508430383274624,-5.02494174637953,
6.52088927923763));
#7161=CARTESIAN_POINT('Ctrl Pts',(0.0524503228887413,-5.02815851735672,
6.5196561185374));
#7162=CARTESIAN_POINT('Ctrl Pts',(0.0535475659680443,-5.03035450665287,
6.51881427815855));
#7163=CARTESIAN_POINT('Ctrl Pts',(0.0547090899258675,-5.03248638335599,
6.51791374605572));
#7164=CARTESIAN_POINT('Ctrl Pts',(0.0559208707826972,-5.03456447915899,
6.51697006296585));
#7165=CARTESIAN_POINT('Ctrl Pts',(0.0573910790312727,-5.03708575482834,
6.51582512767912));
#7166=CARTESIAN_POINT('Ctrl Pts',(0.0589357144314033,-5.03952909653542,
6.5146165082893));
#7167=CARTESIAN_POINT('Ctrl Pts',(0.0605400447923289,-5.04191972144374,
6.51336203171032));
#7168=CARTESIAN_POINT('Ctrl Pts',(0.0629609920568359,-5.04552719342907,
6.51146901658311));
#7169=CARTESIAN_POINT('Ctrl Pts',(0.0655284633242388,-5.04902689100581,
6.50946317842664));
#7170=CARTESIAN_POINT('Ctrl Pts',(0.068155280684964,-5.05243088698011,6.50741616677534));
#7171=CARTESIAN_POINT('Ctrl Pts',(0.0689905799548713,-5.05351332057242,
6.50676523939707));
#7172=CARTESIAN_POINT('Ctrl Pts',(0.0698321998704436,-5.0545861279452,6.5061098891352));
#7173=CARTESIAN_POINT('Ctrl Pts',(0.0706781356887641,-5.05564981985553,
6.50545177448539));
#7174=CARTESIAN_POINT('Ctrl Pts',(0.0725720502678769,-5.05803125538883,
6.5039783613694));
#7175=CARTESIAN_POINT('Ctrl Pts',(0.0744929250907536,-5.06037757905612,
6.5024881056746));
#7176=CARTESIAN_POINT('Ctrl Pts',(0.076432554558841,-5.06270842128216,6.50098339542488));
#7177=CARTESIAN_POINT('Ctrl Pts',(0.0805361329510935,-5.06763966920961,
6.49779995417026));
#7178=CARTESIAN_POINT('Ctrl Pts',(0.0847055076999911,-5.07248327446351,
6.49456649983078));
#7179=CARTESIAN_POINT('Ctrl Pts',(0.0888497270283662,-5.07734036162507,
6.49132536027371));
#7180=CARTESIAN_POINT('Ctrl Pts',(0.0907645426077766,-5.07958455418115,
6.4898278081349));
#7181=CARTESIAN_POINT('Ctrl Pts',(0.0926746673215259,-5.08183131612094,
6.48832823246697));
#7182=CARTESIAN_POINT('Ctrl Pts',(0.0945740235830827,-5.08408947238925,
6.48682913595279));
#7183=CARTESIAN_POINT('Ctrl Pts',(0.0959126878804659,-5.08568101855438,
6.48577257430477));
#7184=CARTESIAN_POINT('Ctrl Pts',(0.0972449387019476,-5.08727875454386,
6.48471599742367));
#7185=CARTESIAN_POINT('Ctrl Pts',(0.0985688147613373,-5.08888219549238,
6.48366011653558));
#7186=CARTESIAN_POINT('Ctrl Pts',(0.102202614437687,-5.0932833500857,6.48076191499911));
#7187=CARTESIAN_POINT('Ctrl Pts',(0.105778461903144,-5.09773366917126,6.47786405309201));
#7188=CARTESIAN_POINT('Ctrl Pts',(0.109274339529254,-5.10224604247731,6.47496816102116));
#7189=CARTESIAN_POINT('Ctrl Pts',(0.111022278342309,-5.10450222913034,6.47352021498573));
#7190=CARTESIAN_POINT('Ctrl Pts',(0.112757099523898,-5.10678308713391,6.47206681185775));
#7191=CARTESIAN_POINT('Ctrl Pts',(0.11446508402896,-5.1090767456389,6.47061681500072));
#7192=CARTESIAN_POINT('Ctrl Pts',(0.116173068534022,-5.11137040414389,6.46916681814369));
#7193=CARTESIAN_POINT('Ctrl Pts',(0.117854207524352,-5.11367688311389,6.46772022551066));
#7194=CARTESIAN_POINT('Ctrl Pts',(0.119495773447687,-5.1159838263009,6.46628578219945));
#7195=CARTESIAN_POINT('Origin',(0.205896909287371,-5.20158059521554,6.52534090030969));
#7196=CARTESIAN_POINT('',(-0.0958675964180943,-5.41050398506476,6.52534090030969));
#7197=CARTESIAN_POINT('Origin',(0.108999474887316,-5.52810328223516,6.52534090030969));
#7198=CARTESIAN_POINT('Origin',(-0.459828300552643,-5.20158059522405,6.52534090030969));
#7199=CARTESIAN_POINT('Origin',(-0.459828300552643,-5.20158059522405,6.52534090030969));
#7200=CARTESIAN_POINT('Origin',(-0.000796004098456066,-5.20158059521554,
7.42455349873488));
#7201=CARTESIAN_POINT('',(0.100185604434508,-4.87222542661738,7.42455349873488));
#7202=CARTESIAN_POINT('',(-0.261365254670162,-4.97624578210242,7.42455349873488));
#7203=CARTESIAN_POINT('Origin',(0.205896909287371,-5.20158059521554,6.24975034912859));
#7204=CARTESIAN_POINT('',(-0.177797724170659,-5.30831555450912,6.24975034912859));
#7205=CARTESIAN_POINT('',(-0.0833977558411629,-5.39105067478737,6.24975034912859));
#7206=CARTESIAN_POINT('Origin',(-0.000796004098456066,-5.20158059521554,
6.24975034912859));
#7207=CARTESIAN_POINT('Origin',(-0.459828300552643,-5.20158059522405,6.24975034912859));
#7208=CARTESIAN_POINT('',(-0.0958675964180943,-5.41050398506476,6.24975034912859));
#7209=CARTESIAN_POINT('Origin',(-0.459828300552643,-5.20158059522405,6.24975034912859));
#7210=CARTESIAN_POINT('Origin',(0.108999474887316,-5.52810328223516,6.24975034912859));
#7211=CARTESIAN_POINT('Origin',(-0.000796004098456066,-5.20158059521554,
6.30880546723882));
#7212=CARTESIAN_POINT('Ctrl Pts',(-0.0833977558411629,-5.39105067478737,
6.24975034912859));
#7213=CARTESIAN_POINT('Ctrl Pts',(-0.0800031614783415,-5.38740032908401,
6.24975034912859));
#7214=CARTESIAN_POINT('Ctrl Pts',(-0.0763722400822044,-5.38417238537497,
6.25030400921552));
#7215=CARTESIAN_POINT('Ctrl Pts',(-0.0725405280616757,-5.38129700355367,
6.25124107327002));
#7216=CARTESIAN_POINT('Ctrl Pts',(-0.0713859936371974,-5.38043062129988,
6.25152342035223));
#7217=CARTESIAN_POINT('Ctrl Pts',(-0.0702090549515167,-5.37959467803602,
6.25184289844476));
#7218=CARTESIAN_POINT('Ctrl Pts',(-0.0690165377130077,-5.37878994257469,
6.25219365467786));
#7219=CARTESIAN_POINT('Ctrl Pts',(-0.065955752408858,-5.3767244609244,6.25309392637957));
#7220=CARTESIAN_POINT('Ctrl Pts',(-0.062783403080565,-5.37485908778807,
6.25420197020065));
#7221=CARTESIAN_POINT('Ctrl Pts',(-0.0595929001053649,-5.37320027196168,
6.25543513090088));
#7222=CARTESIAN_POINT('Ctrl Pts',(-0.057414843155543,-5.37206785009365,
6.25627697127973));
#7223=CARTESIAN_POINT('Ctrl Pts',(-0.0552224345256816,-5.37102507467121,
6.25717750338256));
#7224=CARTESIAN_POINT('Ctrl Pts',(-0.0530209529241668,-5.37005534596191,
6.25812118647242));
#7225=CARTESIAN_POINT('Ctrl Pts',(-0.0503499778948132,-5.36887881050233,
6.25926612175915));
#7226=CARTESIAN_POINT('Ctrl Pts',(-0.0476645605945486,-5.36780906700956,
6.26047474114897));
#7227=CARTESIAN_POINT('Ctrl Pts',(-0.0449618076455931,-5.36681705397735,
6.26172921772796));
#7228=CARTESIAN_POINT('Ctrl Pts',(-0.0408833319666504,-5.36532009842815,
6.26362223285506));
#7229=CARTESIAN_POINT('Ctrl Pts',(-0.0367496026250102,-5.36399643927052,
6.2656280710114));
#7230=CARTESIAN_POINT('Ctrl Pts',(-0.0326240734462207,-5.36278509000927,
6.26767508266258));
#7231=CARTESIAN_POINT('Ctrl Pts',(-0.0313122001643717,-5.36239989415634,
6.26832601004098));
#7232=CARTESIAN_POINT('Ctrl Pts',(-0.0300008674431338,-5.36202620145334,
6.26898136030296));
#7233=CARTESIAN_POINT('Ctrl Pts',(-0.02869139750249,-5.36166242079962,6.26963947495289));
#7234=CARTESIAN_POINT('Ctrl Pts',(-0.0257597043913315,-5.3608479742794,
6.27111288806888));
#7235=CARTESIAN_POINT('Ctrl Pts',(-0.0228268225278205,-5.36007778027038,
6.27260314376367));
#7236=CARTESIAN_POINT('Ctrl Pts',(-0.0198878592495068,-5.35933113255903,
6.27410785401339));
#7237=CARTESIAN_POINT('Ctrl Pts',(-0.0136700396079038,-5.35775148682502,
6.2772912952679));
#7238=CARTESIAN_POINT('Ctrl Pts',(-0.00745046580523194,-5.3562814190162,
6.28052474960726));
#7239=CARTESIAN_POINT('Ctrl Pts',(-0.0012433278099078,-5.35478566253847,
6.28376588916422));
#7240=CARTESIAN_POINT('Ctrl Pts',(0.00162464890573902,-5.35409455582332,
6.28526344130315));
#7241=CARTESIAN_POINT('Ctrl Pts',(0.00449033916231387,-5.35339861402201,
6.28676301697119));
#7242=CARTESIAN_POINT('Ctrl Pts',(0.00735400946252948,-5.35268712519328,
6.28826211348551));
#7243=CARTESIAN_POINT('Ctrl Pts',(0.00937232128094415,-5.35218566861443,
6.28931867513353));
#7244=CARTESIAN_POINT('Ctrl Pts',(0.0113890796630617,-5.35167543516631,
6.29037525201463));
#7245=CARTESIAN_POINT('Ctrl Pts',(0.013402412628737,-5.35115566496193,6.29143113290271));
#7246=CARTESIAN_POINT('Ctrl Pts',(0.0189286464685091,-5.34972899001977,
6.29432933443915));
#7247=CARTESIAN_POINT('Ctrl Pts',(0.0244368679630238,-5.34822848309631,
6.29722719634622));
#7248=CARTESIAN_POINT('Ctrl Pts',(0.0299168325816089,-5.34663077817676,
6.300123088417));
#7249=CARTESIAN_POINT('Ctrl Pts',(0.0326568148909014,-5.34583192571698,
6.30157103445239));
#7250=CARTESIAN_POINT('Ctrl Pts',(0.0354006764561134,-5.34500540198753,
6.30302443758036));
#7251=CARTESIAN_POINT('Ctrl Pts',(0.0381303413739029,-5.34415275326534,
6.30447443443741));
#7252=CARTESIAN_POINT('Ctrl Pts',(0.0408600062916925,-5.34330010454316,
6.30592443129445));
#7253=CARTESIAN_POINT('Ctrl Pts',(0.0435754791386296,-5.34242130948072,
6.30737102392733));
#7254=CARTESIAN_POINT('Ctrl Pts',(0.0462592011811607,-5.34151888965252,
6.30880546723882));
#7255=CARTESIAN_POINT('Ctrl Pts',(0.119495773447687,-5.1159838263009,6.30880546723882));
#7256=CARTESIAN_POINT('Ctrl Pts',(0.116184957141314,-5.1113310341024,6.30591238920994));
#7257=CARTESIAN_POINT('Ctrl Pts',(0.112768753051306,-5.10675647342082,6.30301774278745));
#7258=CARTESIAN_POINT('Ctrl Pts',(0.109272720261116,-5.10224395318982,6.30012175060085));
#7259=CARTESIAN_POINT('Ctrl Pts',(0.105776687470926,-5.09773143295883,6.29722575841424));
#7260=CARTESIAN_POINT('Ctrl Pts',(0.102201024502046,-5.09328139106603,6.29432805370299));
#7261=CARTESIAN_POINT('Ctrl Pts',(0.0985672931338965,-5.08888035251806,
6.29142991923274));
#7262=CARTESIAN_POINT('Ctrl Pts',(0.0972439180587178,-5.08727753047944,
6.29037444249716));
#7263=CARTESIAN_POINT('Ctrl Pts',(0.0959121751753457,-5.08568040896812,
6.28931827041148));
#7264=CARTESIAN_POINT('Ctrl Pts',(0.0945740236171309,-5.08408947240378,
6.28826211345805));
#7265=CARTESIAN_POINT('Ctrl Pts',(0.0904632850469728,-5.07920219019904,
6.28501764903402));
#7266=CARTESIAN_POINT('Ctrl Pts',(0.0862997053055321,-5.07436915632937,
6.28176953326869));
#7267=CARTESIAN_POINT('Ctrl Pts',(0.082154637320186,-5.06949738506341,6.27854885535786));
#7268=CARTESIAN_POINT('Ctrl Pts',(0.0802390531468053,-5.06724596531193,
6.27706046490072));
#7269=CARTESIAN_POINT('Ctrl Pts',(0.0783279255896944,-5.0649860917188,6.27557822993975));
#7270=CARTESIAN_POINT('Ctrl Pts',(0.0764315306097983,-5.06270719076764,
6.27410705961802));
#7271=CARTESIAN_POINT('Ctrl Pts',(0.0744922487512155,-5.06037675258418,
6.27260261885223));
#7272=CARTESIAN_POINT('Ctrl Pts',(0.0725717167116373,-5.05803083574154,
6.27111262832872));
#7273=CARTESIAN_POINT('Ctrl Pts',(0.0706781359078541,-5.0556498198618,6.26963947485048));
#7274=CARTESIAN_POINT('Ctrl Pts',(0.0680178696628885,-5.05230476262372,
6.26756986130985));
#7275=CARTESIAN_POINT('Ctrl Pts',(0.0653975894846633,-5.04886915125412,
6.26552541101667));
#7276=CARTESIAN_POINT('Ctrl Pts',(0.0628917121768368,-5.04532891341781,
6.26356743391884));
#7277=CARTESIAN_POINT('Ctrl Pts',(0.0620948690219593,-5.04420315427641,
6.26294481738332));
#7278=CARTESIAN_POINT('Ctrl Pts',(0.0613098807331805,-5.04306685963673,
6.26233117661035));
#7279=CARTESIAN_POINT('Ctrl Pts',(0.0605400449091351,-5.04191972143556,
6.26172921769045));
#7280=CARTESIAN_POINT('Ctrl Pts',(0.0589355628470786,-5.03952887054373,
6.26047462254313));
#7281=CARTESIAN_POINT('Ctrl Pts',(0.0573907869856877,-5.03708529303206,
6.25926589318768));
#7282=CARTESIAN_POINT('Ctrl Pts',(0.0559204538673712,-5.03456376418095,
6.25812086179676));
#7283=CARTESIAN_POINT('Ctrl Pts',(0.0547088238167283,-5.03248589482501,
6.25717729708691));
#7284=CARTESIAN_POINT('Ctrl Pts',(0.0535474403062993,-5.03035425516505,
6.25627687487147));
#7285=CARTESIAN_POINT('Ctrl Pts',(0.0524503228906027,-5.02815851735653,
6.25543513090053));
#7286=CARTESIAN_POINT('Ctrl Pts',(0.0508429753873613,-5.024941620392,6.25420192190147));
#7287=CARTESIAN_POINT('Ctrl Pts',(0.0493716808065201,-5.02156822442983,
6.25309383937618));
#7288=CARTESIAN_POINT('Ctrl Pts',(0.0481082497466244,-5.01809843536037,
6.25219354893966));
#7289=CARTESIAN_POINT('Ctrl Pts',(0.0476160710369466,-5.01674675392617,
6.25184283428696));
#7290=CARTESIAN_POINT('Ctrl Pts',(0.0471548275765011,-5.01537897417807,
6.25152339200154));
#7291=CARTESIAN_POINT('Ctrl Pts',(0.0467295897788545,-5.01399972705771,
6.2512410732537));
#7292=CARTESIAN_POINT('Ctrl Pts',(0.0453181532365439,-5.00942177138839,
6.25030400933443));
#7293=CARTESIAN_POINT('Ctrl Pts',(0.0442763303976227,-5.00467647627809,
6.24975034912859));
#7294=CARTESIAN_POINT('Ctrl Pts',(0.043673910358961,-4.99972820570263,6.24975034912859));
#7295=CARTESIAN_POINT('Ctrl Pts',(-0.177797724174616,-5.09484563592852,
6.24975034912859));
#7296=CARTESIAN_POINT('Ctrl Pts',(-0.177224916672749,-5.10007312331676,
6.24975034912859));
#7297=CARTESIAN_POINT('Ctrl Pts',(-0.176863777135538,-5.10528189782336,
6.25000447593487));
#7298=CARTESIAN_POINT('Ctrl Pts',(-0.176651059219957,-5.11047614571394,
6.25038577711248));
#7299=CARTESIAN_POINT('Ctrl Pts',(-0.17649898125749,-5.11418965820109,6.25065837994435));
#7300=CARTESIAN_POINT('Ctrl Pts',(-0.176422213586951,-5.11789648716838,
6.25099717840997));
#7301=CARTESIAN_POINT('Ctrl Pts',(-0.176393642680105,-5.12160199265443,
6.25137081422309));
#7302=CARTESIAN_POINT('Ctrl Pts',(-0.176344599756942,-5.12796261753117,
6.25201217267113));
#7303=CARTESIAN_POINT('Ctrl Pts',(-0.176441944888105,-5.13431503342158,
6.25275291015011));
#7304=CARTESIAN_POINT('Ctrl Pts',(-0.176597867194322,-5.14066893834684,
6.25347382726926));
#7305=CARTESIAN_POINT('Ctrl Pts',(-0.176659836024573,-5.14319419637625,
6.25376034426394));
#7306=CARTESIAN_POINT('Ctrl Pts',(-0.176731062303517,-5.14571971433428,
6.25404433327075));
#7307=CARTESIAN_POINT('Ctrl Pts',(-0.176806256637396,-5.14824592752518,
6.2543205352444));
#7308=CARTESIAN_POINT('Ctrl Pts',(-0.177011763186315,-5.15515008277083,
6.25507539683412));
#7309=CARTESIAN_POINT('Ctrl Pts',(-0.177246430517793,-5.16206347457911,
6.25576892037629));
#7310=CARTESIAN_POINT('Ctrl Pts',(-0.177444302627021,-5.16898569908937,
6.25631620617904));
#7311=CARTESIAN_POINT('Ctrl Pts',(-0.177639879293279,-5.17582762136986,
6.2568571431166));
#7312=CARTESIAN_POINT('Ctrl Pts',(-0.17779874462145,-5.1826781764458,6.25725564374432));
#7313=CARTESIAN_POINT('Ctrl Pts',(-0.177884811100091,-5.18952727270341,
6.25747131726836));
#7314=CARTESIAN_POINT('Ctrl Pts',(-0.177935724365576,-5.19357890652886,
6.2575989005454));
#7315=CARTESIAN_POINT('Ctrl Pts',(-0.177961767338399,-5.19762982089713,
6.25766325347844));
#7316=CARTESIAN_POINT('Ctrl Pts',(-0.1779613535008,-5.20167688543835,6.25766222246969));
#7317=CARTESIAN_POINT('Ctrl Pts',(-0.177960645272736,-5.208602898663,6.2576604580352));
#7318=CARTESIAN_POINT('Ctrl Pts',(-0.177878896558319,-5.2155277094633,6.25746610085849));
#7319=CARTESIAN_POINT('Ctrl Pts',(-0.177735283920509,-5.22244476052487,
6.25709788630964));
#7320=CARTESIAN_POINT('Ctrl Pts',(-0.177590664755073,-5.22941029062763,
6.2567270910818));
#7321=CARTESIAN_POINT('Ctrl Pts',(-0.177383875262969,-5.23636756451894,
6.25617965566402));
#7322=CARTESIAN_POINT('Ctrl Pts',(-0.177166230330179,-5.24331884187705,
6.25551625180331));
#7323=CARTESIAN_POINT('Ctrl Pts',(-0.177044231043449,-5.24721532992612,
6.25514438558625));
#7324=CARTESIAN_POINT('Ctrl Pts',(-0.176919353486902,-5.2511101581021,6.25473685159378));
#7325=CARTESIAN_POINT('Ctrl Pts',(-0.17680358417393,-5.25500511073625,6.25431070842804));
#7326=CARTESIAN_POINT('Ctrl Pts',(-0.176614411020921,-5.26136966842177,
6.25361436805746));
#7327=CARTESIAN_POINT('Ctrl Pts',(-0.176450321959359,-5.26772899496013,
6.25286554311222));
#7328=CARTESIAN_POINT('Ctrl Pts',(-0.176398100474622,-5.27409147265688,
6.25216343794525));
#7329=CARTESIAN_POINT('Ctrl Pts',(-0.176377528157594,-5.27659792970069,
6.25188684814406));
#7330=CARTESIAN_POINT('Ctrl Pts',(-0.176374388349902,-5.27910494026404,
6.25161805471814));
#7331=CARTESIAN_POINT('Ctrl Pts',(-0.176394060788976,-5.28161295982776,
6.25136539573173));
#7332=CARTESIAN_POINT('Ctrl Pts',(-0.176434822010698,-5.28680956717942,
6.25084188723712));
#7333=CARTESIAN_POINT('Ctrl Pts',(-0.176571067829927,-5.29200807147423,
6.25038539405586));
#7334=CARTESIAN_POINT('Ctrl Pts',(-0.176875843649171,-5.29722186023588,
6.25008894971856));
#7335=CARTESIAN_POINT('Ctrl Pts',(-0.177091546237411,-5.30091187650166,
6.24987914366838));
#7336=CARTESIAN_POINT('Ctrl Pts',(-0.177391654455388,-5.3046097295869,6.24975034912859));
#7337=CARTESIAN_POINT('Ctrl Pts',(-0.177797724170659,-5.30831555450912,
6.24975034912859));
#7338=CARTESIAN_POINT('Ctrl Pts',(-0.0833977558411629,-5.39105067478737,
6.52534090030969));
#7339=CARTESIAN_POINT('Ctrl Pts',(-0.0513315507197496,-5.41389277602867,
6.52534090030969));
#7340=CARTESIAN_POINT('Ctrl Pts',(-0.0513315507197493,-5.41389277602867,
6.56471097904985));
#7341=CARTESIAN_POINT('Ctrl Pts',(-0.0801083472495085,-5.38751343962624,
6.52534090030969));
#7342=CARTESIAN_POINT('Ctrl Pts',(-0.0493233236010372,-5.41107358582285,
6.52596161539051));
#7343=CARTESIAN_POINT('Ctrl Pts',(-0.0475792311346528,-5.40862519367161,
6.56471097869234));
#7344=CARTESIAN_POINT('Ctrl Pts',(-0.0765046045589236,-5.38427094509066,
6.52481946534631));
#7345=CARTESIAN_POINT('Ctrl Pts',(-0.0471868935747102,-5.40810422676812,
6.52639024311047));
#7346=CARTESIAN_POINT('Ctrl Pts',(-0.0436524042217907,-5.40365958104774,
6.56384192069015));
#7347=CARTESIAN_POINT('Ctrl Pts',(-0.0685774787357235,-5.37832219689474,
6.52288079017373));
#7348=CARTESIAN_POINT('Ctrl Pts',(-0.0421706237920284,-5.40158790460129,
6.52656632298197));
#7349=CARTESIAN_POINT('Ctrl Pts',(-0.0354843882501927,-5.39426291368506,
6.56061079557731));
#7350=CARTESIAN_POINT('Ctrl Pts',(-0.0642022907558163,-5.37559669267358,
6.52143764646903));
#7351=CARTESIAN_POINT('Ctrl Pts',(-0.0392979590912027,-5.39805556773591,
6.52631064666519));
#7352=CARTESIAN_POINT('Ctrl Pts',(-0.0311980226569613,-5.38979433610443,
6.55820555580667));
#7353=CARTESIAN_POINT('Ctrl Pts',(-0.0549835575604207,-5.37080380813568,
6.51787457867101));
#7354=CARTESIAN_POINT('Ctrl Pts',(-0.0327959370419839,-5.39081370772415,
6.52474876157884));
#7355=CARTESIAN_POINT('Ctrl Pts',(-0.0226863009108797,-5.38166708674409,
6.55226710982745));
#7356=CARTESIAN_POINT('Ctrl Pts',(-0.050117531634848,-5.36870941057626,
6.51575507521025));
#7357=CARTESIAN_POINT('Ctrl Pts',(-0.0292140530329369,-5.38712873339316,
6.5234919548742));
#7358=CARTESIAN_POINT('Ctrl Pts',(-0.0184335775471536,-5.37796820761247,
6.54873460374416));
#7359=CARTESIAN_POINT('Ctrl Pts',(-0.0398065415472152,-5.36492431338532,
6.51096879678653));
#7360=CARTESIAN_POINT('Ctrl Pts',(-0.0213449905553895,-5.37981396573727,
6.51983667951899));
#7361=CARTESIAN_POINT('Ctrl Pts',(-0.00993972226518888,-5.37115363787288,
6.54075747331786));
#7362=CARTESIAN_POINT('Ctrl Pts',(-0.034331382493021,-5.36322839845387,
6.50828547365028));
#7363=CARTESIAN_POINT('Ctrl Pts',(-0.0170705854848441,-5.37617612830657,
6.51746603533398));
#7364=CARTESIAN_POINT('Ctrl Pts',(-0.00567991188308994,-5.36802864529386,
6.53628526780832));
#7365=CARTESIAN_POINT('Ctrl Pts',(-0.0174140242497349,-5.35852869150309,
6.49978290690434));
#7366=CARTESIAN_POINT('Ctrl Pts',(-0.00402348511682377,-5.36611537079923,
6.50915045924397));
#7367=CARTESIAN_POINT('Ctrl Pts',(0.00677547249942758,-5.35957724447532,
6.52211432365928));
#7368=CARTESIAN_POINT('Ctrl Pts',(-0.00532232035341212,-5.35583656378692,
6.49346505548155));
#7369=CARTESIAN_POINT('Ctrl Pts',(0.00560369073707432,-5.35991668910718,
6.50171938233587));
#7370=CARTESIAN_POINT('Ctrl Pts',(0.0147519792348686,-5.35505848467928,
6.51158457089491));
#7371=CARTESIAN_POINT('Ctrl Pts',(0.0200298567141473,-5.34953757632293,
6.48019284959299));
#7372=CARTESIAN_POINT('Ctrl Pts',(0.0253460472479815,-5.34951205195855,
6.48501418066597));
#7373=CARTESIAN_POINT('Ctrl Pts',(0.0305243272009625,-5.34735831385839,
6.48946422796339));
#7374=CARTESIAN_POINT('Ctrl Pts',(0.0332684566194804,-5.34588711605219,
6.47322928879778));
#7375=CARTESIAN_POINT('Ctrl Pts',(0.0358076465376021,-5.34503329613591,
6.47553210288746));
#7376=CARTESIAN_POINT('Ctrl Pts',(0.0383274410018365,-5.34418599807319,
6.47784804865574));
#7377=CARTESIAN_POINT('Ctrl Pts',(0.0462592011811607,-5.34151888965252,
6.46628578219945));
#7378=CARTESIAN_POINT('Ctrl Pts',(0.0462592011811607,-5.34151888965252,
6.46628578219945));
#7379=CARTESIAN_POINT('Ctrl Pts',(0.0462592011811607,-5.34151888965252,
6.46628578219945));
#7380=CARTESIAN_POINT('Origin',(-0.0833977558411629,-5.39105067478737,6.56471097904985));
#7381=CARTESIAN_POINT('Origin',(0.108999474887316,-5.52810328223516,6.56471097904985));
#7382=CARTESIAN_POINT('Origin',(-0.0958675964180868,-5.41050398506476,6.56471097904985));
#7383=CARTESIAN_POINT('Origin',(-0.459828300552643,-5.20158059522405,6.56471097904985));
#7384=CARTESIAN_POINT('Origin',(-0.127220997554938,-5.45748831095228,6.56471097904985));
#7385=CARTESIAN_POINT('Ctrl Pts',(-0.178647283192979,-5.49660371179307,
6.46564112490304));
#7386=CARTESIAN_POINT('Ctrl Pts',(-0.130057025653894,-5.52589555190067,
6.4658728694036));
#7387=CARTESIAN_POINT('Ctrl Pts',(-0.174498445257559,-5.56116026532573,
6.46521136520193));
#7388=CARTESIAN_POINT('Ctrl Pts',(-0.178692455330449,-5.49662932891238,
6.4698393214123));
#7389=CARTESIAN_POINT('Ctrl Pts',(-0.13006012911483,-5.52591201076341,6.46856253048596));
#7390=CARTESIAN_POINT('Ctrl Pts',(-0.174567676279656,-5.56121489076119,
6.47220828239671));
#7391=CARTESIAN_POINT('Ctrl Pts',(-0.178296060683799,-5.49640476675219,
6.47395614431935));
#7392=CARTESIAN_POINT('Ctrl Pts',(-0.130034497511579,-5.52576905767795,
6.47118344479019));
#7393=CARTESIAN_POINT('Ctrl Pts',(-0.173960143104511,-5.56073594914094,
6.47906957721099));
#7394=CARTESIAN_POINT('Ctrl Pts',(-0.176719581643082,-5.49549396101749,
6.48182718720999));
#7395=CARTESIAN_POINT('Ctrl Pts',(-0.129817754779706,-5.52512117062061,
6.47658661456172));
#7396=CARTESIAN_POINT('Ctrl Pts',(-0.171545176053346,-5.55880007951131,
6.49218785306714));
#7397=CARTESIAN_POINT('Ctrl Pts',(-0.175559841483829,-5.49481949533862,
6.48562993944511));
#7398=CARTESIAN_POINT('Ctrl Pts',(-0.129630077380501,-5.52463028008913,
6.47936385375242));
#7399=CARTESIAN_POINT('Ctrl Pts',(-0.169768921102322,-5.55736817791217,
6.4985257180937));
#7400=CARTESIAN_POINT('Ctrl Pts',(-0.172605475563221,-5.49305178741117,
6.49281232030514));
#7401=CARTESIAN_POINT('Ctrl Pts',(-0.128878830186252,-5.52318751601842,
6.48515834323));
#7402=CARTESIAN_POINT('Ctrl Pts',(-0.165247225436781,-5.55363348583247,
6.51049627358354));
#7403=CARTESIAN_POINT('Ctrl Pts',(-0.170817120820256,-5.49196245778339,
6.49620925765515));
#7404=CARTESIAN_POINT('Ctrl Pts',(-0.128324567528557,-5.52225101740919,
6.48815618706544));
#7405=CARTESIAN_POINT('Ctrl Pts',(-0.16251140060218,-5.55133890581268,6.51615781028023));
#7406=CARTESIAN_POINT('Ctrl Pts',(-0.166671377328617,-5.48934165409936,
6.50262579873469));
#7407=CARTESIAN_POINT('Ctrl Pts',(-0.12663564638688,-5.51977001258672,6.49435977307614));
#7408=CARTESIAN_POINT('Ctrl Pts',(-0.156174649869145,-5.54585181860549,
6.52685202389799));
#7409=CARTESIAN_POINT('Ctrl Pts',(-0.164324335078217,-5.48781517759021,
6.50561602764619));
#7410=CARTESIAN_POINT('Ctrl Pts',(-0.125514256027964,-5.51824389659488,
6.49752560691313));
#7411=CARTESIAN_POINT('Ctrl Pts',(-0.152589655114253,-5.54267029328645,
6.53183574299146));
#7412=CARTESIAN_POINT('Ctrl Pts',(-0.15930593711958,-5.48440606370838,6.51098768484455));
#7413=CARTESIAN_POINT('Ctrl Pts',(-0.122681569317447,-5.51459791521088,
6.50363881567251));
#7414=CARTESIAN_POINT('Ctrl Pts',(-0.144930708350663,-5.53561244071264,
6.54078853615795));
#7415=CARTESIAN_POINT('Ctrl Pts',(-0.156598832477054,-5.48249972159252,
6.51341278251414));
#7416=CARTESIAN_POINT('Ctrl Pts',(-0.120968554743103,-5.51247059651809,
6.50663058129972));
#7417=CARTESIAN_POINT('Ctrl Pts',(-0.140802213789117,-5.53168685064213,
6.54483039297279));
#7418=CARTESIAN_POINT('Ctrl Pts',(-0.150923010914631,-5.47830092330919,
6.51765539152135));
#7419=CARTESIAN_POINT('Ctrl Pts',(-0.116968279256107,-5.50757644820604,
6.51219066131874));
#7420=CARTESIAN_POINT('Ctrl Pts',(-0.132151617162934,-5.52310162885096,
6.55190147630136));
#7421=CARTESIAN_POINT('Ctrl Pts',(-0.148011330838081,-5.47605120954005,
6.51943510510724));
#7422=CARTESIAN_POINT('Ctrl Pts',(-0.114734628261771,-5.50487192373565,
6.5147172282217));
#7423=CARTESIAN_POINT('Ctrl Pts',(-0.1277164431143,-5.51852922569715,6.55486770638244));
#7424=CARTESIAN_POINT('Ctrl Pts',(-0.138961662498016,-5.46868493578064,
6.52386454808633));
#7425=CARTESIAN_POINT('Ctrl Pts',(-0.107382343887658,-5.49590834843334,
6.52133249170565));
#7426=CARTESIAN_POINT('Ctrl Pts',(-0.113932637677796,-5.50366133290187,
6.56225023647999));
#7427=CARTESIAN_POINT('Ctrl Pts',(-0.132613075766406,-5.46297545932683,
6.52542391663243));
#7428=CARTESIAN_POINT('Ctrl Pts',(-0.101467681495284,-5.48859869852966,
6.52448131232715));
#7429=CARTESIAN_POINT('Ctrl Pts',(-0.104267426117113,-5.49228077905306,
6.56484928030674));
#7430=CARTESIAN_POINT('Ctrl Pts',(-0.126759468095417,-5.45701803129845,
6.52533749249724));
#7431=CARTESIAN_POINT('Ctrl Pts',(-0.0955576453022463,-5.48089702620604,
6.52541667777512));
#7432=CARTESIAN_POINT('Ctrl Pts',(-0.0953098944724707,-5.4805732362567,
6.56470530445687));
#7433=CARTESIAN_POINT('Origin',(-0.198975351505505,-5.53032383234089,6.46628578219945));
#7434=CARTESIAN_POINT('Origin',(-0.198975351505505,-5.53032383234089,7.42455349873488));
#7435=CARTESIAN_POINT('Origin',(-0.198975351505505,-5.53032383234089,6.30880546723882));
#7436=CARTESIAN_POINT('Ctrl Pts',(-0.12722099755494,-5.45748831095229,6.24975034912859));
#7437=CARTESIAN_POINT('Ctrl Pts',(-0.0960178652360466,-5.48149596876174,
6.24975034912859));
#7438=CARTESIAN_POINT('Ctrl Pts',(-0.0960178652360437,-5.48149596876174,
6.21038027038843));
#7439=CARTESIAN_POINT('Ctrl Pts',(-0.130109360772758,-5.46040859039734,
6.24975034912859));
#7440=CARTESIAN_POINT('Ctrl Pts',(-0.098900810453032,-5.48524297816057,
6.25026208158695));
#7441=CARTESIAN_POINT('Ctrl Pts',(-0.100435994209521,-5.48723828082131,
6.21038027059598));
#7442=CARTESIAN_POINT('Ctrl Pts',(-0.133044902361515,-5.46320740840533,
6.25013216585845));
#7443=CARTESIAN_POINT('Ctrl Pts',(-0.101717569845815,-5.4888184145693,6.25125726451015));
#7444=CARTESIAN_POINT('Ctrl Pts',(-0.104915096334382,-5.49277890933418,
6.21101663160459));
#7445=CARTESIAN_POINT('Ctrl Pts',(-0.138989599442414,-5.4685825428038,6.25161467521641));
#7446=CARTESIAN_POINT('Ctrl Pts',(-0.107162839656894,-5.49562037793361,
6.25408207161411));
#7447=CARTESIAN_POINT('Ctrl Pts',(-0.11397727025226,-5.50348605312307,6.21348748053508));
#7448=CARTESIAN_POINT('Ctrl Pts',(-0.142029993517517,-5.47118353854517,
6.25273198551525));
#7449=CARTESIAN_POINT('Ctrl Pts',(-0.109822602769594,-5.49888322279713,
6.2559563506536));
#7450=CARTESIAN_POINT('Ctrl Pts',(-0.118607885594144,-5.50870264938394,
6.21534966442282));
#7451=CARTESIAN_POINT('Ctrl Pts',(-0.147996052591655,-5.47604169053093,
6.25564667831987));
#7452=CARTESIAN_POINT('Ctrl Pts',(-0.114725105346382,-5.50486037224781,
6.26035944554366));
#7453=CARTESIAN_POINT('Ctrl Pts',(-0.12769498083152,-5.51850769357139,6.22020748565062));
#7454=CARTESIAN_POINT('Ctrl Pts',(-0.150905828904903,-5.47828930979963,
6.25742754109141));
#7455=CARTESIAN_POINT('Ctrl Pts',(-0.11695572845739,-5.50756120647761,6.26288567504187));
#7456=CARTESIAN_POINT('Ctrl Pts',(-0.132127277317302,-5.52307600666594,
6.22317559029496));
#7457=CARTESIAN_POINT('Ctrl Pts',(-0.156540528030065,-5.48245934414645,
6.26163264301704));
#7458=CARTESIAN_POINT('Ctrl Pts',(-0.12093037178028,-5.51242343043376,6.26839977672515));
#7459=CARTESIAN_POINT('Ctrl Pts',(-0.140715202705212,-5.53160194451814,
6.23018409356736));
#7460=CARTESIAN_POINT('Ctrl Pts',(-0.159283382288511,-5.48439230423759,
6.26408320949067));
#7461=CARTESIAN_POINT('Ctrl Pts',(-0.122669664092922,-5.51458262059533,
6.27142642901153));
#7462=CARTESIAN_POINT('Ctrl Pts',(-0.144898202677376,-5.53558192360125,
6.23426837101015));
#7463=CARTESIAN_POINT('Ctrl Pts',(-0.164309388788308,-5.4878072234391,6.26945868641444));
#7464=CARTESIAN_POINT('Ctrl Pts',(-0.125508653811924,-5.51823587659626,
6.27754617595793));
#7465=CARTESIAN_POINT('Ctrl Pts',(-0.15256880024843,-5.5426516338337,6.24322749917994));
#7466=CARTESIAN_POINT('Ctrl Pts',(-0.166619742955702,-5.48931019097345,
6.27239764994611));
#7467=CARTESIAN_POINT('Ctrl Pts',(-0.126613920055417,-5.51973914143864,
6.28066004483412));
#7468=CARTESIAN_POINT('Ctrl Pts',(-0.156097772412236,-5.54578407197076,
6.24812577170825));
#7469=CARTESIAN_POINT('Ctrl Pts',(-0.170770897923023,-5.49193571027325,
6.27880323364626));
#7470=CARTESIAN_POINT('Ctrl Pts',(-0.128310385962812,-5.52222743525416,
6.28686152733268));
#7471=CARTESIAN_POINT('Ctrl Pts',(-0.162442798798842,-5.55128065309596,
6.25880174462727));
#7472=CARTESIAN_POINT('Ctrl Pts',(-0.172592256925791,-5.49304551228019,
6.28225780269296));
#7473=CARTESIAN_POINT('Ctrl Pts',(-0.128876649747714,-5.52318252853281,
6.2899122718982));
#7474=CARTESIAN_POINT('Ctrl Pts',(-0.165229131144966,-5.55361825941982,
6.26455935966272));
#7475=CARTESIAN_POINT('Ctrl Pts',(-0.177008007149464,-5.49568808495021,
6.29297102250421));
#7476=CARTESIAN_POINT('Ctrl Pts',(-0.130012282842196,-5.52536011120643,
6.29863906919401));
#7477=CARTESIAN_POINT('Ctrl Pts',(-0.171987566899693,-5.5592012252198,6.28241472601379));
#7478=CARTESIAN_POINT('Ctrl Pts',(-0.178649264521904,-5.49660657729335,
6.30085500682237));
#7479=CARTESIAN_POINT('Ctrl Pts',(-0.13005936230217,-5.52589848053151,6.30375834773671));
#7480=CARTESIAN_POINT('Ctrl Pts',(-0.174503762680993,-5.5611644620428,6.29555469987887));
#7481=CARTESIAN_POINT('Ctrl Pts',(-0.178649264591961,-5.49660657725111,
6.30880546723882));
#7482=CARTESIAN_POINT('Ctrl Pts',(-0.130059362314643,-5.52589848058605,
6.30880546723882));
#7483=CARTESIAN_POINT('Ctrl Pts',(-0.174503762903773,-5.56116446221957,
6.30880546723882));
#7484=CARTESIAN_POINT('Origin',(-0.127220997554926,-5.45748831095227,6.21038027038843));
#7485=CARTESIAN_POINT('Origin',(-0.459828300552643,-5.20158059522405,6.21038027038843));
#7486=CARTESIAN_POINT('Origin',(-0.0958675964180943,-5.41050398506476,6.21038027038843));
#7487=CARTESIAN_POINT('Origin',(0.108999474887316,-5.52810328223516,6.21038027038843));
#7488=CARTESIAN_POINT('Origin',(-0.0833977558411629,-5.39105067478737,6.21038027038843));
#7489=CARTESIAN_POINT('Ctrl Pts',(-0.0513315507197493,-5.41389277602867,
6.21038027038843));
#7490=CARTESIAN_POINT('Ctrl Pts',(-0.0513315507197496,-5.41389277602867,
6.24975034912859));
#7491=CARTESIAN_POINT('Ctrl Pts',(-0.0833977558411629,-5.39105067478737,
6.24975034912859));
#7492=CARTESIAN_POINT('Ctrl Pts',(-0.047579231134654,-5.40862519367161,
6.21038027074593));
#7493=CARTESIAN_POINT('Ctrl Pts',(-0.0493233236010515,-5.41107358582284,
6.24912963404779));
#7494=CARTESIAN_POINT('Ctrl Pts',(-0.0801083472495218,-5.38751343962625,
6.24975034912859));
#7495=CARTESIAN_POINT('Ctrl Pts',(-0.0436524042217896,-5.40365958104774,
6.21124932874812));
#7496=CARTESIAN_POINT('Ctrl Pts',(-0.0471868935746828,-5.40810422676812,
6.24870100632779));
#7497=CARTESIAN_POINT('Ctrl Pts',(-0.0765046045588709,-5.38427094509068,
6.25027178409197));
#7498=CARTESIAN_POINT('Ctrl Pts',(-0.0354843882501941,-5.39426291368506,
6.21448045386097));
#7499=CARTESIAN_POINT('Ctrl Pts',(-0.0421706237920541,-5.40158790460128,
6.24852492645632));
#7500=CARTESIAN_POINT('Ctrl Pts',(-0.0685774787357765,-5.37832219689472,
6.25221045926454));
#7501=CARTESIAN_POINT('Ctrl Pts',(-0.0311980226569629,-5.38979433610443,
6.21688569363159));
#7502=CARTESIAN_POINT('Ctrl Pts',(-0.0392979590911761,-5.39805556773591,
6.24878060277308));
#7503=CARTESIAN_POINT('Ctrl Pts',(-0.0642022907558172,-5.37559669267358,
6.25365360296924));
#7504=CARTESIAN_POINT('Ctrl Pts',(-0.0226863009108779,-5.38166708674409,
6.22282413961083));
#7505=CARTESIAN_POINT('Ctrl Pts',(-0.0327959370420101,-5.39081370772415,
6.25034248785945));
#7506=CARTESIAN_POINT('Ctrl Pts',(-0.0549835575604198,-5.37080380813568,
6.25721667076727));
#7507=CARTESIAN_POINT('Ctrl Pts',(-0.0184335775471536,-5.37796820761247,
6.22635664569412));
#7508=CARTESIAN_POINT('Ctrl Pts',(-0.0292140530329365,-5.38712873339316,
6.25159929456408));
#7509=CARTESIAN_POINT('Ctrl Pts',(-0.0501175316348477,-5.36870941057626,
6.25933617422803));
#7510=CARTESIAN_POINT('Ctrl Pts',(-0.00993972226518888,-5.37115363787288,
6.23433377612041));
#7511=CARTESIAN_POINT('Ctrl Pts',(-0.0213449905553895,-5.37981396573727,
6.25525456991928));
#7512=CARTESIAN_POINT('Ctrl Pts',(-0.0398065415472155,-5.36492431338532,
6.26412245265174));
#7513=CARTESIAN_POINT('Ctrl Pts',(-0.00567991188308976,-5.36802864529386,
6.23880598162995));
#7514=CARTESIAN_POINT('Ctrl Pts',(-0.0170705854848439,-5.37617612830658,
6.25762521410429));
#7515=CARTESIAN_POINT('Ctrl Pts',(-0.0343313824930214,-5.36322839845387,
6.266805775788));
#7516=CARTESIAN_POINT('Ctrl Pts',(0.00677547249942793,-5.35957724447532,
6.25297692577901));
#7517=CARTESIAN_POINT('Ctrl Pts',(-0.00402348511682429,-5.36611537079923,
6.26594079019433));
#7518=CARTESIAN_POINT('Ctrl Pts',(-0.0174140242497331,-5.35852869150309,
6.27530834253394));
#7519=CARTESIAN_POINT('Ctrl Pts',(0.0147519792348632,-5.35505848467928,
6.26350667854333));
#7520=CARTESIAN_POINT('Ctrl Pts',(0.00560369073707432,-5.3599166891072,
6.27337186710237));
#7521=CARTESIAN_POINT('Ctrl Pts',(-0.00532232035341229,-5.35583656378693,
6.2816261939567));
#7522=CARTESIAN_POINT('Ctrl Pts',(0.0305243272009679,-5.34735831385839,
6.28562702147492));
#7523=CARTESIAN_POINT('Ctrl Pts',(0.0253460472479806,-5.34951205195853,
6.29007706877234));
#7524=CARTESIAN_POINT('Ctrl Pts',(0.0200298567141475,-5.34953757632292,
6.29489839984531));
#7525=CARTESIAN_POINT('Ctrl Pts',(0.0383274410015917,-5.34418599807327,
6.2972432007827));
#7526=CARTESIAN_POINT('Ctrl Pts',(0.0358076465374405,-5.34503329613596,
6.29955914655099));
#7527=CARTESIAN_POINT('Ctrl Pts',(0.0332684566193619,-5.34588711605223,
6.30186196064071));
#7528=CARTESIAN_POINT('Ctrl Pts',(0.0462592011811607,-5.34151888965252,
6.30880546723882));
#7529=CARTESIAN_POINT('Ctrl Pts',(0.0462592011811607,-5.34151888965252,
6.30880546723882));
#7530=CARTESIAN_POINT('Ctrl Pts',(0.0462592011811607,-5.34151888965252,
6.30880546723882));
#7531=CARTESIAN_POINT('Ctrl Pts',(0.043673910358961,-4.99972820570263,6.24975034912859));
#7532=CARTESIAN_POINT('Ctrl Pts',(0.083044259285873,-5.00008265506188,6.24975034912859));
#7533=CARTESIAN_POINT('Ctrl Pts',(0.0830423936175783,-5.00008263826536,
6.21037840473294));
#7534=CARTESIAN_POINT('Ctrl Pts',(0.0442576636884813,-5.00452314819637,
6.24975034912859));
#7535=CARTESIAN_POINT('Ctrl Pts',(0.0830130545875968,-5.00354378256252,
6.24912960486496));
#7536=CARTESIAN_POINT('Ctrl Pts',(0.0829841689496929,-5.00654992466031,
6.21037841990039));
#7537=CARTESIAN_POINT('Ctrl Pts',(0.0452689437713579,-5.00926424983916,
6.25027178409197));
#7538=CARTESIAN_POINT('Ctrl Pts',(0.0829973451182128,-5.00720176257884,
6.24870093336175));
#7539=CARTESIAN_POINT('Ctrl Pts',(0.0832445813710452,-5.01287535934149,
6.21124751821861));
#7540=CARTESIAN_POINT('Ctrl Pts',(0.0481888958640597,-5.01873530092609,
6.25221045926454));
#7541=CARTESIAN_POINT('Ctrl Pts',(0.0832281355187155,-5.01542193252653,
6.2485247604515));
#7542=CARTESIAN_POINT('Ctrl Pts',(0.0843338644061887,-5.02527829385398,
6.21447875653078));
#7543=CARTESIAN_POINT('Ctrl Pts',(0.0501281800003356,-5.02351126367281,
6.25365360296924));
#7544=CARTESIAN_POINT('Ctrl Pts',(0.0834774227079563,-5.01996806749257,
6.2487803873769));
#7545=CARTESIAN_POINT('Ctrl Pts',(0.0851772498003049,-5.0314127028615,6.21688407324076));
#7546=CARTESIAN_POINT('Ctrl Pts',(0.0547724015194863,-5.03280577766777,
6.25721667076727));
#7547=CARTESIAN_POINT('Ctrl Pts',(0.0844842310407728,-5.02964831401379,
6.25034219599758));
#7548=CARTESIAN_POINT('Ctrl Pts',(0.0872904680878674,-5.04299022576346,
6.22282268413257));
#7549=CARTESIAN_POINT('Ctrl Pts',(0.0574796582798057,-5.03735939933395,
6.25933617422802));
#7550=CARTESIAN_POINT('Ctrl Pts',(0.0852177577208538,-5.03473466457864,
6.25159897301377));
#7551=CARTESIAN_POINT('Ctrl Pts',(0.0885588267375197,-5.04848195758807,
6.22635528176655));
#7552=CARTESIAN_POINT('Ctrl Pts',(0.0635998351726184,-5.0464800852804,6.26412245265175));
#7553=CARTESIAN_POINT('Ctrl Pts',(0.0872879799319548,-5.04527708236483,
6.25525421675967));
#7554=CARTESIAN_POINT('Ctrl Pts',(0.0914287749740299,-5.05898663630722,
6.23433259643473));
#7555=CARTESIAN_POINT('Ctrl Pts',(0.0670341257988542,-5.0510691093616,6.266805775788));
#7556=CARTESIAN_POINT('Ctrl Pts',(0.0886096114487242,-5.05073215330118,
6.25762485623135));
#7557=CARTESIAN_POINT('Ctrl Pts',(0.0930400156253878,-5.06401808335115,
6.23880489749987));
#7558=CARTESIAN_POINT('Ctrl Pts',(0.0779630119151308,-5.06481115082607,
6.27530834253394));
#7559=CARTESIAN_POINT('Ctrl Pts',(0.0932566996482324,-5.0665387997505,6.26594044584919));
#7560=CARTESIAN_POINT('Ctrl Pts',(0.0981540893386897,-5.07817463418571,
6.25297613381549));
#7561=CARTESIAN_POINT('Ctrl Pts',(0.0861663053595765,-5.07409354445171,
6.28162619395671));
#7562=CARTESIAN_POINT('Ctrl Pts',(0.0974053770599234,-5.07721092713192,
6.27337157381513));
#7563=CARTESIAN_POINT('Ctrl Pts',(0.101954105776056,-5.08651739089685,6.26350605504924));
#7564=CARTESIAN_POINT('Ctrl Pts',(0.102981286515856,-5.09408520605976,6.2948983998453));
#7565=CARTESIAN_POINT('Ctrl Pts',(0.107268432877067,-5.09722922062051,6.29007690516173));
#7566=CARTESIAN_POINT('Ctrl Pts',(0.11019355914758,-5.10201452083771,6.28562672699343));
#7567=CARTESIAN_POINT('Ctrl Pts',(0.111549658592114,-5.10481690618601,6.30186196064081));
#7568=CARTESIAN_POINT('Ctrl Pts',(0.113102869849109,-5.10699968183721,6.29955906940205));
#7569=CARTESIAN_POINT('Ctrl Pts',(0.114644216634453,-5.10916578398073,6.29724304554571));
#7570=CARTESIAN_POINT('Ctrl Pts',(0.119495773447687,-5.1159838263009,6.30880546723882));
#7571=CARTESIAN_POINT('Ctrl Pts',(0.119495773447687,-5.1159838263009,6.30880546723882));
#7572=CARTESIAN_POINT('Ctrl Pts',(0.119495773447687,-5.1159838263009,6.30880546723882));
#7573=CARTESIAN_POINT('Origin',(0.043673910358961,-4.99972820570263,6.21038027038843));
#7574=CARTESIAN_POINT('Origin',(0.279884810175879,-5.00185480108138,6.21038027038843));
#7575=CARTESIAN_POINT('Origin',(0.0575115275345167,-4.92216644077997,6.21038027038843));
#7576=CARTESIAN_POINT('Ctrl Pts',(0.0867077278968126,-4.88381131928915,
6.26960023978789));
#7577=CARTESIAN_POINT('Ctrl Pts',(0.112397452127074,-4.89631216629642,6.26370653222612));
#7578=CARTESIAN_POINT('Ctrl Pts',(0.125417776326007,-4.87983016031659,6.24346342148727));
#7579=CARTESIAN_POINT('Ctrl Pts',(0.0818552774922603,-4.88813692247719,
6.26345118166233));
#7580=CARTESIAN_POINT('Ctrl Pts',(0.108749223811622,-4.9023847726642,6.25736917662222));
#7581=CARTESIAN_POINT('Ctrl Pts',(0.120314499485709,-4.88629023290106,6.23321274792673));
#7582=CARTESIAN_POINT('Ctrl Pts',(0.0763206099584075,-4.8937103000475,6.25844811969216));
#7583=CARTESIAN_POINT('Ctrl Pts',(0.105103899987357,-4.90941791025526,6.2533573375798));
#7584=CARTESIAN_POINT('Ctrl Pts',(0.114517202044062,-4.89451661011948,6.22487655459313));
#7585=CARTESIAN_POINT('Ctrl Pts',(0.0660396907488092,-4.90667365422639,
6.25163348399011));
#7586=CARTESIAN_POINT('Ctrl Pts',(0.0990672290922099,-4.9230494781724,6.249126303883));
#7587=CARTESIAN_POINT('Ctrl Pts',(0.103716740205726,-4.91335200914122,6.2135188285589));
#7588=CARTESIAN_POINT('Ctrl Pts',(0.0611749525274827,-4.91425778643981,
6.24975034912859));
#7589=CARTESIAN_POINT('Ctrl Pts',(0.0966530422095577,-4.92964546854149,
6.2489864985831));
#7590=CARTESIAN_POINT('Ctrl Pts',(0.0985910068053997,-4.92423750793142,
6.21038027087154));
#7591=CARTESIAN_POINT('Ctrl Pts',(0.0575115275345167,-4.92216644077997,
6.24975034912859));
#7592=CARTESIAN_POINT('Ctrl Pts',(0.0945737413080771,-4.93544783416354,
6.24975034912859));
#7593=CARTESIAN_POINT('Ctrl Pts',(0.0945737413080771,-4.93544783416354,
6.21038027038843));
#7594=CARTESIAN_POINT('Origin',(0.0945243695560606,-4.8554252321636,6.24346342148723));
#7595=CARTESIAN_POINT('Ctrl Pts',(0.124644042075467,-4.88081172245838,6.24210576899022));
#7596=CARTESIAN_POINT('Ctrl Pts',(0.111818223961013,-4.89711840905947,6.26285644096182));
#7597=CARTESIAN_POINT('Ctrl Pts',(0.0860511778060302,-4.88439486383187,
6.26878600645758));
#7598=CARTESIAN_POINT('Ctrl Pts',(0.129858084879413,-4.87418286521885,6.2510971561755));
#7599=CARTESIAN_POINT('Ctrl Pts',(0.11565787190284,-4.89176330828609,6.26839137000348));
#7600=CARTESIAN_POINT('Ctrl Pts',(0.090464806133599,-4.88044665746811,6.27418156138979));
#7601=CARTESIAN_POINT('Ctrl Pts',(0.134227189097511,-4.86891813293937,6.26175885497769));
#7602=CARTESIAN_POINT('Ctrl Pts',(0.119053080013654,-4.88722781742857,6.27556559409194));
#7603=CARTESIAN_POINT('Ctrl Pts',(0.0941097829052544,-4.8773268393893,6.28057789602313));
#7604=CARTESIAN_POINT('Ctrl Pts',(0.140176415622644,-4.86185727450092,6.2852746861361));
#7605=CARTESIAN_POINT('Ctrl Pts',(0.123662780536306,-4.88116074943717,6.29191944391464));
#7606=CARTESIAN_POINT('Ctrl Pts',(0.0990560421022235,-4.87314783577042,
6.29468722065582));
#7607=CARTESIAN_POINT('Ctrl Pts',(0.141700243734333,-4.86011395793316,6.29775223562375));
#7608=CARTESIAN_POINT('Ctrl Pts',(0.124883591297471,-4.87960295784203,6.30090668246755));
#7609=CARTESIAN_POINT('Ctrl Pts',(0.100311920647657,-4.87211962176387,6.30217363027373));
#7610=CARTESIAN_POINT('Ctrl Pts',(0.141532076765921,-4.86030669815911,6.31074561802624));
#7611=CARTESIAN_POINT('Ctrl Pts',(0.124749643344149,-4.87977412967403,6.31019243906762));
#7612=CARTESIAN_POINT('Ctrl Pts',(0.10017326454927,-4.87223332063486,6.30996953977146));
#7613=CARTESIAN_POINT('Origin',(0.111726359695418,-4.83458483592045,6.30880546723882));
#7614=CARTESIAN_POINT('Origin',(0.111726359695418,-4.83458483592045,7.92617884604941));
#7615=CARTESIAN_POINT('Origin',(0.111726359695418,-4.83458483592045,6.46628578219945));
#7616=CARTESIAN_POINT('Ctrl Pts',(0.14154464208168,-4.86029228883861,6.46628578219945));
#7617=CARTESIAN_POINT('Ctrl Pts',(0.124760611314837,-4.8797602217598,6.46628578219945));
#7618=CARTESIAN_POINT('Ctrl Pts',(0.100185604434508,-4.87222542661738,6.46628578219945));
#7619=CARTESIAN_POINT('Ctrl Pts',(0.141544641836482,-4.86029228912302,6.47835939164543));
#7620=CARTESIAN_POINT('Ctrl Pts',(0.124760611122399,-4.87976022200787,6.47491729100169));
#7621=CARTESIAN_POINT('Ctrl Pts',(0.100185604296178,-4.87222542657497,6.47352994784355));
#7622=CARTESIAN_POINT('Ctrl Pts',(0.140026885311842,-4.86203483369564,6.4904006901262));
#7623=CARTESIAN_POINT('Ctrl Pts',(0.123549629830193,-4.88130987719093,6.48357205339232));
#7624=CARTESIAN_POINT('Ctrl Pts',(0.0989336796989537,-4.87325357606959,
6.48075472698698));
#7625=CARTESIAN_POINT('Ctrl Pts',(0.134386645290332,-4.8687287933359,6.51270902088238));
#7626=CARTESIAN_POINT('Ctrl Pts',(0.119179249519604,-4.88706179141474,6.49908699365798));
#7627=CARTESIAN_POINT('Ctrl Pts',(0.0942443432120167,-4.87721555180272,
6.49413972537772));
#7628=CARTESIAN_POINT('Ctrl Pts',(0.130358799331919,-4.87357547959699,6.52280581597805));
#7629=CARTESIAN_POINT('Ctrl Pts',(0.116048272338253,-4.89123930626649,6.50589987121939));
#7630=CARTESIAN_POINT('Ctrl Pts',(0.0908839244953682,-4.88008854641694,
6.50019890462761));
#7631=CARTESIAN_POINT('Ctrl Pts',(0.125417776326018,-4.87983016031657,6.53162782795101));
#7632=CARTESIAN_POINT('Ctrl Pts',(0.112397452127084,-4.89631216629641,6.51138471721217));
#7633=CARTESIAN_POINT('Ctrl Pts',(0.0867077278968239,-4.88381131928914,
6.50549100965039));
#7634=CARTESIAN_POINT('Origin',(0.0945243695560345,-4.85542523216362,6.531627827951));
#7635=CARTESIAN_POINT('Ctrl Pts',(0.0571100659118576,-4.92304438746636,
6.52533351124335));
#7636=CARTESIAN_POINT('Ctrl Pts',(0.0943415667334372,-4.93610280713903,
6.52525070371319));
#7637=CARTESIAN_POINT('Ctrl Pts',(0.0941327559522698,-4.93669148265435,
6.56470086823909));
#7638=CARTESIAN_POINT('Ctrl Pts',(0.0590572592210214,-4.91873017588807,
6.52540597136936));
#7639=CARTESIAN_POINT('Ctrl Pts',(0.095480530403391,-4.93291952423566,6.52570916324397));
#7640=CARTESIAN_POINT('Ctrl Pts',(0.0962758723192076,-4.93058289544649,
6.56482162669761));
#7641=CARTESIAN_POINT('Ctrl Pts',(0.0612915622612355,-4.91461332416382,
6.52494452870377));
#7642=CARTESIAN_POINT('Ctrl Pts',(0.0966576438241458,-4.92965809517129,
6.52589656677644));
#7643=CARTESIAN_POINT('Ctrl Pts',(0.0986716369934595,-4.92471440334324,
6.56405251958579));
#7644=CARTESIAN_POINT('Ctrl Pts',(0.0660587006886782,-4.90700427294989,
6.52310449487385));
#7645=CARTESIAN_POINT('Ctrl Pts',(0.0992356757281686,-4.92295966128454,
6.52545502335207));
#7646=CARTESIAN_POINT('Ctrl Pts',(0.103731390797289,-4.91379953254783,6.5609856880266));
#7647=CARTESIAN_POINT('Ctrl Pts',(0.0685902497655215,-4.90345850311232,
6.52176628428133));
#7648=CARTESIAN_POINT('Ctrl Pts',(0.100621287798824,-4.91954565660496,6.52487610300465));
#7649=CARTESIAN_POINT('Ctrl Pts',(0.106396512821723,-4.90867976738935,6.55875526413752));
#7650=CARTESIAN_POINT('Ctrl Pts',(0.0765183242498007,-4.8934591715088,6.5165138557134));
#7651=CARTESIAN_POINT('Ctrl Pts',(0.105215242097764,-4.90916924261844,6.52165915073584));
#7652=CARTESIAN_POINT('Ctrl Pts',(0.114725515532089,-4.89415098415338,6.55000095490052));
#7653=CARTESIAN_POINT('Ctrl Pts',(0.0822569974496619,-4.88773419594578,
6.51127577263698));
#7654=CARTESIAN_POINT('Ctrl Pts',(0.109009274800455,-4.90188758130884,6.51743638216671));
#7655=CARTESIAN_POINT('Ctrl Pts',(0.120736488633335,-4.88569394631681,6.54127196739543));
#7656=CARTESIAN_POINT('Ctrl Pts',(0.0872366664071603,-4.88334231483999,
6.50481268310707));
#7657=CARTESIAN_POINT('Ctrl Pts',(0.112789279809246,-4.89566631081896,6.51069767378801));
#7658=CARTESIAN_POINT('Ctrl Pts',(0.125974935966345,-4.879128360595,6.53049839367437));
#7659=CARTESIAN_POINT('Origin',(0.0575115275345167,-4.92216644077997,6.56471097904985));
#7660=CARTESIAN_POINT('Origin',(0.279884810175879,-5.00185480108138,6.56471097904985));
#7661=CARTESIAN_POINT('Origin',(0.043673910358961,-4.99972820570263,6.56471097904985));
#7662=CARTESIAN_POINT('Ctrl Pts',(0.0830423936175849,-5.00008263826536,
6.56471284456088));
#7663=CARTESIAN_POINT('Ctrl Pts',(0.0830442591414169,-5.00008265506058,
6.52534090030969));
#7664=CARTESIAN_POINT('Ctrl Pts',(0.043673910358961,-4.99972820570263,6.52534090030969));
#7665=CARTESIAN_POINT('Ctrl Pts',(0.0829841689497998,-5.0065499246492,6.56471282939457));
#7666=CARTESIAN_POINT('Ctrl Pts',(0.0830130544465184,-5.00354378256608,
6.52596164457107));
#7667=CARTESIAN_POINT('Ctrl Pts',(0.0442576636884815,-5.00452314819637,
6.52534090030969));
#7668=CARTESIAN_POINT('Ctrl Pts',(0.0832445813701196,-5.01287535932025,
6.56384373107948));
#7669=CARTESIAN_POINT('Ctrl Pts',(0.0829973449825168,-5.00720176258626,
6.52639031607088));
#7670=CARTESIAN_POINT('Ctrl Pts',(0.0452689437713582,-5.00926424983916,
6.52481946534631));
#7671=CARTESIAN_POINT('Ctrl Pts',(0.0843338644019207,-5.02527829381593,
6.56061249277607));
#7672=CARTESIAN_POINT('Ctrl Pts',(0.0832281353965172,-5.01542193253809,
6.52656648897392));
#7673=CARTESIAN_POINT('Ctrl Pts',(0.0481888958640593,-5.01873530092609,
6.52288079017373));
#7674=CARTESIAN_POINT('Ctrl Pts',(0.0851772497936182,-5.03141270281648,
6.55820717607205));
#7675=CARTESIAN_POINT('Ctrl Pts',(0.0834774225938214,-5.01996806750469,
6.5263108620447));
#7676=CARTESIAN_POINT('Ctrl Pts',(0.0501281800003359,-5.0235112636728,6.52143764646903));
#7677=CARTESIAN_POINT('Ctrl Pts',(0.0872904680763756,-5.04299022570882,
6.55226856519301));
#7678=CARTESIAN_POINT('Ctrl Pts',(0.0844842309430997,-5.02964831402418,
6.52474905341809));
#7679=CARTESIAN_POINT('Ctrl Pts',(0.0547724015194859,-5.03280577766777,
6.517874578671));
#7680=CARTESIAN_POINT('Ctrl Pts',(0.0885588267235405,-5.04848195753055,
6.54873596756612));
#7681=CARTESIAN_POINT('Ctrl Pts',(0.0852177576315676,-5.03473466458709,
6.52349227639962));
#7682=CARTESIAN_POINT('Ctrl Pts',(0.0574796582797818,-5.03735939933394,
6.51575507521025));
#7683=CARTESIAN_POINT('Ctrl Pts',(0.0914287749559535,-5.05898663624737,
6.5407586529122));
#7684=CARTESIAN_POINT('Ctrl Pts',(0.0872879798589386,-5.04527708236854,
6.51983703265125));
#7685=CARTESIAN_POINT('Ctrl Pts',(0.0635998351726425,-5.04648008528041,
6.51096879678652));
#7686=CARTESIAN_POINT('Ctrl Pts',(0.0930400156056258,-5.06401808329189,
6.53628635185447));
#7687=CARTESIAN_POINT('Ctrl Pts',(0.0886096113836047,-5.05073215330219,
6.51746639317921));
#7688=CARTESIAN_POINT('Ctrl Pts',(0.0670341257988539,-5.0510691093616,6.50828547365028));
#7689=CARTESIAN_POINT('Ctrl Pts',(0.0981540893155277,-5.07817463413067,
6.52211511556145));
#7690=CARTESIAN_POINT('Ctrl Pts',(0.093256699604704,-5.06653879974559,6.50915080356244));
#7691=CARTESIAN_POINT('Ctrl Pts',(0.0779630119151313,-5.06481115082607,
6.49978290690434));
#7692=CARTESIAN_POINT('Ctrl Pts',(0.1019541057538,-5.08651739085132,6.51158519434077));
#7693=CARTESIAN_POINT('Ctrl Pts',(0.0974053770290034,-5.07721092712336,
6.50171967560042));
#7694=CARTESIAN_POINT('Ctrl Pts',(0.0861663053595877,-5.07409354445172,
6.49346505548156));
#7695=CARTESIAN_POINT('Ctrl Pts',(0.110193559132589,-5.10201452081318,6.48946452242203));
#7696=CARTESIAN_POINT('Ctrl Pts',(0.107268432865804,-5.09722922061224,6.48501434426389));
#7697=CARTESIAN_POINT('Ctrl Pts',(0.102981286515845,-5.09408520605975,6.48019284959298));
#7698=CARTESIAN_POINT('Ctrl Pts',(0.114644216626289,-5.10916578396925,6.47784820388035));
#7699=CARTESIAN_POINT('Ctrl Pts',(0.113102869844937,-5.10699968183135,6.47553218002993));
#7700=CARTESIAN_POINT('Ctrl Pts',(0.111549658592022,-5.10481690618588,6.47322928879713));
#7701=CARTESIAN_POINT('Ctrl Pts',(0.119495773447688,-5.1159838263009,6.46628578219945));
#7702=CARTESIAN_POINT('Ctrl Pts',(0.119495773447688,-5.1159838263009,6.46628578219945));
#7703=CARTESIAN_POINT('Ctrl Pts',(0.119495773447687,-5.1159838263009,6.46628578219945));
#7704=CARTESIAN_POINT('Ctrl Pts',(-0.261364712151552,-4.97624565408809,
6.46608756635301));
#7705=CARTESIAN_POINT('Ctrl Pts',(-0.287454990194726,-5.00641622575947,
6.46608948350606));
#7706=CARTESIAN_POINT('Ctrl Pts',(-0.317282580209518,-4.97993486178177,
6.46595542249303));
#7707=CARTESIAN_POINT('Ctrl Pts',(-0.261377759881457,-4.9762335120219,6.4714933140648));
#7708=CARTESIAN_POINT('Ctrl Pts',(-0.287472474915415,-5.00641063916312,
6.47144333451853));
#7709=CARTESIAN_POINT('Ctrl Pts',(-0.317310057619168,-4.97990990705875,
6.47496500099292));
#7710=CARTESIAN_POINT('Ctrl Pts',(-0.260857398166011,-4.9767183602197,6.47677709587101));
#7711=CARTESIAN_POINT('Ctrl Pts',(-0.286778322172187,-5.00663212036691,
6.47665431839953));
#7712=CARTESIAN_POINT('Ctrl Pts',(-0.316214002356433,-4.98090616513419,
6.48377130261783));
#7713=CARTESIAN_POINT('Ctrl Pts',(-0.258684416659289,-4.97854505114893,
6.48710238049627));
#7714=CARTESIAN_POINT('Ctrl Pts',(-0.28378980368008,-5.00768573947872,6.48733478918764));
#7715=CARTESIAN_POINT('Ctrl Pts',(-0.311704958572241,-4.98473259214646,
6.50098011726039));
#7716=CARTESIAN_POINT('Ctrl Pts',(-0.257008258220866,-4.9799022673493,6.49213602521832));
#7717=CARTESIAN_POINT('Ctrl Pts',(-0.281497657026928,-5.00852989037072,
6.4927494633593));
#7718=CARTESIAN_POINT('Ctrl Pts',(-0.308245158042829,-4.9875949562922,6.50936729018872));
#7719=CARTESIAN_POINT('Ctrl Pts',(-0.254704426289791,-4.98146786512295,
6.49673268983083));
#7720=CARTESIAN_POINT('Ctrl Pts',(-0.278235470489738,-5.00977582081666,
6.49799896899744));
#7721=CARTESIAN_POINT('Ctrl Pts',(-0.303595266124655,-4.99103204680408,
6.51703073702143));
#7722=CARTESIAN_POINT('Origin',(-0.280330354201157,-4.9592707010729,6.51674933560706));
#7723=CARTESIAN_POINT('Origin',(-0.291144597592643,-4.95049323203235,6.46628578219945));
#7724=CARTESIAN_POINT('Origin',(-0.291144597592643,-4.95049323203235,6.63518341999473));
#7725=CARTESIAN_POINT('Origin',(-0.291144597592643,-4.95049323203235,6.30880546723882));
#7726=CARTESIAN_POINT('Ctrl Pts',(-0.254788928799716,-4.98141087841784,
6.49656391424402));
#7727=CARTESIAN_POINT('Ctrl Pts',(-0.278353743152426,-5.00973055919306,
6.49780856534022));
#7728=CARTESIAN_POINT('Ctrl Pts',(-0.303765279902355,-4.99090624054018,
6.51674933560706));
#7729=CARTESIAN_POINT('Ctrl Pts',(-0.252628160686794,-4.98288424889635,
6.50091407269133));
#7730=CARTESIAN_POINT('Ctrl Pts',(-0.27649555298926,-5.01167850326637,6.50210765911449));
#7731=CARTESIAN_POINT('Ctrl Pts',(-0.300731037150445,-4.99315394216461,
6.52400079088868));
#7732=CARTESIAN_POINT('Ctrl Pts',(-0.250000064243296,-4.98477601823663,
6.5050034583848));
#7733=CARTESIAN_POINT('Ctrl Pts',(-0.274333313320065,-5.01402993929762,
6.50591325720439));
#7734=CARTESIAN_POINT('Ctrl Pts',(-0.297020381448883,-4.99600656243106,
6.53081524248732));
#7735=CARTESIAN_POINT('Ctrl Pts',(-0.244324060446175,-4.98932555845801,
6.51209661524598));
#7736=CARTESIAN_POINT('Ctrl Pts',(-0.269916218036102,-5.01908106260126,
6.51225927036187));
#7737=CARTESIAN_POINT('Ctrl Pts',(-0.288894025334101,-5.00271235985907,
6.54263717063137));
#7738=CARTESIAN_POINT('Ctrl Pts',(-0.241216392810608,-4.99203043993555,
6.5151929159714));
#7739=CARTESIAN_POINT('Ctrl Pts',(-0.267624602140645,-5.02182428090748,
6.51486280353996));
#7740=CARTESIAN_POINT('Ctrl Pts',(-0.284393661300629,-5.00663528703585,
6.54779767173779));
#7741=CARTESIAN_POINT('Ctrl Pts',(-0.234882900113565,-4.9983073226121,6.52021874824099));
#7742=CARTESIAN_POINT('Ctrl Pts',(-0.26306528238384,-5.02747265483495,6.51914561657829));
#7743=CARTESIAN_POINT('Ctrl Pts',(-0.275016245118285,-5.0155013379163,6.55617405901692));
#7744=CARTESIAN_POINT('Ctrl Pts',(-0.23171640020771,-5.00181380401668,6.52211837418892));
#7745=CARTESIAN_POINT('Ctrl Pts',(-0.260856817215732,-5.03029435099924,
6.52078674701693));
#7746=CARTESIAN_POINT('Ctrl Pts',(-0.270228720379353,-5.02035413402079,
6.55934010225483));
#7747=CARTESIAN_POINT('Ctrl Pts',(-0.225555869323962,-5.00974897430558,
6.52470002088551));
#7748=CARTESIAN_POINT('Ctrl Pts',(-0.256229908357312,-5.03624511421666,
6.52353056844224));
#7749=CARTESIAN_POINT('Ctrl Pts',(-0.260582726836904,-5.03101614289933,
6.56364284660328));
#7750=CARTESIAN_POINT('Ctrl Pts',(-0.222626089894885,-5.01411248210536,
6.52534090030969));
#7751=CARTESIAN_POINT('Ctrl Pts',(-0.253875271117722,-5.0392830000788,6.52459239992056));
#7752=CARTESIAN_POINT('Ctrl Pts',(-0.255818516848769,-5.03673370169875,
6.56471097901421));
#7753=CARTESIAN_POINT('Ctrl Pts',(-0.220006167677149,-5.01877211037997,
6.52534090030969));
#7754=CARTESIAN_POINT('Ctrl Pts',(-0.251316909552907,-5.04263925397102,
6.52534090030969));
#7755=CARTESIAN_POINT('Ctrl Pts',(-0.251316909552908,-5.04263925397102,
6.56471097904985));
#7756=CARTESIAN_POINT('Origin',(-0.220006167677149,-5.01877211037997,6.56471097904985));
#7757=CARTESIAN_POINT('Ctrl Pts',(-0.254788928799716,-4.98141087841784,
6.27852733519426));
#7758=CARTESIAN_POINT('Ctrl Pts',(-0.278353743152426,-5.00973055919306,
6.27728268409806));
#7759=CARTESIAN_POINT('Ctrl Pts',(-0.303765279902355,-4.99090624054018,
6.25834191383121));
#7760=CARTESIAN_POINT('Ctrl Pts',(-0.257063451816671,-4.97985994074677,
6.28310651109489));
#7761=CARTESIAN_POINT('Ctrl Pts',(-0.281570460815225,-5.00850272439812,
6.28250044355633));
#7762=CARTESIAN_POINT('Ctrl Pts',(-0.308355770055947,-4.98750570438707,
6.26597261501916));
#7763=CARTESIAN_POINT('Ctrl Pts',(-0.258668344305145,-4.97855830144143,
6.28795013471683));
#7764=CARTESIAN_POINT('Ctrl Pts',(-0.283767311916188,-5.00769389110296,
6.28771273036247));
#7765=CARTESIAN_POINT('Ctrl Pts',(-0.311671286932907,-4.98475997705618,
6.27404657968313));
#7766=CARTESIAN_POINT('Ctrl Pts',(-0.260829899285236,-4.97674291789561,
6.29814379476623));
#7767=CARTESIAN_POINT('Ctrl Pts',(-0.286740479620836,-5.00664491125508,
6.29826264998653));
#7768=CARTESIAN_POINT('Ctrl Pts',(-0.316156023729204,-4.98095653164623,
6.29103601313687));
#7769=CARTESIAN_POINT('Ctrl Pts',(-0.261365254671421,-4.97624578210388,
6.30350091142261));
#7770=CARTESIAN_POINT('Ctrl Pts',(-0.287455662040601,-5.00641581144951,
6.30355307021191));
#7771=CARTESIAN_POINT('Ctrl Pts',(-0.317283084008033,-4.97993440435817,
6.29996454086446));
#7772=CARTESIAN_POINT('Ctrl Pts',(-0.261365254670162,-4.97624578210242,
6.30880546723882));
#7773=CARTESIAN_POINT('Ctrl Pts',(-0.287455662127071,-5.00641581142117,
6.30880546723882));
#7774=CARTESIAN_POINT('Ctrl Pts',(-0.317283084141713,-4.97993440423949,
6.30880546723882));
#7775=CARTESIAN_POINT('Origin',(-0.280330354201154,-4.9592707010729,6.25834191383121));
#7776=CARTESIAN_POINT('Origin',(-0.459828300552643,-5.20158059522405,6.56471097904985));
#7777=CARTESIAN_POINT('Origin',(-0.177797724174616,-5.09484563592852,6.56471097904985));
#7778=CARTESIAN_POINT('Ctrl Pts',(-0.220006167677149,-5.01877211037997,
6.24975034912859));
#7779=CARTESIAN_POINT('Ctrl Pts',(-0.251316909552908,-5.04263925397102,
6.24975034912859));
#7780=CARTESIAN_POINT('Ctrl Pts',(-0.251316909552908,-5.04263925397102,
6.21038027038843));
#7781=CARTESIAN_POINT('Ctrl Pts',(-0.22263905385133,-5.01408942528206,6.24975034912859));
#7782=CARTESIAN_POINT('Ctrl Pts',(-0.253887563701433,-5.03926687373384,
6.25050244598565));
#7783=CARTESIAN_POINT('Ctrl Pts',(-0.255841688549192,-5.03670330329233,
6.21038027048934));
#7784=CARTESIAN_POINT('Ctrl Pts',(-0.225517960430865,-5.00980441509258,
6.25038200152029));
#7785=CARTESIAN_POINT('Ctrl Pts',(-0.256199598245073,-5.03628436990995,
6.25154678945867));
#7786=CARTESIAN_POINT('Ctrl Pts',(-0.26052139154296,-5.03108898123672,6.21143302428143));
#7787=CARTESIAN_POINT('Ctrl Pts',(-0.231649122755665,-5.00189396258079,
6.2529381358949));
#7788=CARTESIAN_POINT('Ctrl Pts',(-0.260808240205322,-5.03035655755274,
6.25427167076087));
#7789=CARTESIAN_POINT('Ctrl Pts',(-0.270125324092158,-5.02046346422582,
6.21569324842546));
#7790=CARTESIAN_POINT('Ctrl Pts',(-0.234881724173796,-4.9983100827509,6.25487423465062));
#7791=CARTESIAN_POINT('Ctrl Pts',(-0.263064787146594,-5.02747364931932,
6.25594714129381));
#7792=CARTESIAN_POINT('Ctrl Pts',(-0.275014071021801,-5.01550479590129,
6.21892007956876));
#7793=CARTESIAN_POINT('Ctrl Pts',(-0.241176824520717,-4.99206807013141,
6.25986428534883));
#7794=CARTESIAN_POINT('Ctrl Pts',(-0.267596081763535,-5.02185923885783,
6.26019971291112));
#7795=CARTESIAN_POINT('Ctrl Pts',(-0.284335506397025,-5.00668887726216,
6.22723683077855));
#7796=CARTESIAN_POINT('Ctrl Pts',(-0.244318029915395,-4.98933049167209,
6.26298746299401));
#7797=CARTESIAN_POINT('Ctrl Pts',(-0.269911528957835,-5.01908647822266,
6.26282556609953));
#7798=CARTESIAN_POINT('Ctrl Pts',(-0.288885367199818,-5.00271960092053,
6.2324421268501));
#7799=CARTESIAN_POINT('Ctrl Pts',(-0.250002112920278,-4.98477427670442,
6.27008998648658));
#7800=CARTESIAN_POINT('Ctrl Pts',(-0.274334812261999,-5.01402817256088,
6.26917982703332));
#7801=CARTESIAN_POINT('Ctrl Pts',(-0.297023338731207,-4.99600402572992,
6.2442796659658));
#7802=CARTESIAN_POINT('Ctrl Pts',(-0.252593895960265,-4.98290761310806,
6.27410819340881));
#7803=CARTESIAN_POINT('Ctrl Pts',(-0.276466837667615,-5.01170860558895,
6.27291715467266));
#7804=CARTESIAN_POINT('Ctrl Pts',(-0.300683504501477,-4.99318915332633,
6.25097686134986));
#7805=CARTESIAN_POINT('Ctrl Pts',(-0.254788928799708,-4.98141087841783,
6.27852733519426));
#7806=CARTESIAN_POINT('Ctrl Pts',(-0.278353743152419,-5.00973055919305,
6.27728268409805));
#7807=CARTESIAN_POINT('Ctrl Pts',(-0.303765279902346,-4.99090624054017,
6.25834191383121));
#7808=CARTESIAN_POINT('Origin',(-0.220006167677149,-5.01877211037997,6.21038027038843));
#7809=CARTESIAN_POINT('Ctrl Pts',(-0.177797724174616,-5.09484563592852,
6.52534090030969));
#7810=CARTESIAN_POINT('Ctrl Pts',(-0.214619123735049,-5.10878075826086,
6.52534090030969));
#7811=CARTESIAN_POINT('Ctrl Pts',(-0.214619123735049,-5.10878075826086,
6.56471097904985));
#7812=CARTESIAN_POINT('Ctrl Pts',(-0.17701160939359,-5.10201978362334,6.52534090030969));
#7813=CARTESIAN_POINT('Ctrl Pts',(-0.212621195581386,-5.11405997280178,
6.52710391683585));
#7814=CARTESIAN_POINT('Ctrl Pts',(-0.211762628230992,-5.11632860461549,
6.56471097849245));
#7815=CARTESIAN_POINT('Ctrl Pts',(-0.176595616993904,-5.10953757834489,
6.52485662299141));
#7816=CARTESIAN_POINT('Ctrl Pts',(-0.210483508203847,-5.12014096207242,
6.52842668087921));
#7817=CARTESIAN_POINT('Ctrl Pts',(-0.209300415760298,-5.12388110305061,
6.5639038498994));
#7818=CARTESIAN_POINT('Ctrl Pts',(-0.176298587535885,-5.12547109306218,
6.52337894064648));
#7819=CARTESIAN_POINT('Ctrl Pts',(-0.206430096248129,-5.13372540723844,
6.52998124853504));
#7820=CARTESIAN_POINT('Ctrl Pts',(-0.205086627219288,-5.1390657009199,6.56144104656447));
#7821=CARTESIAN_POINT('Ctrl Pts',(-0.17641844502251,-5.13389059081794,6.52238127456887));
#7822=CARTESIAN_POINT('Ctrl Pts',(-0.204507995506205,-5.14116707042808,
6.53025382440551));
#7823=CARTESIAN_POINT('Ctrl Pts',(-0.203335227126754,-5.14669722041713,
6.55977826914567));
#7824=CARTESIAN_POINT('Ctrl Pts',(-0.17688902784509,-5.15177980119087,6.52036389057515));
#7825=CARTESIAN_POINT('Ctrl Pts',(-0.201275299243258,-5.15711241807142,
6.53011799125601));
#7826=CARTESIAN_POINT('Ctrl Pts',(-0.200512847324202,-5.16212964767416,
6.55641596316177));
#7827=CARTESIAN_POINT('Ctrl Pts',(-0.177236416546706,-5.16129007078825,
6.51934643020224));
#7828=CARTESIAN_POINT('Ctrl Pts',(-0.199929872168895,-5.16568798397439,
6.52974121862884));
#7829=CARTESIAN_POINT('Ctrl Pts',(-0.199441632274492,-5.16995647443968,
6.55472019526353));
#7830=CARTESIAN_POINT('Ctrl Pts',(-0.177775806856687,-5.18095625275366,
6.51787683693911));
#7831=CARTESIAN_POINT('Ctrl Pts',(-0.198137136112028,-5.18320985917798,
6.52906947686303));
#7832=CARTESIAN_POINT('Ctrl Pts',(-0.198013497583657,-5.18563346448868,
6.5522708737061));
#7833=CARTESIAN_POINT('Ctrl Pts',(-0.177959076793926,-5.19113136063022,
6.517434699026));
#7834=CARTESIAN_POINT('Ctrl Pts',(-0.197652721092286,-5.19232606415165,
6.52879739706184));
#7835=CARTESIAN_POINT('Ctrl Pts',(-0.19765129235556,-5.19350502647952,6.55153397689401));
#7836=CARTESIAN_POINT('Ctrl Pts',(-0.177963594251142,-5.21161447161721,
6.51742344449118));
#7837=CARTESIAN_POINT('Ctrl Pts',(-0.197640202432485,-5.21046581436386,
6.52879102304931));
#7838=CARTESIAN_POINT('Ctrl Pts',(-0.19764160148158,-5.2093351595536,6.55151521936868));
#7839=CARTESIAN_POINT('Ctrl Pts',(-0.177781331994976,-5.22197504808803,
6.51786245837535));
#7840=CARTESIAN_POINT('Ctrl Pts',(-0.198120453979001,-5.21974833963198,
6.52906218683204));
#7841=CARTESIAN_POINT('Ctrl Pts',(-0.198000317217738,-5.21734662072189,
6.55224690945828));
#7842=CARTESIAN_POINT('Ctrl Pts',(-0.177238304371622,-5.2418303477751,6.51934062096732));
#7843=CARTESIAN_POINT('Ctrl Pts',(-0.199922149211962,-5.23743804182538,
6.52973937373449));
#7844=CARTESIAN_POINT('Ctrl Pts',(-0.199435205111194,-5.23317009132072,
6.55471051318022));
#7845=CARTESIAN_POINT('Ctrl Pts',(-0.17689236048212,-5.25128382458821,6.52035329735731));
#7846=CARTESIAN_POINT('Ctrl Pts',(-0.201260525593619,-5.24596085709885,
6.53011492694468));
#7847=CARTESIAN_POINT('Ctrl Pts',(-0.200500800276685,-5.2409502312946,6.55639830779823));
#7848=CARTESIAN_POINT('Ctrl Pts',(-0.176420666692002,-5.26915735912872,
6.52236809986437));
#7849=CARTESIAN_POINT('Ctrl Pts',(-0.204484389197871,-5.26189314624919,
6.5302553443934));
#7850=CARTESIAN_POINT('Ctrl Pts',(-0.203314054691149,-5.25636346037196,
6.55975631130531));
#7851=CARTESIAN_POINT('Ctrl Pts',(-0.176298622605468,-5.27758377386779,
6.52336749733389));
#7852=CARTESIAN_POINT('Ctrl Pts',(-0.206404895610296,-5.26934382060994,
6.52998756819153));
#7853=CARTESIAN_POINT('Ctrl Pts',(-0.20506203829254,-5.26399703124561,6.56142197438049));
#7854=CARTESIAN_POINT('Ctrl Pts',(-0.176592323163718,-5.29355394008955,
6.52485172702723));
#7855=CARTESIAN_POINT('Ctrl Pts',(-0.210464277133294,-5.28296356201774,
6.52843752544857));
#7856=CARTESIAN_POINT('Ctrl Pts',(-0.209278499475349,-5.27921085383334,
6.56389568995544));
#7857=CARTESIAN_POINT('Ctrl Pts',(-0.177007236905195,-5.30110150310291,
6.52534090030969));
#7858=CARTESIAN_POINT('Ctrl Pts',(-0.212610283847546,-5.28907238507826,
6.52711354558219));
#7859=CARTESIAN_POINT('Ctrl Pts',(-0.21174673143418,-5.28679058101162,6.56471097847632));
#7860=CARTESIAN_POINT('Ctrl Pts',(-0.177797724170659,-5.30831555450912,
6.52534090030969));
#7861=CARTESIAN_POINT('Ctrl Pts',(-0.214619123731609,-5.29438043217815,
6.52534090030969));
#7862=CARTESIAN_POINT('Ctrl Pts',(-0.214619123731609,-5.29438043217815,
6.56471097904985));
#7863=CARTESIAN_POINT('Origin',(-0.17779772417066,-5.30831555450912,6.56471097904985));
#7864=CARTESIAN_POINT('Origin',(-0.459828300552643,-5.20158059522405,6.21038027038843));
#7865=CARTESIAN_POINT('Origin',(-0.177797724174616,-5.09484563592852,6.21038027038843));
#7866=CARTESIAN_POINT('Origin',(-0.459828300552643,-5.20158059522405,6.56471097904985));
#7867=CARTESIAN_POINT('Origin',(-0.220006167670373,-5.38438908005924,6.56471097904985));
#7868=CARTESIAN_POINT('Ctrl Pts',(-0.177797724170659,-5.30831555450912,
6.24975034912859));
#7869=CARTESIAN_POINT('Ctrl Pts',(-0.214619123731609,-5.29438043217815,
6.24975034912859));
#7870=CARTESIAN_POINT('Ctrl Pts',(-0.214619123731609,-5.29438043217815,
6.21038027038843));
#7871=CARTESIAN_POINT('Ctrl Pts',(-0.177011609389827,-5.30114140681428,
6.24975034912859));
#7872=CARTESIAN_POINT('Ctrl Pts',(-0.212621195578218,-5.28910121763712,
6.24798733260243));
#7873=CARTESIAN_POINT('Ctrl Pts',(-0.211762628227832,-5.28683258582342,
6.21038027094582));
#7874=CARTESIAN_POINT('Ctrl Pts',(-0.17659561699047,-5.2936236120927,6.25023462644687));
#7875=CARTESIAN_POINT('Ctrl Pts',(-0.210483508200826,-5.28302022836643,
6.24666456855908));
#7876=CARTESIAN_POINT('Ctrl Pts',(-0.209300415757417,-5.2792800873882,6.21118739953887));
#7877=CARTESIAN_POINT('Ctrl Pts',(-0.176298587533084,-5.27769009737541,
6.25171230879179));
#7878=CARTESIAN_POINT('Ctrl Pts',(-0.206430096245616,-5.26943578320027,
6.24511000090322));
#7879=CARTESIAN_POINT('Ctrl Pts',(-0.205086627216971,-5.26409548951876,
6.2136502028738));
#7880=CARTESIAN_POINT('Ctrl Pts',(-0.176418445019984,-5.26927059961965,
6.25270997486941));
#7881=CARTESIAN_POINT('Ctrl Pts',(-0.204507995503974,-5.26199412001055,
6.24483742503278));
#7882=CARTESIAN_POINT('Ctrl Pts',(-0.20333522712472,-5.25646397002146,6.2153129802926));
#7883=CARTESIAN_POINT('Ctrl Pts',(-0.176889027843261,-5.25138138924674,
6.25472735886311));
#7884=CARTESIAN_POINT('Ctrl Pts',(-0.201275299241602,-5.24604877236709,
6.24497325818224));
#7885=CARTESIAN_POINT('Ctrl Pts',(-0.200512847322739,-5.24103154276432,
6.2186752862765));
#7886=CARTESIAN_POINT('Ctrl Pts',(-0.177236416545177,-5.24187111964937,
6.25574481923605));
#7887=CARTESIAN_POINT('Ctrl Pts',(-0.19992987216754,-5.23747320646407,6.24535003080942));
#7888=CARTESIAN_POINT('Ctrl Pts',(-0.199441632273319,-5.23320471599876,
6.22037105417474));
#7889=CARTESIAN_POINT('Ctrl Pts',(-0.177775806855957,-5.22220493768398,
6.25721441249915));
#7890=CARTESIAN_POINT('Ctrl Pts',(-0.19813713611137,-5.21995133126041,6.24602177257525));
#7891=CARTESIAN_POINT('Ctrl Pts',(-0.198013497583066,-5.21752772594972,
6.22282037573217));
#7892=CARTESIAN_POINT('Ctrl Pts',(-0.177959076793534,-5.21202982980742,
6.25765655041228));
#7893=CARTESIAN_POINT('Ctrl Pts',(-0.197652721091964,-5.21083512628673,
6.24629385237646));
#7894=CARTESIAN_POINT('Ctrl Pts',(-0.19765129235526,-5.20965616395885,6.22355727254427));
#7895=CARTESIAN_POINT('Ctrl Pts',(-0.177963594251519,-5.19154671882043,
6.25766780494709));
#7896=CARTESIAN_POINT('Ctrl Pts',(-0.197640202432794,-5.19269537607451,
6.24630022638895));
#7897=CARTESIAN_POINT('Ctrl Pts',(-0.197641601481868,-5.19382603088478,
6.22357603006959));
#7898=CARTESIAN_POINT('Ctrl Pts',(-0.177781331995723,-5.1811861423496,6.25722879106293));
#7899=CARTESIAN_POINT('Ctrl Pts',(-0.198120453979618,-5.18341285080641,
6.24602906260623));
#7900=CARTESIAN_POINT('Ctrl Pts',(-0.198000317218322,-5.1858145697165,6.22284433997999));
#7901=CARTESIAN_POINT('Ctrl Pts',(-0.177238304373123,-5.16133084266253,
6.25575062847096));
#7902=CARTESIAN_POINT('Ctrl Pts',(-0.199922149213347,-5.16572314861308,
6.2453518757038));
#7903=CARTESIAN_POINT('Ctrl Pts',(-0.199435205112364,-5.16999109911772,
6.22038073625805));
#7904=CARTESIAN_POINT('Ctrl Pts',(-0.176892360483974,-5.1518773658494,6.25473795208096));
#7905=CARTESIAN_POINT('Ctrl Pts',(-0.201260525595337,-5.15720033333965,
6.2449763224936));
#7906=CARTESIAN_POINT('Ctrl Pts',(-0.200500800278145,-5.16221095914388,
6.21869294164005));
#7907=CARTESIAN_POINT('Ctrl Pts',(-0.176420666694496,-5.13400383130887,
6.25272314957391));
#7908=CARTESIAN_POINT('Ctrl Pts',(-0.204484389200033,-5.14126804418944,
6.24483590504487));
#7909=CARTESIAN_POINT('Ctrl Pts',(-0.203314054693179,-5.14679773006663,
6.21533493813296));
#7910=CARTESIAN_POINT('Ctrl Pts',(-0.176298622608293,-5.1255774165698,6.25172375210438));
#7911=CARTESIAN_POINT('Ctrl Pts',(-0.206404895612868,-5.13381736982877,
6.24510368124677));
#7912=CARTESIAN_POINT('Ctrl Pts',(-0.205062038294858,-5.13916415919303,
6.21366927505779));
#7913=CARTESIAN_POINT('Ctrl Pts',(-0.17659232316712,-5.10960725034804,6.25023952241105));
#7914=CARTESIAN_POINT('Ctrl Pts',(-0.210464277136247,-5.1201976284211,6.24665372398967));
#7915=CARTESIAN_POINT('Ctrl Pts',(-0.209278499478223,-5.12395033660549,
6.21119555948283));
#7916=CARTESIAN_POINT('Ctrl Pts',(-0.177007236908792,-5.10205968733469,
6.24975034912859));
#7917=CARTESIAN_POINT('Ctrl Pts',(-0.212610283850592,-5.11408880536057,
6.24797770385605));
#7918=CARTESIAN_POINT('Ctrl Pts',(-0.211746731437343,-5.11637060942726,
6.21038027096193));
#7919=CARTESIAN_POINT('Ctrl Pts',(-0.177797724174616,-5.09484563592852,
6.24975034912859));
#7920=CARTESIAN_POINT('Ctrl Pts',(-0.214619123735049,-5.10878075826086,
6.24975034912859));
#7921=CARTESIAN_POINT('Ctrl Pts',(-0.214619123735049,-5.10878075826086,
6.21038027038843));
#7922=CARTESIAN_POINT('Origin',(-0.177797724170659,-5.30831555450912,6.21038027038843));
#7923=CARTESIAN_POINT('Ctrl Pts',(-0.219834542676983,-5.38408422916701,
6.52534000229519));
#7924=CARTESIAN_POINT('Ctrl Pts',(-0.251150902910857,-5.36030407627654,
6.5253881622975));
#7925=CARTESIAN_POINT('Ctrl Pts',(-0.251022664548805,-5.3601351814308,6.56470948396827));
#7926=CARTESIAN_POINT('Ctrl Pts',(-0.221882915063328,-5.38775576885477,
6.52536154821306));
#7927=CARTESIAN_POINT('Ctrl Pts',(-0.25316219495457,-5.36294458544441,6.52481251099252));
#7928=CARTESIAN_POINT('Ctrl Pts',(-0.254551820761252,-5.36478281757766,
6.56474537416888));
#7929=CARTESIAN_POINT('Ctrl Pts',(-0.22408195666782,-5.39118228212865,6.52499539361766));
#7930=CARTESIAN_POINT('Ctrl Pts',(-0.255016202610795,-5.36534318756422,
6.52405038015983));
#7931=CARTESIAN_POINT('Ctrl Pts',(-0.258175400903651,-5.36923307627668,
6.56413510382022));
#7932=CARTESIAN_POINT('Ctrl Pts',(-0.228660321817512,-5.39752626952797,
6.52350715347271));
#7933=CARTESIAN_POINT('Ctrl Pts',(-0.258602190141249,-5.36997102248521,
6.52219068435465));
#7934=CARTESIAN_POINT('Ctrl Pts',(-0.265479080324499,-5.37764274318257,
6.56165469160042));
#7935=CARTESIAN_POINT('Ctrl Pts',(-0.231062641192142,-5.40048565983062,
6.52238638226889));
#7936=CARTESIAN_POINT('Ctrl Pts',(-0.260341992054946,-5.37220834899604,
6.52109136226906));
#7937=CARTESIAN_POINT('Ctrl Pts',(-0.269198902270188,-5.38165504221945,
6.5597867403003));
#7938=CARTESIAN_POINT('Ctrl Pts',(-0.235870467722951,-5.40585846007793,
6.51945116728568));
#7939=CARTESIAN_POINT('Ctrl Pts',(-0.263794126856473,-5.37659000957168,
6.51846701320736));
#7940=CARTESIAN_POINT('Ctrl Pts',(-0.276486818984556,-5.38906999515548,
6.55489472537976));
#7941=CARTESIAN_POINT('Ctrl Pts',(-0.238276123853215,-5.40828160731114,
6.51764699602199));
#7942=CARTESIAN_POINT('Ctrl Pts',(-0.265498282992334,-5.37872191509691,
6.51695412492114));
#7943=CARTESIAN_POINT('Ctrl Pts',(-0.280058010909706,-5.39248353942534,
6.55188778267954));
#7944=CARTESIAN_POINT('Ctrl Pts',(-0.243011354294233,-5.41268620766384,
6.51336114555768));
#7945=CARTESIAN_POINT('Ctrl Pts',(-0.268958527667513,-5.38292813421629,
6.5133001045815));
#7946=CARTESIAN_POINT('Ctrl Pts',(-0.286991876255425,-5.39878318541793,
6.54474471908177));
#7947=CARTESIAN_POINT('Ctrl Pts',(-0.245335268801086,-5.41465814170191,
6.51087336939603));
#7948=CARTESIAN_POINT('Ctrl Pts',(-0.270704595021979,-5.38498775159174,
6.51116202694897));
#7949=CARTESIAN_POINT('Ctrl Pts',(-0.290345162377591,-5.40165696229412,
6.54059843708663));
#7950=CARTESIAN_POINT('Ctrl Pts',(-0.251764480320504,-5.4197757750674,6.5027059536107));
#7951=CARTESIAN_POINT('Ctrl Pts',(-0.275697181422671,-5.39067792145407,
6.50387228996831));
#7952=CARTESIAN_POINT('Ctrl Pts',(-0.299541227035762,-5.40921091766759,
6.52698610721587));
#7953=CARTESIAN_POINT('Ctrl Pts',(-0.255471092423831,-5.42225534884444,
6.49611472163991));
#7954=CARTESIAN_POINT('Ctrl Pts',(-0.278884761039896,-5.39402182095717,
6.49755857440822));
#7955=CARTESIAN_POINT('Ctrl Pts',(-0.304731960236208,-5.41301172403034,
6.51600073054672));
#7956=CARTESIAN_POINT('Ctrl Pts',(-0.260559680778511,-5.42550472950239,
6.4817714436819));
#7957=CARTESIAN_POINT('Ctrl Pts',(-0.283396096336764,-5.39856911155138,
6.48292027309193));
#7958=CARTESIAN_POINT('Ctrl Pts',(-0.311829165572337,-5.41804026697568,
6.49209525787338));
#7959=CARTESIAN_POINT('Ctrl Pts',(-0.261957115885808,-5.42629768906889,
6.4738200984717));
#7960=CARTESIAN_POINT('Ctrl Pts',(-0.284738555356012,-5.39983287935939,
6.47436271613228));
#7961=CARTESIAN_POINT('Ctrl Pts',(-0.313757785736904,-5.41930143317914,
6.47884299493634));
#7962=CARTESIAN_POINT('Ctrl Pts',(-0.261916676284161,-5.42627470472867,
6.46595341886205));
#7963=CARTESIAN_POINT('Ctrl Pts',(-0.284699955148548,-5.39979651164357,
6.46592941456785));
#7964=CARTESIAN_POINT('Ctrl Pts',(-0.313701966924116,-5.41926489225596,
6.46573184246575));
#7965=CARTESIAN_POINT('Origin',(-0.29176052162103,-5.45195395489503,6.46628578219945));
#7966=CARTESIAN_POINT('Origin',(-0.459828300552643,-5.20158059522405,6.21038027038843));
#7967=CARTESIAN_POINT('Origin',(-0.220006167670373,-5.38438908005924,6.21038027038843));
#7968=CARTESIAN_POINT('Origin',(-0.29176052162103,-5.45195395489503,6.63518341999473));
#7969=CARTESIAN_POINT('Origin',(-0.29176052162103,-5.45195395489503,6.30880546723882));
#7970=CARTESIAN_POINT('Ctrl Pts',(-0.26191800700333,-5.42627463595354,6.30880546723882));
#7971=CARTESIAN_POINT('Ctrl Pts',(-0.284701312511665,-5.39979764373964,
6.30880546723882));
#7972=CARTESIAN_POINT('Ctrl Pts',(-0.313703145434203,-5.419265664022,6.30880546723882));
#7973=CARTESIAN_POINT('Ctrl Pts',(-0.261918006990678,-5.42627463596825,
6.30489303718239));
#7974=CARTESIAN_POINT('Ctrl Pts',(-0.284701312424153,-5.39979764365582,
6.30461523217656));
#7975=CARTESIAN_POINT('Ctrl Pts',(-0.313703145303927,-5.41926566393455,
6.30228475048012));
#7976=CARTESIAN_POINT('Ctrl Pts',(-0.261580056666787,-5.4260771513283,6.30104641793914));
#7977=CARTESIAN_POINT('Ctrl Pts',(-0.284384670930453,-5.3994954941514,6.30048734369751));
#7978=CARTESIAN_POINT('Ctrl Pts',(-0.313235520146204,-5.41895381318163,
6.29587371840326));
#7979=CARTESIAN_POINT('Ctrl Pts',(-0.260269461392551,-5.42528829982714,
6.29348043547541));
#7980=CARTESIAN_POINT('Ctrl Pts',(-0.283182204462868,-5.39832695163401,
6.29248102948487));
#7981=CARTESIAN_POINT('Ctrl Pts',(-0.311417445262853,-5.41771661069735,
6.28326374763589));
#7982=CARTESIAN_POINT('Ctrl Pts',(-0.259280858836063,-5.42468700184394,
6.28972137246905));
#7983=CARTESIAN_POINT('Ctrl Pts',(-0.282277463715495,-5.39744118700786,
6.28854706517968));
#7984=CARTESIAN_POINT('Ctrl Pts',(-0.310044837444352,-5.41677576301336,
6.27699864264477));
#7985=CARTESIAN_POINT('Ctrl Pts',(-0.256745102825438,-5.42306825226767,
6.28255874336179));
#7986=CARTESIAN_POINT('Ctrl Pts',(-0.280028788711305,-5.39517503417128,
6.28123514886985));
#7987=CARTESIAN_POINT('Ctrl Pts',(-0.306508245043172,-5.41427052596632,
6.26506092742154));
#7988=CARTESIAN_POINT('Ctrl Pts',(-0.255209892275077,-5.42205863451981,
6.27916203259463));
#7989=CARTESIAN_POINT('Ctrl Pts',(-0.278689207526457,-5.39379781762549,
6.27785537860213));
#7990=CARTESIAN_POINT('Ctrl Pts',(-0.304361034321371,-5.41271811711852,
6.25939974280699));
#7991=CARTESIAN_POINT('Ctrl Pts',(-0.251666310283781,-5.41957384021714,
6.27273304986894));
#7992=CARTESIAN_POINT('Ctrl Pts',(-0.275716368895995,-5.39063060246035,
6.27166045066628));
#7993=CARTESIAN_POINT('Ctrl Pts',(-0.299370643678937,-5.40895095080017,
6.24868477164719));
#7994=CARTESIAN_POINT('Ctrl Pts',(-0.249642095178546,-5.41808460746504,
6.26969141444674));
#7995=CARTESIAN_POINT('Ctrl Pts',(-0.274068624927947,-5.38882124739508,
6.26884255433057));
#7996=CARTESIAN_POINT('Ctrl Pts',(-0.296504570170693,-5.40671575159143,
6.24361537927164));
#7997=CARTESIAN_POINT('Ctrl Pts',(-0.245357030706804,-5.41467524180646,
6.2642419541539));
#7998=CARTESIAN_POINT('Ctrl Pts',(-0.270721183915407,-5.38500696614942,
6.26394969444807));
#7999=CARTESIAN_POINT('Ctrl Pts',(-0.290375754530055,-5.40168283891514,
6.23453294541099));
#8000=CARTESIAN_POINT('Ctrl Pts',(-0.243078805390626,-5.41274484296353,
6.26179683473665));
#8001=CARTESIAN_POINT('Ctrl Pts',(-0.269008424858943,-5.38298769877527,
6.26184760186801));
#8002=CARTESIAN_POINT('Ctrl Pts',(-0.287089094708645,-5.39886875220506,
6.23045774633855));
#8003=CARTESIAN_POINT('Ctrl Pts',(-0.238323537553903,-5.40832760490002,
6.25748070002321));
#8004=CARTESIAN_POINT('Ctrl Pts',(-0.265532020760532,-5.37876380170608,
6.25816705003122));
#8005=CARTESIAN_POINT('Ctrl Pts',(-0.280127440799153,-5.39254931288335,
6.22326418860945));
#8006=CARTESIAN_POINT('Ctrl Pts',(-0.235889280774466,-5.4058760163924,6.25565416005613));
#8007=CARTESIAN_POINT('Ctrl Pts',(-0.26380731006572,-5.37660640172801,6.256635270787));
#8008=CARTESIAN_POINT('Ctrl Pts',(-0.276513857982609,-5.38909561552493,
6.22021995527516));
#8009=CARTESIAN_POINT('Ctrl Pts',(-0.228715417871666,-5.39786595198198,
6.25126578650457));
#8010=CARTESIAN_POINT('Ctrl Pts',(-0.258648124121774,-5.37005890324016,
6.25270742539826));
#8011=CARTESIAN_POINT('Ctrl Pts',(-0.265641288147535,-5.37803915857001,
6.21290599933342));
#8012=CARTESIAN_POINT('Ctrl Pts',(-0.22398724203215,-5.39146956761553,6.24975034912859));
#8013=CARTESIAN_POINT('Ctrl Pts',(-0.255216624004762,-5.36563787942605,
6.25089128942001));
#8014=CARTESIAN_POINT('Ctrl Pts',(-0.258155992999913,-5.36949396849572,
6.21038027044255));
#8015=CARTESIAN_POINT('Ctrl Pts',(-0.220006167670373,-5.38438908005924,
6.24975034912859));
#8016=CARTESIAN_POINT('Ctrl Pts',(-0.251316909547016,-5.36052193646935,
6.24975034912859));
#8017=CARTESIAN_POINT('Ctrl Pts',(-0.251316909547016,-5.36052193646935,
6.21038027038843));
#8018=CARTESIAN_POINT('',(0.00155657493107433,-0.00237490239410319,-2.));
#8019=CARTESIAN_POINT('',(0.,5.38444881889764,-3.38444881889764));
#8020=UNCERTAINTY_MEASURE_WITH_UNIT(LENGTH_MEASURE(0.000393700787401575),
#8029,'DISTANCE_ACCURACY_VALUE',
'Maximum model space distance between geometric entities at asserted c
onnectivities');
#8021=UNCERTAINTY_MEASURE_WITH_UNIT(LENGTH_MEASURE(0.000393700787401575),
#8029,'DISTANCE_ACCURACY_VALUE',
'Maximum model space distance between geometric entities at asserted c
onnectivities');
#8022=UNCERTAINTY_MEASURE_WITH_UNIT(LENGTH_MEASURE(0.000393700787401575),
#8029,'DISTANCE_ACCURACY_VALUE',
'Maximum model space distance between geometric entities at asserted c
onnectivities');
#8023=UNCERTAINTY_MEASURE_WITH_UNIT(LENGTH_MEASURE(0.000393700787401575),
#8029,'DISTANCE_ACCURACY_VALUE',
'Maximum model space distance between geometric entities at asserted c
onnectivities');
#8024=(
GEOMETRIC_REPRESENTATION_CONTEXT(3)
GLOBAL_UNCERTAINTY_ASSIGNED_CONTEXT((#8020))
GLOBAL_UNIT_ASSIGNED_CONTEXT((#8029,#8033,#8034))
REPRESENTATION_CONTEXT('','3D')
);
#8025=(
GEOMETRIC_REPRESENTATION_CONTEXT(3)
GLOBAL_UNCERTAINTY_ASSIGNED_CONTEXT((#8021))
GLOBAL_UNIT_ASSIGNED_CONTEXT((#8029,#8033,#8034))
REPRESENTATION_CONTEXT('','3D')
);
#8026=(
GEOMETRIC_REPRESENTATION_CONTEXT(3)
GLOBAL_UNCERTAINTY_ASSIGNED_CONTEXT((#8022))
GLOBAL_UNIT_ASSIGNED_CONTEXT((#8029,#8033,#8034))
REPRESENTATION_CONTEXT('','3D')
);
#8027=(
GEOMETRIC_REPRESENTATION_CONTEXT(3)
GLOBAL_UNCERTAINTY_ASSIGNED_CONTEXT((#8023))
GLOBAL_UNIT_ASSIGNED_CONTEXT((#8029,#8033,#8034))
REPRESENTATION_CONTEXT('','3D')
);
#8028=DIMENSIONAL_EXPONENTS(1.,0.,0.,0.,0.,0.,0.);
#8029=(
CONVERSION_BASED_UNIT('inch',#8032)
LENGTH_UNIT()
NAMED_UNIT(#8028)
);
#8030=(
LENGTH_UNIT()
NAMED_UNIT(*)
SI_UNIT(.MILLI.,.METRE.)
);
#8031=(
LENGTH_UNIT()
NAMED_UNIT(*)
SI_UNIT($,.METRE.)
);
#8032=LENGTH_MEASURE_WITH_UNIT(LENGTH_MEASURE(25.4),#8030);
#8033=(
NAMED_UNIT(*)
PLANE_ANGLE_UNIT()
SI_UNIT($,.RADIAN.)
);
#8034=(
NAMED_UNIT(*)
SI_UNIT($,.STERADIAN.)
SOLID_ANGLE_UNIT()
);
#8035=SHAPE_DEFINITION_REPRESENTATION(#8038,#8043);
#8036=SHAPE_DEFINITION_REPRESENTATION(#8039,#8044);
#8037=SHAPE_DEFINITION_REPRESENTATION(#8040,#8045);
#8038=PRODUCT_DEFINITION_SHAPE('',$,#8047);
#8039=PRODUCT_DEFINITION_SHAPE('',$,#8048);
#8040=PRODUCT_DEFINITION_SHAPE('',$,#8049);
#8041=PRODUCT_DEFINITION_SHAPE($,$,#17);
#8042=PRODUCT_DEFINITION_SHAPE($,$,#18);
#8043=SHAPE_REPRESENTATION('',(#3579,#3989),#8024);
#8044=SHAPE_REPRESENTATION('',(#3580,#3988),#8025);
#8045=SHAPE_REPRESENTATION('',(#3581),#8026);
#8046=PRODUCT_DEFINITION_CONTEXT('part definition',#8057,'design');
#8047=PRODUCT_DEFINITION('9384 odom final','9384 odom final v1',#8050,#8046);
#8048=PRODUCT_DEFINITION('9384 odom v28','9384 odom v28',#8051,#8046);
#8049=PRODUCT_DEFINITION('Sensor plate','Sensor plate',#8052,#8046);
#8050=PRODUCT_DEFINITION_FORMATION('',$,#8059);
#8051=PRODUCT_DEFINITION_FORMATION('',$,#8060);
#8052=PRODUCT_DEFINITION_FORMATION('',$,#8061);
#8053=PRODUCT_RELATED_PRODUCT_CATEGORY('9384 odom final v1',
'9384 odom final v1',(#8059));
#8054=PRODUCT_RELATED_PRODUCT_CATEGORY('9384 odom v28','9384 odom v28',
(#8060));
#8055=PRODUCT_RELATED_PRODUCT_CATEGORY('Sensor plate','Sensor plate',(#8061));
#8056=APPLICATION_PROTOCOL_DEFINITION('international standard',
'automotive_design',2009,#8057);
#8057=APPLICATION_CONTEXT(
'Core Data for Automotive Mechanical Design Process');
#8058=PRODUCT_CONTEXT('part definition',#8057,'mechanical');
#8059=PRODUCT('9384 odom final','9384 odom final v1',$,(#8058));
#8060=PRODUCT('9384 odom v28','9384 odom v28',$,(#8058));
#8061=PRODUCT('Sensor plate','Sensor plate',$,(#8058));
#8062=PRESENTATION_STYLE_ASSIGNMENT((#8064));
#8063=PRESENTATION_STYLE_ASSIGNMENT((#8065));
#8064=SURFACE_STYLE_USAGE(.BOTH.,#8066);
#8065=SURFACE_STYLE_USAGE(.BOTH.,#8067);
#8066=SURFACE_SIDE_STYLE('',(#8068));
#8067=SURFACE_SIDE_STYLE('',(#8069));
#8068=SURFACE_STYLE_FILL_AREA(#8070);
#8069=SURFACE_STYLE_FILL_AREA(#8071);
#8070=FILL_AREA_STYLE('Steel - Satin',(#8072));
#8071=FILL_AREA_STYLE('Opaque(26,26,26)',(#8073));
#8072=FILL_AREA_STYLE_COLOUR('Steel - Satin',#8074);
#8073=FILL_AREA_STYLE_COLOUR('Opaque(26,26,26)',#8075);
#8074=COLOUR_RGB('Steel - Satin',0.627450980392157,0.627450980392157,0.627450980392157);
#8075=COLOUR_RGB('Opaque(26,26,26)',0.101960784313725,0.101960784313725,
0.101960784313725);
ENDSEC;
END-ISO-10303-21;
